Sources and Destinations,Evaporation,Inflow from AC_01,Inflow from AC_02,Inflow from AC_03,Inflow from AC_04,Inflow from AC_05,Inflow from AC_06,Inflow from AC_07,Inflow from AC_08,Inflow from AC_09,Inflow from AC_10,Inflow from AC_11,Inflow from AC_12,Inflow from AC_13,Inflow from AC_14,Inflow from AC_15,Inflow from AC_16,Inflow from AC_17,Inflow from Upstream,Outflow to AC_01,Outflow to AC_02,Outflow to AC_03,Outflow to AC_04,Outflow to AC_05,Outflow to AC_06,Outflow to AC_07,Outflow to AC_08,Outflow to AC_09,Outflow to AC_10,Outflow to AC_11,Outflow to AC_12,Outflow to AC_13,Outflow to AC_14,Outflow to AC_15,Outflow to AC_16,Outflow to AC_17,Outflow to Downstream,Surface Water Inflow
abr-89,-0.215367,0,0,0,0,0,0,0,0,0,0,0,0,0,0,0,0,0,188.775,-0.0225197,-0.00719872,-0.084442,-0.0447217,-0.135376,-0.00396194,-0.0158521,-0.0545441,-0.442084,-0.0268394,-0.0386306,-0.201526,-0.293471,-0.196731,-0.0866663,-0.0506705,-0.508151,-189.797,3.45065
may-89,-3.12904,0,0,0,0,0,0,0,0,0,0,0,0,0,0,0,0,0,204.999,-0.0331607,-0.00806481,-0.0424136,-0.0261393,-1.21679,-0.00224174,0,-0.0294104,-0.481776,-0.0253713,-0.262417,-0.4952,-0.720394,-0.473584,-0.244023,-0.0706446,-0.832533,-204.938,8.03266
jun-89,-2.52958,0,0,0,0,0,0,0,0,0,0,0,0,0,0,0,0,0,192.09,-0.029336,-0.0074642,-0.0508316,-0.0235853,-1.23856,-0.0025308,-0.00422801,-0.0310543,-0.47734,-0.0348955,-0.262506,-0.500787,-0.95496,-0.636961,-0.110228,-0.062657,-0.775538,-192.497,8.14045
jul-89,-6.51321,0,0,0,0,0,0,0,0,0,0,0,0,0,0,0,0,0,293.227,-0.0294403,-0.099624,-0.0388466,-0.0208372,-1.21553,-0.00211026,0,-0.0281457,-0.480801,-0.0362833,-0.262417,-0.500098,-1.11968,-0.847272,-0.362488,-0.0885397,-0.85557,-292.585,11.8582
ago-89,-11.1953,0,0,0,0,0,0,0,0,0,0,0,0,0,0,0,0,0,553.426,-0.0502049,-0.00984658,-0.327395,-0.145707,-0.597726,-0.0145978,-0.1335,-0.229941,-0.497792,-0.0899487,-0.269492,-0.5992,-1.11756,-0.860424,-0.376108,-0.117055,-0.879082,-552.475,16.5602
sept-89,-8.7672,0,0,0,0,0,0,0,0,0,0,0,0,0,0,0,0,0,709.054,-0.0772697,-0.0113174,-0.351049,-0.168967,-0.623647,-0.0148339,-0.1335,-0.255107,-0.521531,-0.117297,-0.269492,-0.5992,-1.10815,-0.872389,-0.385776,-0.111018,-0.867386,-710.063,16.2648
oct-89,-17.6969,0,0,0,0,0,0,0,0,0,0,0,0,0,0,0,0,0,1826.73,-0.253244,-0.46274,-0.46846,-0.272002,-1.80611,-0.0155128,-0.1335,-0.355653,-0.621304,-0.214594,-0.269492,-0.5992,-1.0291,-0.965185,-0.478165,-0.20557,-0.96105,-1829.01,29.0805
nov-89,-26.4388,0,0,0,0,0,0,0,0,0,0,0,0,0,0,0,0,0,2911.8,-0.332891,-0.462783,-0.551772,-0.360723,-1.89731,-0.0155243,-0.1335,-0.445987,-0.711171,-0.316892,-0.269492,-0.5992,-1.03047,-1.06498,-0.577808,-0.313859,-1.0682,-2915.53,40.3255
dic-89,-8.47142,0,0,0,0,0,0,0,0,0,0,0,0,0,0,0,0,0,1053.84,-0.174324,-0.459988,-0.391996,-0.195247,-1.731,-0.014783,-0.1335,-0.28065,-0.5477,-0.153884,-0.269492,-0.5992,-1.03099,-0.900793,-0.415706,-0.139632,-0.895286,-1058.24,21.207
ene-90,-1.52361,0,0,0,0,0,0,0,0,0,0,0,0,0,0,0,0,0,366.609,-0.115959,-0.431441,-0.307873,-0.10753,-1.65989,-0.0106106,-0.124379,-0.220532,-0.488472,-0.0920102,-0.269492,-0.563152,-1.03067,-0.840773,-0.347203,-0.0715519,-0.830658,-370.925,13.3515
feb-90,-1.21529,0,0,0,0,0,0,0,0,0,0,0,0,0,0,0,0,0,295.439,-0.10315,-0.318525,-0.204107,-0.0826876,-1.64583,-0.0090907,-0.046996,-0.112091,-0.483,-0.0715033,-0.263369,-0.54101,-1.02931,-0.767682,-0.243987,-0.0653598,-0.780074,-298.866,11.4095
mar-90,-1.29147,0,0,0,0,0,0,0,0,0,0,0,0,0,0,0,0,0,269.641,-0.0676158,-0.169785,-0.151279,-0.0632791,-1.36829,-0.00680064,-0.0290754,-0.0871335,-0.484747,-0.0565813,-0.262928,-0.523753,-1.0129,-0.70467,-0.146993,-0.054739,-0.767213,-271.993,9.60063
abr-90,-2.54754,0,0,0,0,0,0,0,0,0,0,0,0,0,0,0,0,0,234.75,-0.0539047,-0.115303,-0.105642,-0.04626,-1.30688,-0.00388495,-0.0166917,-0.0591977,-0.480839,-0.0457082,-0.262727,-0.513106,-1.0281,-0.811689,-0.333902,-0.071324,-0.794686,-236.171,10.0178
may-90,-3.81215,0,0,0,0,0,0,0,0,0,0,0,0,0,0,0,0,0,240.537,-0.0421074,-0.0367173,-0.0642258,-0.0322891,-1.25667,-0.00254501,-0.00730722,-0.0398605,-0.480644,-0.039913,-0.262568,-0.503732,-0.999697,-0.814112,-0.345935,-0.0804626,-0.836605,-241.183,10.3035
jun-90,-4.86725,0,0,0,0,0,0,0,0,0,0,0,0,0,0,0,0,0,241.015,-0.0874495,-0.158809,-0.0522039,-0.025499,-1.30955,-0.00208636,-0.00254872,-0.0289062,-0.478396,-0.0351877,-0.262462,-0.499964,-1.05668,-0.834222,-0.347315,-0.0833727,-0.840596,-241.319,11.2763
jul-90,-7.17292,0,0,0,0,0,0,0,0,0,0,0,0,0,0,0,0,0,288.341,-0.0855895,-0.151858,-0.0427886,-0.0234402,-1.41235,-0.00180365,0,-0.0264511,-0.478902,-0.0349721,-0.262417,-0.497304,-1.10805,-0.837318,-0.351647,-0.0947947,-0.858805,-288.136,13.2362
ago-90,-5.45814,0,0,0,0,0,0,0,0,0,0,0,0,0,0,0,0,0,253.465,-0.0330551,-0.0059001,-0.0440963,-0.0242911,-1.53422,-0.00216882,-0.0037289,-0.0267846,-0.477478,-0.0360333,-0.26253,-0.499505,-1.09765,-0.836769,-0.350024,-0.0878077,-0.845735,-253.862,12.0228
sept-90,-6.1866,0,0,0,0,0,0,0,0,0,0,0,0,0,0,0,0,0,277.115,-0.0946797,-0.150594,-0.178351,-0.0351029,-1.63004,-0.00261055,-0.0107683,-0.0359546,-0.476727,-0.0407507,-0.262657,-0.505109,-1.09197,-0.836216,-0.349749,-0.0885792,-0.85072,-277.91,13.622
oct-90,-5.88198,0,0,0,0,0,0,0,0,0,0,0,0,0,0,0,0,0,361.976,-0.129284,-0.448664,-0.332395,-0.133714,-1.66875,-0.00421427,-0.1335,-0.216762,-0.483785,-0.0794028,-0.269492,-0.592284,-1.02904,-0.834551,-0.348899,-0.0850894,-0.841889,-364.157,15.6939
nov-90,-6.38684,0,0,0,0,0,0,0,0,0,0,0,0,0,0,0,0,0,562.745,-0.134866,-0.448664,-0.340507,-0.145454,-1.68321,-0.01178,-0.1335,-0.230323,-0.497664,-0.102077,-0.269492,-0.5992,-1.03047,-0.855142,-0.370068,-0.109217,-0.865628,-566.478,17.9474
dic-90,-1.46879,0,0,0,0,0,0,0,0,0,0,0,0,0,0,0,0,0,239.038,-0.0943708,-0.321624,-0.226753,-0.0856701,-1.4584,-0.00875658,-0.0737236,-0.132546,-0.473339,-0.0760284,-0.264314,-0.569475,-0.993933,-0.802636,-0.336147,-0.0821009,-0.838334,-243.439,12.7074
ene-91,-0.740037,0,0,0,0,0,0,0,0,0,0,0,0,0,0,0,0,0,167.741,-0.0836189,-0.262858,-0.170296,-0.0619039,-1.21947,-0.00852196,-0.0519381,-0.0926364,-0.460956,-0.0494742,-0.166518,-0.477851,-0.623566,-0.502635,-0.297003,-0.0786112,-0.834759,-171.294,9.73536
feb-91,-0.187016,0,0,0,0,0,0,0,0,0,0,0,0,0,0,0,0,0,126.899,-0.0622101,-0.213786,-0.146795,-0.0487269,-1.15796,-0.00771641,-0.0372961,-0.0730742,-0.333484,-0.0370146,-0.1044,-0.489812,-0.520174,-0.388576,-0.18574,-0.0702642,-0.810642,-129.852,7.82786
mar-91,-0.204504,0,0,0,0,0,0,0,0,0,0,0,0,0,0,0,0,0,122.413,-0.0481873,-0.16844,-0.12932,-0.0434918,-1.09383,-0.00628091,-0.0290754,-0.0639708,-0.419771,-0.0292656,-0.074516,-0.331585,-0.455539,-0.32966,-0.138532,-0.0535999,-0.727803,-124.765,6.69959
abr-91,-1.11199,0,0,0,0,0,0,0,0,0,0,0,0,0,0,0,0,0,135.965,-0.0386139,-0.0913483,-0.0873976,-0.0303361,-1.28799,-0.00333281,-0.0162719,-0.0417555,-0.464837,-0.0261984,-0.262716,-0.512614,-0.435571,-0.292908,-0.0855339,-0.05294,-0.754153,-137.414,7.04529
may-91,-3.32673,0,0,0,0,0,0,0,0,0,0,0,0,0,0,0,0,0,202.262,-0.0339873,-0.0943501,-0.0402843,-0.0222653,-1.2151,-0.00149368,0,-0.0266977,-0.479162,-0.0349373,-0.262417,-0.4952,-1.10163,-0.726739,-0.199484,-0.0645939,-0.771002,-202.049,8.68289
jun-91,-15.892,0,0,0,0,0,0,0,0,0,0,0,0,0,0,0,0,0,558.78,-0.0510287,-0.0078946,-0.324414,-0.129289,-1.64776,-0.00229241,-0.1335,-0.215847,-0.484187,-0.076969,-0.269492,-0.592034,-1.11526,-0.851147,-0.370814,-0.143805,-0.922718,-556.391,20.841
jul-91,-16.47,0,0,0,0,0,0,0,0,0,0,0,0,0,0,0,0,0,843.767,-0.0640442,-0.0107463,-0.337656,-0.155524,-0.614512,-0.0147274,-0.1335,-0.246065,-0.512785,-0.118962,-0.269492,-0.5992,-1.10762,-0.878733,-0.39296,-0.16984,-0.932317,-843.328,22.5895
ago-91,-11.4306,0,0,0,0,0,0,0,0,0,0,0,0,0,0,0,0,0,640.323,-0.0622903,-0.0103169,-0.334831,-0.152227,-0.606847,-0.0145306,-0.1335,-0.237914,-0.504365,-0.101758,-0.269492,-0.5992,-1.03088,-0.85885,-0.371928,-0.13277,-0.889225,-640.867,18.2854
sept-91,-20.188,0,0,0,0,0,0,0,0,0,0,0,0,0,0,0,0,0,1245.88,-0.181557,-0.464575,-0.399345,-0.200129,-1.73496,-0.0160718,-0.1335,-0.285982,-0.552028,-0.147855,-0.269492,-0.5992,-1.10863,-0.90503,-0.417851,-0.196999,-0.957518,-1245.99,28.8659
oct-91,-22.2663,0,0,0,0,0,0,0,0,0,0,0,0,0,0,0,0,0,1820.2,-0.214819,-0.361667,-0.43907,-0.244688,-1.78555,-0.0159178,-0.1335,-0.335692,-0.601523,-0.208791,-0.269492,-0.5992,-1.02904,-0.965314,-0.478334,-0.250421,-1.00731,-1822.4,33.4057
nov-91,-44.2847,0,0,0,0,0,0,0,0,0,0,0,0,0,0,0,0,0,4342.47,-0.426481,-0.476942,-0.658082,-0.470776,-2.00615,-0.0192764,-0.1335,-0.557453,-0.821523,-0.425848,-0.269492,-0.5992,-1.03047,-1.17981,-0.691484,-0.495856,-1.2484,-4346.2,59.5261
dic-91,-36.9352,0,0,0,0,0,0,0,0,0,0,0,0,0,0,0,0,0,3659.28,-0.365224,-0.475768,-0.597593,-0.41043,-1.94491,-0.0189777,-0.1335,-0.496603,-0.761514,-0.367732,-0.269492,-0.5992,-1.04017,-1.12091,-0.633622,-0.430016,-1.18277,-3663.7,52.2043
ene-92,-21.4715,0,0,0,0,0,0,0,0,0,0,0,0,0,0,0,0,0,2129.04,-0.246222,-0.468342,-0.471552,-0.280439,-1.81438,-0.0169984,-0.1335,-0.365388,-0.631537,-0.238025,-0.269492,-0.5992,-1.03067,-0.988244,-0.502243,-0.27128,-1.0255,-2133.36,35.1391
feb-92,-9.57203,0,0,0,0,0,0,0,0,0,0,0,0,0,0,0,0,0,808.461,-0.143953,-0.461997,-0.362556,-0.167979,-1.70166,-0.0153158,-0.1335,-0.252099,-0.519023,-0.124033,-0.269492,-0.5992,-1.02925,-0.872194,-0.386706,-0.137157,-0.892689,-811.781,20.9614
mar-92,-7.45736,0,0,0,0,0,0,0,0,0,0,0,0,0,0,0,0,0,423.649,-0.116372,-0.458566,-0.331062,-0.13552,-1.66898,-0.0144527,-0.1335,-0.219011,-0.486093,-0.0886707,-0.269492,-0.5992,-1.09031,-0.837183,-0.351692,-0.0979449,-0.857791,-426.045,17.6099
abr-92,-12.6176,0,0,0,0,0,0,0,0,0,0,0,0,0,0,0,0,0,632.646,-0.111518,-0.461591,-0.335274,-0.140138,-1.67887,-0.0162949,-0.1335,-0.235534,-0.504807,-0.109641,-0.269492,-0.5992,-1.10754,-0.862167,-0.375558,-0.131486,-0.891396,-633.583,21.5185
may-92,-14.4781,0,0,0,0,0,0,0,0,0,0,0,0,0,0,0,0,0,586.95,-0.113171,-0.458026,-0.329119,-0.135188,-1.67425,-0.0143618,-0.1335,-0.224342,-0.491452,-0.0977975,-0.269492,-0.5992,-1.1094,-0.854682,-0.369169,-0.134933,-0.898523,-586.385,21.8204
jun-92,-38.204,0,0,0,0,0,0,0,0,0,0,0,0,0,0,0,0,0,1986.26,-0.0694182,-0.0132049,-0.360467,-0.188722,-0.659517,-0.015558,-0.1335,-0.292423,-0.56047,-0.169632,-0.269492,-0.5992,-1.18275,-1.01748,-0.538671,-0.377177,-1.14999,-1983.12,42.6605
jul-92,-16.4088,0,0,0,0,0,0,0,0,0,0,0,0,0,0,0,0,0,883.385,-0.0698296,-0.0139108,-0.34601,-0.163592,-0.618223,-0.015479,-0.1335,-0.250075,-0.516324,-0.114636,-0.269492,-0.5992,-1.04468,-0.875576,-0.388354,-0.181169,-0.937055,-883.746,23.3065
ago-92,-19.4566,0,0,0,0,0,0,0,0,0,0,0,0,0,0,0,0,0,750,-0.122778,-0.462599,-0.339964,-0.140062,-1.6775,-0.0155607,-0.1335,-0.228835,-0.496065,-0.0934257,-0.269492,-0.5992,-1.11048,-0.859157,-0.375893,-0.178444,-0.948188,-748.968,26.4763
sept-92,-24.5337,0,0,0,0,0,0,0,0,0,0,0,0,0,0,0,0,0,1601.24,-0.108362,-0.0147027,-0.388955,-0.213508,-0.673179,-0.0157131,-0.1335,-0.304835,-0.570731,-0.178363,-0.269492,-0.5992,-1.09552,-0.944191,-0.456802,-0.266245,-1.02396,-1602.09,32.6396
oct-92,-32.4309,0,0,0,0,0,0,0,0,0,0,0,0,0,0,0,0,0,2692.57,-0.291261,-0.471463,-0.515034,-0.319672,-1.85385,-0.017826,-0.1335,-0.405202,-0.670351,-0.265583,-0.269492,-0.5992,-1.02908,-1.03345,-0.545723,-0.355448,-1.10948,-2694.81,44.558
nov-92,-47.1133,0,0,0,0,0,0,0,0,0,0,0,0,0,0,0,0,0,4159.66,-0.392702,-0.476016,-0.624539,-0.437684,-1.97379,-0.0190354,-0.1335,-0.525189,-0.789494,-0.395471,-0.269492,-0.5992,-1.05089,-1.15882,-0.670479,-0.518779,-1.27103,-4162.96,61.7198
dic-92,-28.2757,0,0,0,0,0,0,0,0,0,0,0,0,0,0,0,0,0,2517.25,-0.265744,-0.468132,-0.491285,-0.301289,-1.83745,-0.0169427,-0.1335,-0.388175,-0.654149,-0.261169,-0.269492,-0.5992,-1.03099,-1.01554,-0.529309,-0.341538,-1.0953,-2521.65,42.3748
ene-93,-14.4962,0,0,0,0,0,0,0,0,0,0,0,0,0,0,0,0,0,1251.42,-0.169161,-0.466301,-0.392206,-0.19864,-1.73252,-0.0164571,-0.1335,-0.283812,-0.550778,-0.155873,-0.269492,-0.5992,-1.03067,-0.907813,-0.422616,-0.200111,-0.955044,-1255.73,27.2947
feb-93,-8.66751,0,0,0,0,0,0,0,0,0,0,0,0,0,0,0,0,0,671.779,-0.130318,-0.463079,-0.349374,-0.154391,-1.6876,-0.0155894,-0.1335,-0.238467,-0.505555,-0.109047,-0.269492,-0.5992,-1.02931,-0.859166,-0.37388,-0.129312,-0.884927,-675.205,20.0259
mar-93,-6.18828,0,0,0,0,0,0,0,0,0,0,0,0,0,0,0,0,0,354.275,-0.105112,-0.410061,-0.323745,-0.128174,-1.6457,-0.00809216,-0.1335,-0.212642,-0.4797,-0.0810858,-0.269492,-0.54398,-1.02849,-0.831351,-0.345695,-0.0966365,-0.852862,-356.626,16.0363
abr-93,-13.3456,0,0,0,0,0,0,0,0,0,0,0,0,0,0,0,0,0,620.759,-0.108006,-0.462849,-0.334665,-0.138823,-1.67945,-0.015671,-0.1335,-0.232453,-0.499737,-0.103571,-0.269492,-0.5992,-1.10832,-0.856674,-0.370452,-0.136699,-0.899251,-621.734,22.2699
may-93,-34.3797,0,0,0,0,0,0,0,0,0,0,0,0,0,0,0,0,0,2189.36,-0.140647,-0.480068,-0.414554,-0.221445,-1.78211,-0.0219474,-0.1335,-0.350098,-0.622607,-0.228268,-0.269492,-0.5992,-1.14731,-1.04626,-0.560264,-0.334873,-1.09916,-2188.32,42.7918
jun-93,-20.2401,0,0,0,0,0,0,0,0,0,0,0,0,0,0,0,0,0,1212.23,-0.0731368,-0.0176557,-0.357111,-0.182341,-0.642708,-0.0164942,-0.1335,-0.275387,-0.54138,-0.151516,-0.269492,-0.5992,-1.05045,-0.916947,-0.429343,-0.215239,-0.973338,-1212.48,27.3295
jul-93,-14.186,0,0,0,0,0,0,0,0,0,0,0,0,0,0,0,0,0,529.829,-0.115856,-0.463843,-0.333506,-0.132391,-1.66816,-0.015871,-0.1335,-0.219653,-0.486442,-0.0837388,-0.269492,-0.5992,-1.10834,-0.844761,-0.358772,-0.133924,-0.89566,-529.639,21.8587
ago-93,-15.1336,0,0,0,0,0,0,0,0,0,0,0,0,0,0,0,0,0,760.538,-0.062082,-0.0133297,-0.341712,-0.149385,-1.69072,-0.0153763,-0.1335,-0.2414,-0.507821,-0.115543,-0.269492,-0.5992,-1.10794,-0.873128,-0.386225,-0.15169,-0.914856,-760.612,22.7809
sept-93,-14.0589,0,0,0,0,0,0,0,0,0,0,0,0,0,0,0,0,0,807.23,-0.127943,-0.0889997,-0.351132,-0.153344,-1.69332,-0.0158143,-0.1335,-0.244309,-0.510807,-0.118988,-0.269492,-0.5992,-1.05663,-0.878567,-0.391797,-0.155533,-0.913491,-808.343,22.8746
oct-93,-17.2848,0,0,0,0,0,0,0,0,0,0,0,0,0,0,0,0,0,1354.21,-0.180626,-0.468708,-0.405723,-0.206907,-1.74442,-0.0170953,-0.1335,-0.296148,-0.562394,-0.168024,-0.269492,-0.5992,-1.0291,-0.923177,-0.436577,-0.20132,-0.956874,-1356.49,28.1555
nov-93,-20.5061,0,0,0,0,0,0,0,0,0,0,0,0,0,0,0,0,0,1938.26,-0.228969,-0.468026,-0.453339,-0.261086,-1.79816,-0.0169145,-0.1335,-0.349202,-0.615354,-0.220798,-0.269492,-0.5992,-1.03047,-0.974937,-0.488665,-0.253307,-1.00825,-1941.99,33.4083
dic-93,-12.5446,0,0,0,0,0,0,0,0,0,0,0,0,0,0,0,0,0,1219.04,-0.173291,-0.464831,-0.394743,-0.201616,-1.73653,-0.0160672,-0.1335,-0.287394,-0.554377,-0.158562,-0.269492,-0.5992,-1.03099,-0.908441,-0.423277,-0.181158,-0.936401,-1223.43,25.4141
ene-94,-6.36842,0,0,0,0,0,0,0,0,0,0,0,0,0,0,0,0,0,518.075,-0.116888,-0.461854,-0.335113,-0.139929,-1.67361,-0.015278,-0.1335,-0.224323,-0.491884,-0.0955128,-0.269492,-0.5992,-1.03067,-0.844135,-0.359575,-0.117183,-0.872945,-522.39,18.4636
feb-94,-3.08444,0,0,0,0,0,0,0,0,0,0,0,0,0,0,0,0,0,277.633,-0.0978825,-0.420861,-0.273388,-0.0776517,-1.6426,-0.00999452,-0.0674786,-0.206261,-0.476144,-0.0787235,-0.269492,-0.54101,-1.02931,-0.829974,-0.335014,-0.0831205,-0.839197,-281.059,13.7885
mar-94,-2.77331,0,0,0,0,0,0,0,0,0,0,0,0,0,0,0,0,0,250.118,-0.0899269,-0.263193,-0.146579,-0.0588064,-1.46574,-0.00730979,-0.0290754,-0.0820767,-0.47974,-0.0548279,-0.262928,-0.523753,-1.02849,-0.750192,-0.334254,-0.0806649,-0.83705,-252.469,11.6194
abr-94,-3.29777,0,0,0,0,0,0,0,0,0,0,0,0,0,0,0,0,0,247.159,-0.0485327,-0.131128,-0.101704,-0.0441038,-1.30456,-0.004297,-0.0162719,-0.0590287,-0.481947,-0.0472968,-0.262716,-0.512614,-1.02808,-0.831427,-0.335153,-0.0793792,-0.836194,-248.538,10.8015
may-94,-4.36565,0,0,0,0,0,0,0,0,0,0,0,0,0,0,0,0,0,240.545,-0.0339559,-0.0226951,-0.0507608,-0.0269272,-1.24122,-0.00278157,-0.0036507,-0.0333053,-0.480382,-0.0374568,-0.262482,-0.499684,-0.959849,-0.760448,-0.346155,-0.0818516,-0.840769,-241.011,10.5166
jun-94,-6.32144,0,0,0,0,0,0,0,0,0,0,0,0,0,0,0,0,0,278.611,-0.0314046,-0.00802392,-0.0407235,-0.0230251,-1.22004,-0.00214195,0,-0.0284918,-0.480729,-0.0365228,-0.262417,-0.495459,-1.00757,-0.774606,-0.347516,-0.0936812,-0.856832,-278.624,12.0442
jul-94,-7.4734,0,0,0,0,0,0,0,0,0,0,0,0,0,0,0,0,0,326.223,-0.032435,-0.00701376,-0.040078,-0.0238066,-1.21798,-0.00194225,0,-0.0301209,-0.48263,-0.0378656,-0.262417,-0.497437,-1.03068,-0.786708,-0.352387,-0.105601,-0.867553,-325.974,13.0011
ago-94,-5.98126,0,0,0,0,0,0,0,0,0,0,0,0,0,0,0,0,0,335.422,-0.0395647,-0.00705457,-0.202904,-0.0478228,-0.560479,-0.00282782,-0.00860425,-0.175005,-0.48534,-0.0772754,-0.262638,-0.504148,-1.05523,-0.835387,-0.348858,-0.0946304,-0.851468,-335.979,12.098
sept-94,-5.62796,0,0,0,0,0,0,0,0,0,0,0,0,0,0,0,0,0,338.113,-0.108936,-0.307777,-0.207566,-0.0520784,-1.64285,-0.00375747,-0.0179053,-0.058837,-0.487808,-0.0496847,-0.262858,-0.513595,-1.02834,-0.834437,-0.348345,-0.0896781,-0.848833,-339.429,13.8074
oct-94,-7.16795,0,0,0,0,0,0,0,0,0,0,0,0,0,0,0,0,0,493.107,-0.135071,-0.455171,-0.344663,-0.146009,-1.68152,-0.0135055,-0.1335,-0.230316,-0.497214,-0.0929375,-0.269492,-0.5992,-1.02908,-0.842926,-0.357128,-0.0979494,-0.854503,-495.368,17.2099
nov-94,-10.4187,0,0,0,0,0,0,0,0,0,0,0,0,0,0,0,0,0,1032.21,-0.172879,-0.454998,-0.38446,-0.189121,-1.72648,-0.0134598,-0.1335,-0.27482,-0.541716,-0.146618,-0.269492,-0.5992,-1.03047,-0.893973,-0.408511,-0.150385,-0.906353,-1035.95,22.4474
dic-94,-2.69067,0,0,0,0,0,0,0,0,0,0,0,0,0,0,0,0,0,315.817,-0.109452,-0.429386,-0.321539,-0.126704,-1.65154,-0.00964722,-0.1335,-0.211301,-0.479044,-0.082542,-0.269492,-0.569475,-1.03099,-0.829819,-0.34442,-0.0842106,-0.840423,-320.217,14.6136
ene-95,-4.33755,0,0,0,0,0,0,0,0,0,0,0,0,0,0,0,0,0,461.211,-0.108626,-0.455485,-0.333628,-0.13776,-1.67963,-0.0136163,-0.1335,-0.229574,-0.497492,-0.0990961,-0.269492,-0.5992,-1.11192,-0.845263,-0.360899,-0.0946667,-0.852358,-465.672,16.6208
feb-95,-1.64686,0,0,0,0,0,0,0,0,0,0,0,0,0,0,0,0,0,220.028,-0.0795213,-0.252012,-0.186858,-0.0665727,-1.41566,-0.00850987,-0.046996,-0.101689,-0.472703,-0.0622881,-0.263369,-0.54101,-0.90291,-0.684804,-0.335014,-0.0808505,-0.83695,-223.454,11.4102
mar-95,-0.841205,0,0,0,0,0,0,0,0,0,0,0,0,0,0,0,0,0,142.799,-0.0513906,-0.167717,-0.131945,-0.0446767,-1.22954,-0.00608911,-0.0290754,-0.065273,-0.450404,-0.033145,-0.074516,-0.331585,-0.455539,-0.369253,-0.271754,-0.0752373,-0.831677,-145.15,7.81122
abr-95,-1.5937,0,0,0,0,0,0,0,0,0,0,0,0,0,0,0,0,0,132.539,-0.0349922,-0.0790454,-0.0797996,-0.0270962,-1.27981,-0.0027454,-0.0145926,-0.037572,-0.463916,-0.0256697,-0.262683,-0.510646,-0.301012,-0.227039,-0.124433,-0.0722414,-0.832965,-133.819,7.24971
may-95,-1.6571,0,0,0,0,0,0,0,0,0,0,0,0,0,0,0,0,0,147.734,-0.033231,-0.0337163,-0.0526931,-0.0214804,-1.24576,-0.00202952,-0.00690094,-0.0285844,-0.469492,-0.0282096,-0.262568,-0.503375,-0.478835,-0.35394,-0.0429193,-0.0620318,-0.749395,-148.383,6.68126
jun-95,-3.02695,0,0,0,0,0,0,0,0,0,0,0,0,0,0,0,0,0,165.258,-0.0271691,-0.00426311,-0.031896,-0.0154213,-1.20885,-0.00123197,0,-0.0203027,-0.472819,-0.0286799,-0.262417,-0.4952,-0.698024,-0.462314,-0.270148,-0.070836,-0.831711,-165.2,7.87017
jul-95,-4.97338,0,0,0,0,0,0,0,0,0,0,0,0,0,0,0,0,0,195.045,-0.0271691,-0.00254563,-0.0303556,-0.0134989,-1.20758,-0.000723253,0,-0.0184804,-0.470946,-0.0260585,-0.262417,-0.496905,-0.593135,-0.493069,-0.345976,-0.0810657,-0.848053,-194.9,9.74587
ago-95,-3.97576,0,0,0,0,0,0,0,0,0,0,0,0,0,0,0,0,0,173.923,-0.0284441,-0.00178696,-0.0343028,-0.0119132,-1.22352,-0.000920796,-0.00332262,-0.0169391,-0.467166,-0.0234324,-0.262508,-0.498553,-0.495891,-0.361624,-0.333593,-0.0834722,-0.84412,-174.272,9.01649
sept-95,-3.24178,0,0,0,0,0,0,0,0,0,0,0,0,0,0,0,0,0,225.298,-0.0517152,-0.0559495,-0.0768284,-0.0334799,-1.26503,-0.00259264,-0.0128674,-0.0409171,-0.478437,-0.0403241,-0.262724,-0.508183,-0.848183,-0.58486,-0.288015,-0.0785053,-0.837762,-226.294,9.704
oct-95,-2.21396,0,0,0,0,0,0,0,0,0,0,0,0,0,0,0,0,0,257.151,-0.0828413,-0.145893,-0.138851,-0.0579459,-1.33971,-0.00534921,-0.0341783,-0.0769947,-0.480961,-0.054576,-0.263265,-0.52995,-0.779718,-0.659854,-0.337713,-0.0780413,-0.834859,-259.446,10.4095
nov-95,-1.68099,0,0,0,0,0,0,0,0,0,0,0,0,0,0,0,0,0,300.885,-0.110486,-0.256833,-0.20548,-0.0869367,-1.42216,-0.00696299,-0.0615873,-0.121139,-0.483538,-0.0718988,-0.26405,-0.558282,-0.894154,-0.681131,-0.335723,-0.0810142,-0.839139,-304.69,11.9658
dic-95,-0.518605,0,0,0,0,0,0,0,0,0,0,0,0,0,0,0,0,0,166.763,-0.0766823,-0.228943,-0.139458,-0.0534615,-0.908583,-0.00742486,-0.0430988,-0.0786638,-0.396679,-0.0465471,-0.140641,-0.377419,-0.493482,-0.419045,-0.262867,-0.0769172,-0.833202,-169.772,8.11046
ene-96,-0.00840471,0,0,0,0,0,0,0,0,0,0,0,0,0,0,0,0,0,125.578,-0.061566,-0.19725,-0.112399,-0.0431438,-0.767537,-0.00667071,-0.0324943,-0.0618807,-0.300587,-0.0344789,-0.104217,-0.29448,-0.390238,-0.294278,-0.13369,-0.055151,-0.672986,-127.92,5.91312
feb-96,-0.00713477,0,0,0,0,0,0,0,0,0,0,0,0,0,0,0,0,0,101.856,-0.0478771,-0.164203,-0.105156,-0.0369513,-0.795783,-0.00633479,-0.0255146,-0.053337,-0.231466,-0.0278042,-0.07143,-0.262152,-0.355635,-0.261519,-0.110619,-0.0269556,-0.359401,-103.817,4.91041
mar-96,-0.00839624,0,0,0,0,0,0,0,0,0,0,0,0,0,0,0,0,0,96.8791,-0.0393577,-0.13303,-0.0975498,-0.0342451,-0.80079,-0.00509312,-0.0212367,-0.0488507,-0.194464,-0.0248231,-0.054429,-0.242008,-0.332453,-0.239126,-0.0997563,-0.0152849,-0.296206,-98.6231,4.43107
abr-96,-0.844021,0,0,0,0,0,0,0,0,0,0,0,0,0,0,0,0,0,105.274,-0.0278588,-0.0684093,-0.0705276,-0.0229189,-1.18149,-0.00260243,-0.0129133,-0.0317846,-0.461478,-0.0167809,-0.26266,-0.176,-0.275904,-0.147456,-0.0671315,-0.0516287,-0.745165,-106.385,5.57768
may-96,-0.91515,0,0,0,0,0,0,0,0,0,0,0,0,0,0,0,0,0,100.737,-0.0243478,-0.0330849,-0.0432917,-0.0124978,-1.13727,-0.00163254,-0.00690094,-0.0194428,-0.460432,-0.018242,-0.262568,-0.179936,-0.154389,-0.105427,-0.0338544,-0.0522935,-0.738761,-101.463,4.92551
jun-96,-1.48161,0,0,0,0,0,0,0,0,0,0,0,0,0,0,0,0,0,99.2987,-0.0184899,-0.00175148,-0.0207159,-0.00387256,-1.19949,-0.000520064,0,-0.00803567,-0.460557,-0.0152985,-0.262417,-0.4952,-0.0744765,-0.018799,-0.00816996,-0.0520776,-0.742576,-99.3716,4.93696
jul-96,-3.45594,0,0,0,0,0,0,0,0,0,0,0,0,0,0,0,0,0,124.406,-0.0183865,-0.00290149,-0.0220249,-0.00560801,-1.20022,-0.000867016,0,-0.0115321,-0.464372,-0.0194669,-0.262417,-0.4952,-0.369411,-0.244219,-0.322787,-0.0730448,-0.83858,-123.843,7.24334
ago-96,-3.50273,0,0,0,0,0,0,0,0,0,0,0,0,0,0,0,0,0,210.81,-0.0215886,-0.003287,-0.0290695,-0.0240503,-0.150208,-0.00126855,-0.0016975,-0.0289983,-0.481324,-0.0366481,-0.262465,-0.497006,-0.960359,-0.634792,-0.248429,-0.0778542,-0.8389,-211.002,7.99282
sept-96,-1.76768,0,0,0,0,0,0,0,0,0,0,0,0,0,0,0,0,0,154.109,-0.0411872,-0.036632,-0.0754061,-0.0311146,-0.579347,-0.00286605,-0.0191648,-0.039096,-0.428999,-0.0217731,-0.0594227,-0.208762,-0.274151,-0.33785,-0.34752,-0.0794748,-0.836459,-155.405,6.48291
oct-96,-0.34496,0,0,0,0,0,0,0,0,0,0,0,0,0,0,0,0,0,162.379,-0.0656862,-0.138424,-0.117423,-0.0472649,-0.787142,-0.00477361,-0.0323941,-0.0626248,-0.291792,-0.0374013,-0.101443,-0.316847,-0.42784,-0.328689,-0.0971501,-0.0737107,-0.831065,-164.556,6.28417
nov-96,-0.00471607,0,0,0,0,0,0,0,0,0,0,0,0,0,0,0,0,0,106.381,-0.055128,-0.160691,-0.092111,-0.0366243,-0.602451,-0.00459508,-0.0292724,-0.0522122,-0.26808,-0.0302126,-0.0958133,-0.258387,-0.335572,-0.255556,-0.115918,-0.0530258,-0.565851,-108.366,5.00043
dic-96,-0.00189584,0,0,0,0,0,0,0,0,0,0,0,0,0,0,0,0,0,70.2981,-0.0396417,-0.159005,-0.0686663,-0.026057,-0.448585,-0.00544006,-0.0212914,-0.0377791,-0.194993,-0.0207768,-0.069539,-0.186604,-0.243993,-0.183168,-0.0764129,-0.0396104,-0.337509,-71.7809,3.64383
ene-97,-0.00139018,0,0,0,0,0,0,0,0,0,0,0,0,0,0,0,0,0,62.6645,-0.0322846,-0.144562,-0.0573015,-0.0221273,-0.388526,-0.00552779,-0.0164556,-0.0314252,-0.152186,-0.0173765,-0.0527155,-0.148947,-0.197375,-0.145149,-0.0544575,-0.024627,-0.225101,-63.8539,2.90691
feb-97,-0.00189368,0,0,0,0,0,0,0,0,0,0,0,0,0,0,0,0,0,51.8754,-0.0255531,-0.115526,-0.0533753,-0.018836,-0.402018,-0.00510806,-0.0128863,-0.0268246,-0.116761,-0.0139069,-0.0360949,-0.132378,-0.17958,-0.130946,-0.0511006,-0.011832,-0.157892,-52.9048,2.52193
mar-97,-0.00852729,0,0,0,0,0,0,0,0,0,0,0,0,0,0,0,0,0,61.835,-0.0230827,-0.0859921,-0.0538243,-0.0198822,-0.447244,-0.003753,-0.0117376,-0.027508,-0.107748,-0.0135989,-0.0309491,-0.137616,-0.189049,-0.139202,-0.0712704,-0.0154907,-0.296154,-62.9116,2.75922
abr-97,-0.00402121,0,0,0,0,0,0,0,0,0,0,0,0,0,0,0,0,0,53.9162,-0.0220716,-0.0691409,-0.0530343,-0.0182148,-0.475901,-0.00193524,-0.0112602,-0.0252919,-0.102516,-0.0134862,-0.0280354,-0.142576,-0.193824,-0.137754,-0.057049,-0.00904381,-0.170742,-54.8782,2.49782
may-97,-2.38875,0,0,0,0,0,0,0,0,0,0,0,0,0,0,0,0,0,72.7034,-0.0142563,-0.00136637,-0.0162855,-0.0030528,-0.992178,-0.000415829,0,-0.00489579,-0.39591,-0.00532168,-0.262417,-0.115715,-0.0746075,-0.04845,-0.20591,-0.0687503,-0.837666,-72.2748,5.00732
jun-97,-59.1081,0,0,0,0,0,0,0,0,0,0,0,0,0,0,0,0,0,4005.41,-0.0670413,-0.0475351,-0.480611,-0.301379,-0.814827,-0.031317,-0.1335,-0.49869,-0.786638,-0.376622,-0.269492,-0.5992,-1.23381,-1.26188,-0.78322,-0.579238,-1.36111,-4001.39,64.7044
jul-97,-14.6129,0,0,0,0,0,0,0,0,0,0,0,0,0,0,0,0,0,538.21,-0.0484463,-0.00100397,-0.312191,-0.129271,-0.585325,-0.0121124,-0.1335,-0.214388,-0.481124,-0.0836957,-0.269492,-0.5992,-1.10782,-0.844125,-0.357507,-0.15022,-0.914251,-538.188,20.8349
ago-97,-50.5197,0,0,0,0,0,0,0,0,0,0,0,0,0,0,0,0,0,3050.03,-0.164098,-0.0334411,-0.455511,-0.260806,-1.82665,-0.0234556,-0.1335,-0.39854,-0.672444,-0.268939,-0.269492,-0.5992,-1.16216,-1.10999,-0.627011,-0.498173,-1.26976,-3047.79,58.0552
sept-97,-43.957,0,0,0,0,0,0,0,0,0,0,0,0,0,0,0,0,0,2983.18,-0.186044,-0.0333437,-0.481832,-0.302895,-0.761367,-0.0206212,-0.1335,-0.396929,-0.661847,-0.272214,-0.269492,-0.5992,-1.08297,-1.06721,-0.578513,-0.464866,-1.21971,-2983.99,53.2966
oct-97,-46.4511,0,0,0,0,0,0,0,0,0,0,0,0,0,0,0,0,0,3115.18,-0.280412,-0.48267,-0.516412,-0.320368,-1.85497,-0.0208855,-0.1335,-0.409631,-0.67467,-0.27156,-0.269492,-0.5992,-1.10956,-1.06481,-0.576329,-0.475582,-1.23451,-3116.25,57.8169
nov-97,-80.2491,0,0,0,0,0,0,0,0,0,0,0,0,0,0,0,0,0,6947.68,-0.580703,-0.496698,-0.83146,-0.648342,-2.185,-0.024518,-0.1335,-0.7397,-1.00194,-0.607492,-0.269492,-0.5992,-1.03042,-1.40417,-0.91356,-0.860265,-1.6111,-6951.45,97.9533
dic-97,-137.42,0,0,0,0,0,0,0,0,0,0,0,0,0,0,0,0,0,10911.9,-0.835857,-0.515926,-1.10477,-0.928098,-2.45882,-0.0296174,-0.1335,-1.01587,-1.27557,-0.880239,-0.269492,-0.5992,-1.03099,-1.68326,-1.19035,-1.45521,-2.19774,-10916.3,159.423
ene-98,-88.5945,0,0,0,0,0,0,0,0,0,0,0,0,0,0,0,0,0,7512.53,-0.606736,-0.501108,-0.865699,-0.683623,-2.21766,-0.0256877,-0.1335,-0.773238,-1.03531,-0.648289,-0.269492,-0.5992,-1.03067,-1.44017,-0.949651,-0.956138,-1.70351,-7516.85,107.35
feb-98,-31.5756,0,0,0,0,0,0,0,0,0,0,0,0,0,0,0,0,0,2517.98,-0.248288,-0.471153,-0.478605,-0.287478,-1.82322,-0.0177413,-0.1335,-0.374849,-0.640552,-0.252618,-0.269492,-0.5992,-1.02931,-1.02448,-0.537538,-0.362259,-1.11554,-2521.35,44.615
mar-98,-13.8113,0,0,0,0,0,0,0,0,0,0,0,0,0,0,0,0,0,757.489,-0.11782,-0.467641,-0.34234,-0.146704,-1.68066,-0.0168124,-0.1335,-0.23275,-0.499608,-0.103376,-0.269492,-0.5992,-1.02849,-0.869506,-0.383469,-0.167561,-0.923077,-759.838,24.1427
abr-98,-16.026,0,0,0,0,0,0,0,0,0,0,0,0,0,0,0,0,0,838.042,-0.142611,-0.452244,-0.351151,-0.157173,-1.69221,-0.012745,-0.1335,-0.240221,-0.506792,-0.111756,-0.269492,-0.5992,-1.07727,-0.872768,-0.38604,-0.170397,-0.927888,-839.125,25.2132
may-98,-13.009,0,0,0,0,0,0,0,0,0,0,0,0,0,0,0,0,0,506.169,-0.116786,-0.448684,-0.322631,-0.127909,-1.66589,-0.01181,-0.1335,-0.213179,-0.479872,-0.086092,-0.269492,-0.5992,-1.05975,-0.845806,-0.358974,-0.133903,-0.891793,-506.825,21.4297
jun-98,-13.2072,0,0,0,0,0,0,0,0,0,0,0,0,0,0,0,0,0,433.618,-0.102634,-0.452708,-0.312817,-0.117984,-1.65775,-0.0129093,-0.1335,-0.206289,-0.473037,-0.0803726,-0.269492,-0.5992,-1.10719,-0.843041,-0.356102,-0.128726,-0.887285,-433.776,21.1062
jul-98,-11.5411,0,0,0,0,0,0,0,0,0,0,0,0,0,0,0,0,0,502.36,-0.0455545,-0.00922036,-0.320767,-0.128694,-1.66909,-0.0142251,-0.1335,-0.218647,-0.485226,-0.0918892,-0.269492,-0.5992,-1.02785,-0.849754,-0.362854,-0.128663,-0.885078,-502.871,19.2925
ago-98,-8.29548,0,0,0,0,0,0,0,0,0,0,0,0,0,0,0,0,0,308.107,-0.0923054,-0.390966,-0.206005,-0.0289821,-1.63141,-0.00353977,-0.1335,-0.202597,-0.469407,-0.0769318,-0.269492,-0.506886,-1.02802,-0.83439,-0.347841,-0.106566,-0.863163,-308.974,16.3546
sept-98,-6.85172,0,0,0,0,0,0,0,0,0,0,0,0,0,0,0,0,0,265.502,-0.0886877,-0.393879,-0.214091,-0.0348481,-1.63056,-0.00421274,-0.1335,-0.200905,-0.467878,-0.073496,-0.269492,-0.512734,-1.05895,-0.834634,-0.348285,-0.0936686,-0.851885,-266.808,15.3693
oct-98,-5.98413,0,0,0,0,0,0,0,0,0,0,0,0,0,0,0,0,0,287.663,-0.097468,-0.404392,-0.311624,-0.116645,-1.63653,-0.00658225,-0.1335,-0.203764,-0.470934,-0.0753397,-0.269492,-0.58093,-1.0291,-0.834885,-0.349168,-0.0905206,-0.84715,-289.93,15.7088
nov-98,-3.58174,0,0,0,0,0,0,0,0,0,0,0,0,0,0,0,0,0,255.179,-0.086624,-0.385439,-0.261123,-0.0692916,-1.63477,-0.00845064,-0.0615873,-0.1466,-0.469807,-0.0739488,-0.26405,-0.565637,-1.03047,-0.836321,-0.351435,-0.0910167,-0.847586,-258.913,14.4995
dic-98,-1.13002,0,0,0,0,0,0,0,0,0,0,0,0,0,0,0,0,0,191.319,-0.0820696,-0.302085,-0.19849,-0.0715843,-1.3684,-0.0100905,-0.0651495,-0.114369,-0.468097,-0.0622037,-0.212735,-0.560628,-0.746437,-0.625689,-0.336147,-0.081082,-0.837325,-195.386,11.3395
ene-99,-0.431617,0,0,0,0,0,0,0,0,0,0,0,0,0,0,0,0,0,156.949,-0.0749309,-0.245835,-0.151867,-0.0562033,-1.07682,-0.00894087,-0.0457742,-0.0841423,-0.416167,-0.0467266,-0.146823,-0.414894,-0.549774,-0.417832,-0.199132,-0.0769758,-0.83314,-160.149,8.47749
feb-99,-0.0520837,0,0,0,0,0,0,0,0,0,0,0,0,0,0,0,0,0,120.926,-0.0574565,-0.207806,-0.139697,-0.0471368,-1.09167,-0.00822297,-0.0351154,-0.0706609,-0.31587,-0.0358312,-0.0983187,-0.36084,-0.48952,-0.361123,-0.15655,-0.05342,-0.686908,-123.627,6.96905
mar-99,-0.123092,0,0,0,0,0,0,0,0,0,0,0,0,0,0,0,0,0,132.858,-0.0451732,-0.161626,-0.126194,-0.0453994,-1.07513,-0.00694745,-0.0282629,-0.0663064,-0.300191,-0.0333393,-0.074516,-0.331585,-0.470365,-0.328194,-0.13708,-0.0511356,-0.62285,-135.268,6.43651
abr-99,-1.01705,0,0,0,0,0,0,0,0,0,0,0,0,0,0,0,0,0,132.334,-0.0336527,-0.089089,-0.0842668,-0.0290022,-1.28337,-0.00408977,-0.0150124,-0.0406039,-0.465642,-0.0257121,-0.262705,-0.511138,-0.300941,-0.205296,-0.0774107,-0.0525762,-0.751075,-133.686,6.60112
may-99,-2.29965,0,0,0,0,0,0,0,0,0,0,0,0,0,0,0,0,0,147.906,-0.0258697,-0.0254974,-0.0457102,-0.0185388,-1.23573,-0.0028536,-0.00446326,-0.0248219,-0.470698,-0.0279381,-0.262492,-0.500518,-0.714723,-0.492737,-0.0809211,-0.0688415,-0.803807,-148.406,7.60662
jun-99,-4.57417,0,0,0,0,0,0,0,0,0,0,0,0,0,0,0,0,0,199.239,-0.0254112,-0.00808046,-0.0339465,-0.0175277,-1.21118,-0.00221838,0,-0.0235889,-0.476129,-0.0319152,-0.262417,-0.4952,-0.899032,-0.694583,-0.339371,-0.077455,-0.840476,-199.035,9.80827
jul-99,-4.91054,0,0,0,0,0,0,0,0,0,0,0,0,0,0,0,0,0,254.31,-0.0252054,-0.00740208,-0.0476293,-0.0353514,-0.435213,-0.00237923,-0.00543622,-0.0357681,-0.481145,-0.0387459,-0.262567,-0.502318,-1.04194,-0.832342,-0.340681,-0.0862133,-0.845739,-254.733,10.3594
ago-99,-7.28135,0,0,0,0,0,0,0,0,0,0,0,0,0,0,0,0,0,285.725,-0.0260302,-0.0066714,-0.0335973,-0.017746,-1.21238,-0.00189554,0,-0.0246965,-0.477568,-0.0254467,-0.262417,-0.498936,-0.761799,-0.610984,-0.355546,-0.101716,-0.868667,-285.1,11.942
sept-99,-12.7876,0,0,0,0,0,0,0,0,0,0,0,0,0,0,0,0,0,634.711,-0.0598115,-0.0100347,-0.338258,-0.155659,-0.606741,-0.0145789,-0.1335,-0.238366,-0.505187,-0.0970565,-0.269492,-0.5992,-1.10975,-0.852115,-0.366264,-0.131049,-0.89507,-634.453,18.9124
oct-99,-19.0804,0,0,0,0,0,0,0,0,0,0,0,0,0,0,0,0,0,1641.22,-0.154022,-0.0104217,-0.425708,-0.246158,-0.699845,-0.0145631,-0.1335,-0.330089,-0.595966,-0.191775,-0.269492,-0.5992,-1.05152,-0.943323,-0.456464,-0.218924,-0.978539,-1642.81,27.9874
nov-99,-16.8053,0,0,0,0,0,0,0,0,0,0,0,0,0,0,0,0,0,1628.09,-0.231758,-0.455019,-0.440723,-0.24413,-1.77933,-0.0134653,-0.1335,-0.327146,-0.593512,-0.189344,-0.269492,-0.5992,-1.03042,-0.937547,-0.451582,-0.214766,-0.970215,-1631.77,29.3695
dic-99,-4.22687,0,0,0,0,0,0,0,0,0,0,0,0,0,0,0,0,0,454.112,-0.127735,-0.452279,-0.337244,-0.139094,-1.67454,-0.0127386,-0.1335,-0.222723,-0.490352,-0.0948126,-0.269492,-0.5992,-1.03099,-0.840551,-0.356066,-0.0962655,-0.852384,-458.514,16.3588
ene-00,-1.19874,0,0,0,0,0,0,0,0,0,0,0,0,0,0,0,0,0,219.295,-0.0943569,-0.317943,-0.225788,-0.0809378,-1.45685,-0.00882519,-0.0694917,-0.124902,-0.468846,-0.0700144,-0.264134,-0.563152,-0.843753,-0.662132,-0.335913,-0.0818974,-0.838013,-223.611,12.0221
feb-00,-0.601964,0,0,0,0,0,0,0,0,0,0,0,0,0,0,0,0,0,176.81,-0.0731705,-0.21767,-0.160619,-0.0572375,-1.24039,-0.0070855,-0.0397716,-0.0828031,-0.35942,-0.0464201,-0.111325,-0.408581,-0.554272,-0.443581,-0.203712,-0.0770127,-0.833146,-179.815,8.52368
mar-00,-0.24211,0,0,0,0,0,0,0,0,0,0,0,0,0,0,0,0,0,141.335,-0.0554378,-0.164999,-0.13322,-0.0472119,-1.13239,-0.00536832,-0.0290754,-0.0668712,-0.451987,-0.033067,-0.074516,-0.331585,-0.455539,-0.327994,-0.136882,-0.0526854,-0.746887,-143.686,6.83938
abr-00,-2.12464,0,0,0,0,0,0,0,0,0,0,0,0,0,0,0,0,0,162.146,-0.0536202,-0.195283,-0.14346,-0.0581311,-0.715789,-0.00543103,-0.057405,-0.0915559,-0.206488,-0.0383325,-0.115882,-0.257656,-0.453861,-0.359502,-0.15082,-0.0367357,-0.36128,-163.39,6.66969
may-00,-4.58657,0,0,0,0,0,0,0,0,0,0,0,0,0,0,0,0,0,158.662,-0.04949,-0.194312,-0.139232,-0.0544451,-0.713751,-0.000358808,-0.057405,-0.0899449,-0.204701,-0.0342574,-0.115882,-0.250899,-0.476232,-0.357814,-0.148869,-0.0417387,-0.372361,-158.803,8.02976
jun-00,-15.9819,0,0,0,0,0,0,0,0,0,0,0,0,0,0,0,0,0,707.673,-0.0332178,-0.00739489,-0.177504,-0.0838135,-0.858673,-0.00680149,-0.06675,-0.134434,-0.269678,-0.0717356,-0.134746,-0.2996,-0.557115,-0.462607,-0.227677,-0.137814,-0.540184,-704.89,17.2682
jul-00,-9.53529,0,0,0,0,0,0,0,0,0,0,0,0,0,0,0,0,0,583.478,-0.0451085,-0.00528839,-0.182202,-0.0917083,-0.32167,-0.00710137,-0.06675,-0.137255,-0.270676,-0.0753221,-0.134746,-0.2996,-0.553751,-0.452954,-0.210005,-0.099218,-0.479434,-585.738,15.2275
ago-00,-6.86228,0,0,0,0,0,0,0,0,0,0,0,0,0,0,0,0,0,406.521,-0.0557486,-0.00788993,-0.325717,-0.12565,-0.573383,-0.00316139,-0.1335,-0.225299,-0.491883,-0.0796124,-0.269492,-0.506886,-1.05706,-0.831732,-0.333915,-0.0977191,-0.853389,-407.73,14.0425
sept-00,-19.561,0,0,0,0,0,0,0,0,0,0,0,0,0,0,0,0,0,943.112,-0.127636,-0.459609,-0.359886,-0.159097,-1.70585,-0.0139088,-0.1335,-0.255354,-0.522097,-0.116711,-0.269492,-0.5992,-1.10782,-0.884535,-0.399015,-0.184697,-0.949589,-944.558,29.2557
oct-00,-38.7171,0,0,0,0,0,0,0,0,0,0,0,0,0,0,0,0,0,3453.91,-0.260982,-0.0320357,-0.556874,-0.384306,-0.842039,-0.017226,-0.1335,-0.47346,-0.737936,-0.343417,-0.269492,-0.5992,-1.08524,-1.1136,-0.625071,-0.427285,-1.18083,-3456.19,50.0747
nov-00,-38.4849,0,0,0,0,0,0,0,0,0,0,0,0,0,0,0,0,0,3689.87,-0.38027,-0.471606,-0.605261,-0.41313,-1.94737,-0.0162946,-0.1335,-0.496314,-0.760995,-0.357633,-0.269492,-0.5992,-1.10659,-1.12418,-0.636418,-0.436738,-1.18985,-3693.83,53.3897
dic-00,-34.2907,0,0,0,0,0,0,0,0,0,0,0,0,0,0,0,0,0,3318.92,-0.333583,-0.47832,-0.568279,-0.378997,-1.91334,-0.015471,-0.1335,-0.461842,-0.72708,-0.33246,-0.269492,-0.5992,-1.1081,-1.09197,-0.604968,-0.403035,-1.15606,-3323.78,49.7266
ene-01,-10.631,0,0,0,0,0,0,0,0,0,0,0,0,0,0,0,0,0,965.202,-0.158403,-0.454572,-0.370636,-0.176896,-1.71162,-0.0132705,-0.1335,-0.259968,-0.527172,-0.134028,-0.269492,-0.5992,-1.10779,-0.886736,-0.401751,-0.160674,-0.916001,-969.583,23.2944
feb-01,-4.06193,0,0,0,0,0,0,0,0,0,0,0,0,0,0,0,0,0,302.315,-0.108297,-0.412554,-0.317094,-0.0823075,-1.64402,-0.00779153,-0.1335,-0.205487,-0.472905,-0.0762674,-0.269492,-0.54101,-1.1052,-0.829974,-0.335014,-0.0900116,-0.84602,-305.672,14.8957
mar-01,-3.7552,0,0,0,0,0,0,0,0,0,0,0,0,0,0,0,0,0,249.81,-0.0968226,-0.340475,-0.208653,-0.0560957,-1.63412,-0.00552065,-0.0278566,-0.074206,-0.473842,-0.0506215,-0.262928,-0.523753,-1.0748,-0.791324,-0.334254,-0.0845649,-0.840911,-252.165,12.9904
abr-01,-7.91718,0,0,0,0,0,0,0,0,0,0,0,0,0,0,0,0,0,542.838,-0.0638037,-0.181917,-0.148311,-0.0725027,-0.690471,-0.00524386,-0.0534,-0.109692,-0.216349,-0.065935,-0.107797,-0.23968,-0.44306,-0.376744,-0.182395,-0.0925214,-0.397444,-544.167,12.6944
may-01,-6.39835,0,0,0,0,0,0,0,0,0,0,0,0,0,0,0,0,0,237.03,-0.073154,-0.272352,-0.199104,-0.0805846,-0.990165,-0.000599626,-0.0801,-0.128708,-0.288946,-0.0462978,-0.161695,-0.34632,-0.665026,-0.498912,-0.207495,-0.0582733,-0.518673,-236.911,10.8961
jun-01,-5.45204,0,0,0,0,0,0,0,0,0,0,0,0,0,0,0,0,0,271.35,-0.0388545,-0.00194399,-0.152132,-0.0313722,-1.63334,-0.0010755,-0.00464783,-0.0343081,-0.479885,-0.0406522,-0.262518,-0.501279,-1.0579,-0.747276,-0.333669,-0.0903167,-0.846252,-271.809,12.1679
jul-01,-18.8163,0,0,0,0,0,0,0,0,0,0,0,0,0,0,0,0,0,708.065,-0.103857,-0.456376,-0.332543,-0.132785,-1.68094,-0.0134401,-0.1335,-0.231176,-0.499488,-0.0957395,-0.269492,-0.5992,-1.11088,-0.864931,-0.385655,-0.155852,-0.940947,-712.307,31.0651
ago-01,-21.4061,0,0,0,0,0,0,0,0,0,0,0,0,0,0,0,0,0,1279.52,-0.0857987,-0.0137682,-0.366468,-0.19116,-0.651625,-0.0147501,-0.1335,-0.282967,-0.549373,-0.157663,-0.269492,-0.5992,-1.10692,-0.916387,-0.430051,-0.217487,-0.982148,-1280.4,29.2518
sept-01,-17.8238,0,0,0,0,0,0,0,0,0,0,0,0,0,0,0,0,0,1274.8,-0.112766,-0.0121009,-0.386833,-0.205829,-0.660282,-0.0149641,-0.1335,-0.291245,-0.55724,-0.154882,-0.269492,-0.5992,-1.07348,-0.912873,-0.425716,-0.1986,-0.956264,-1276.5,26.4873
oct-01,-29.4781,0,0,0,0,0,0,0,0,0,0,0,0,0,0,0,0,0,2681.31,-0.304959,-0.472106,-0.529347,-0.33431,-1.86816,-0.0163277,-0.1335,-0.417933,-0.682906,-0.277635,-0.269492,-0.5992,-1.0765,-1.03497,-0.547163,-0.31902,-1.07504,-2683.84,41.9625
nov-01,-39.3276,0,0,0,0,0,0,0,0,0,0,0,0,0,0,0,0,0,3976.53,-0.402996,-0.470371,-0.629409,-0.442007,-1.97917,-0.0169318,-0.1335,-0.528418,-0.792778,-0.399487,-0.269492,-0.5992,-1.10659,-1.1549,-0.666824,-0.445263,-1.19836,-3980.4,54.4355
dic-01,-26.9575,0,0,0,0,0,0,0,0,0,0,0,0,0,0,0,0,0,2806.74,-0.299561,-0.476666,-0.533184,-0.343849,-1.87873,-0.0157467,-0.1335,-0.427855,-0.693786,-0.300129,-0.269492,-0.5992,-1.1081,-1.04909,-0.56252,-0.328214,-1.08199,-2811.15,41.4682
ene-02,-8.08405,0,0,0,0,0,0,0,0,0,0,0,0,0,0,0,0,0,817.77,-0.14574,-0.459348,-0.362481,-0.168289,-1.70282,-0.0145894,-0.1335,-0.252555,-0.520186,-0.126413,-0.269492,-0.5992,-1.10779,-0.875278,-0.390406,-0.134687,-0.890275,-822.097,20.5638
feb-02,-4.86962,0,0,0,0,0,0,0,0,0,0,0,0,0,0,0,0,0,408.097,-0.118015,-0.457225,-0.33116,-0.135746,-1.6689,-0.0140503,-0.1335,-0.218419,-0.486294,-0.0893576,-0.269492,-0.5992,-1.1052,-0.838646,-0.353565,-0.0905617,-0.846564,-411.275,15.8038
mar-02,-4.44663,0,0,0,0,0,0,0,0,0,0,0,0,0,0,0,0,0,294.785,-0.106073,-0.404327,-0.319529,-0.0765562,-1.64318,-0.0067418,-0.1335,-0.208925,-0.476554,-0.07761,-0.269492,-0.523753,-1.0748,-0.830695,-0.334254,-0.081711,-0.838086,-296.96,14.0271
abr-02,-6.93763,0,0,0,0,0,0,0,0,0,0,0,0,0,0,0,0,0,287.701,-0.0998451,-0.391269,-0.313925,-0.118618,-1.63513,-0.00346711,-0.1335,-0.204649,-0.471944,-0.0760049,-0.269492,-0.511841,-1.08043,-0.832301,-0.346045,-0.0880204,-0.846431,-288.94,15.5993
may-02,-22.6043,0,0,0,0,0,0,0,0,0,0,0,0,0,0,0,0,0,1057.74,-0.104474,-0.466266,-0.346237,-0.152341,-1.70449,-0.0169625,-0.1335,-0.264518,-0.535602,-0.140013,-0.269492,-0.5992,-1.10841,-0.898368,-0.415941,-0.206839,-0.979853,-1057.64,30.853
jun-02,-40.3408,0,0,0,0,0,0,0,0,0,0,0,0,0,0,0,0,0,2157.93,-0.0836555,-0.0354907,-0.387678,-0.216186,-0.681209,-0.0156571,-0.1335,-0.314047,-0.581782,-0.192452,-0.269492,-0.5992,-1.14347,-1.00597,-0.526513,-0.388449,-1.17192,-2159.78,49.9356
jul-02,-34.2936,0,0,0,0,0,0,0,0,0,0,0,0,0,0,0,0,0,1952.4,-0.0889412,-0.0295296,-0.391384,-0.210778,-0.673531,-0.0156007,-0.1335,-0.305867,-0.572771,-0.171515,-0.269492,-0.5992,-1.17432,-1.00757,-0.524269,-0.339247,-1.11158,-1950.89,40.4042
ago-02,-39.0731,0,0,0,0,0,0,0,0,0,0,0,0,0,0,0,0,0,2663.97,-0.15393,-0.0450621,-0.461202,-0.281799,-0.736647,-0.0193794,-0.1335,-0.371644,-0.637205,-0.235004,-0.269492,-0.5992,-1.16696,-1.07488,-0.587544,-0.395648,-1.16053,-2663.58,47.0071
sept-02,-32.0717,0,0,0,0,0,0,0,0,0,0,0,0,0,0,0,0,0,2538.98,-0.167518,-0.0511927,-0.4805,-0.300815,-0.755159,-0.0196981,-0.1335,-0.389865,-0.654878,-0.253392,-0.269492,-0.5992,-1.12076,-1.03937,-0.551001,-0.34571,-1.10138,-2540.16,41.4838
oct-02,-42.9674,0,0,0,0,0,0,0,0,0,0,0,0,0,0,0,0,0,3746.6,-0.371571,-0.48224,-0.605798,-0.412812,-1.9467,-0.0120885,-0.1335,-0.491449,-0.755742,-0.351613,-0.269492,-0.5992,-1.11097,-1.12626,-0.637627,-0.463161,-1.21608,-3749.08,56.4368
nov-02,-73.8668,0,0,0,0,0,0,0,0,0,0,0,0,0,0,0,0,0,6795.87,-0.607602,-0.482743,-0.844702,-0.664514,-2.19918,-0.01178,-0.1335,-0.741134,-1.00391,-0.609524,-0.269492,-0.5992,-1.10659,-1.38474,-0.894369,-0.797749,-1.54724,-6799.39,91.2762
dic-02,-78.1075,0,0,0,0,0,0,0,0,0,0,0,0,0,0,0,0,0,7084.1,-0.588964,-0.51371,-0.858384,-0.677938,-2.21118,-0.0226691,-0.1335,-0.763831,-1.0264,-0.633687,-0.269492,-0.5992,-1.1081,-1.40638,-0.916234,-0.850099,-1.59865,-7088.72,96.9113
ene-03,-41.9708,0,0,0,0,0,0,0,0,0,0,0,0,0,0,0,0,0,3705.28,-0.339681,-0.482551,-0.580396,-0.392386,-1.92732,-0.0199914,-0.1335,-0.480165,-0.745167,-0.355956,-0.269492,-0.5992,-1.10779,-1.12416,-0.636805,-0.480408,-1.23254,-3709.86,57.4636
feb-03,-18.7951,0,0,0,0,0,0,0,0,0,0,0,0,0,0,0,0,0,1488.42,-0.18157,-0.46753,-0.406273,-0.212972,-1.74713,-0.0167831,-0.1335,-0.298573,-0.56506,-0.171943,-0.269492,-0.5992,-1.1052,-0.932702,-0.44668,-0.232644,-0.987225,-1491.9,31.045
mar-03,-11.85,0,0,0,0,0,0,0,0,0,0,0,0,0,0,0,0,0,788.565,-0.138519,-0.462237,-0.356703,-0.161668,-1.69471,-0.0153793,-0.1335,-0.245245,-0.511978,-0.114142,-0.269492,-0.5992,-1.10762,-0.870111,-0.384068,-0.147303,-0.903022,-790.971,22.3711
abr-03,-11.1245,0,0,0,0,0,0,0,0,0,0,0,0,0,0,0,0,0,571.079,-0.118876,-0.459196,-0.334594,-0.139821,-1.67518,-0.014573,-0.1335,-0.225059,-0.491784,-0.0971946,-0.269492,-0.5992,-1.05897,-0.854025,-0.367584,-0.127177,-0.883515,-572.503,20.3985
may-03,-17.3215,0,0,0,0,0,0,0,0,0,0,0,0,0,0,0,0,0,756.355,-0.11697,-0.462469,-0.339654,-0.145657,-1.68522,-0.014713,-0.1335,-0.235619,-0.502712,-0.108324,-0.269492,-0.5992,-1.11121,-0.870641,-0.385806,-0.157096,-0.926934,-755.659,24.6908
jun-03,-19.648,0,0,0,0,0,0,0,0,0,0,0,0,0,0,0,0,0,1152.07,-0.0716178,-0.0129852,-0.351197,-0.176478,-0.636551,-0.0149735,-0.1335,-0.268034,-0.534404,-0.142509,-0.269492,-0.5992,-1.12177,-0.919057,-0.43219,-0.204313,-0.964566,-1151.96,26.3891
jul-03,-16.8429,0,0,0,0,0,0,0,0,0,0,0,0,0,0,0,0,0,907.02,-0.0698906,-0.011495,-0.344031,-0.161692,-0.61603,-0.014779,-0.1335,-0.247408,-0.513805,-0.110806,-0.269492,-0.5992,-1.13159,-0.895895,-0.408801,-0.174033,-0.9364,-907.07,23.5322
ago-03,-13.5968,0,0,0,0,0,0,0,0,0,0,0,0,0,0,0,0,0,761.896,-0.129832,-0.0106966,-0.351985,-0.154205,-1.69044,-0.0146113,-0.1335,-0.240186,-0.506585,-0.103866,-0.269492,-0.5992,-1.12217,-0.87739,-0.390262,-0.147289,-0.906284,-762.77,22.1188
sept-03,-13.3381,0,0,0,0,0,0,0,0,0,0,0,0,0,0,0,0,0,856.636,-0.121296,-0.368528,-0.293696,-0.133812,-1.3676,-0.0118769,-0.1068,-0.207452,-0.420603,-0.112503,-0.215594,-0.47936,-0.894672,-0.728871,-0.339423,-0.148899,-0.754017,-858.11,21.5165
oct-03,-22.0372,0,0,0,0,0,0,0,0,0,0,0,0,0,0,0,0,0,2216.66,-0.237633,-0.326843,-0.393395,-0.260153,-1.3369,-0.0113185,-0.09345,-0.321332,-0.506732,-0.232182,-0.188644,-0.41944,-0.777709,-0.762707,-0.421344,-0.250952,-0.778868,-2218.98,31.6794
nov-03,-20.4709,0,0,0,0,0,0,0,0,0,0,0,0,0,0,0,0,0,2267.02,-0.232666,-0.281351,-0.368343,-0.256027,-1.17825,-0.00959028,-0.0801,-0.307377,-0.466472,-0.23305,-0.161695,-0.35952,-0.666211,-0.687436,-0.395285,-0.247915,-0.700051,-2270.28,30.3665
dic-03,-9.19524,0,0,0,0,0,0,0,0,0,0,0,0,0,0,0,0,0,1095.66,-0.12934,-0.232084,-0.240241,-0.144424,-0.911549,-0.00777354,-0.06675,-0.186321,-0.319837,-0.124852,-0.134746,-0.2996,-0.55567,-0.501412,-0.258733,-0.130226,-0.507359,-1098.66,16.9479
ene-04,-4.25463,0,0,0,0,0,0,0,0,0,0,0,0,0,0,0,0,0,576.336,-0.0915694,-0.201906,-0.183794,-0.0965235,-0.785682,-0.005301,-0.060075,-0.131643,-0.252168,-0.0742103,-0.121271,-0.26964,-0.500051,-0.413199,-0.195179,-0.0764326,-0.416085,-579.082,10.8752
feb-04,-3.72613,0,0,0,0,0,0,0,0,0,0,0,0,0,0,0,0,0,495.371,-0.0739869,-0.191299,-0.165102,-0.0850767,-0.712708,-0.00631934,-0.054735,-0.118312,-0.228046,-0.0650448,-0.110492,-0.245672,-0.455128,-0.37487,-0.176211,-0.0671683,-0.376564,-497.732,9.59412
mar-04,-3.52987,0,0,0,0,0,0,0,0,0,0,0,0,0,0,0,0,0,414.317,-0.0637258,-0.172884,-0.146113,-0.0737404,-0.640033,-0.00570955,-0.049395,-0.103709,-0.20262,-0.0552481,-0.099712,-0.221704,-0.410311,-0.334968,-0.155896,-0.0578453,-0.338668,-416.308,8.65223
abr-04,-5.91731,0,0,0,0,0,0,0,0,0,0,0,0,0,0,0,0,0,402.994,-0.0659869,-0.182525,-0.152203,-0.0735598,-0.686492,-0.00509174,-0.0534,-0.105713,-0.212445,-0.0525465,-0.107797,-0.23968,-0.443568,-0.355631,-0.161778,-0.0613916,-0.373605,-404.087,10.344
may-04,-4.69379,0,0,0,0,0,0,0,0,0,0,0,0,0,0,0,0,0,291.076,-0.0598533,-0.179466,-0.141997,-0.0636058,-0.677274,-0.004712,-0.0534,-0.0960469,-0.202676,-0.0445728,-0.107797,-0.23968,-0.440372,-0.346389,-0.151838,-0.0525791,-0.356771,-291.791,8.62792
jun-04,-6.49837,0,0,0,0,0,0,0,0,0,0,0,0,0,0,0,0,0,245.548,-0.0624942,-0.225197,-0.166192,-0.0678263,-0.835119,-0.00593,-0.06675,-0.108857,-0.242357,-0.0428928,-0.134746,-0.2996,-0.553804,-0.42008,-0.177616,-0.0576016,-0.441804,-245.407,10.2662
jul-04,-8.33283,0,0,0,0,0,0,0,0,0,0,0,0,0,0,0,0,0,346.493,-0.0366482,-0.00100266,-0.183403,-0.039571,-0.562187,-0.0001,-0.0277607,-0.214231,-0.485254,-0.0777255,-0.269492,-0.500897,-1.10798,-0.832056,-0.348121,-0.0948366,-0.866494,-346.14,13.6274
ago-04,-11.8047,0,0,0,0,0,0,0,0,0,0,0,0,0,0,0,0,0,496.68,-0.0461715,-0.00211266,-0.308963,-0.0422377,-0.564953,-0.00012,-0.1335,-0.216998,-0.484121,-0.0759957,-0.269492,-0.499336,-1.11835,-0.851138,-0.366327,-0.132653,-0.895773,-496.142,17.2743
sept-04,-10.5658,0,0,0,0,0,0,0,0,0,0,0,0,0,0,0,0,0,696.639,-0.0707362,-0.00156132,-0.282007,-0.136701,-0.502587,-0.009434,-0.1068,-0.205109,-0.418237,-0.0982747,-0.215594,-0.47936,-0.870393,-0.704946,-0.315492,-0.122454,-0.730084,-697.564,16.7608
oct-04,-7.08155,0,0,0,0,0,0,0,0,0,0,0,0,0,0,0,0,0,547.026,-0.111201,-0.315206,-0.254197,-0.114846,-1.19086,-0.008246,-0.09345,-0.173712,-0.360624,-0.0793987,-0.188644,-0.41944,-0.773396,-0.606977,-0.267129,-0.0975662,-0.627079,-549.349,15.0872
nov-04,-10.0915,0,0,0,0,0,0,0,0,0,0,0,0,0,0,0,0,0,1052.16,-0.11388,-0.18268,-0.200018,-0.123646,-0.740785,-0.004732,-0.0534,-0.159078,-0.265891,-0.115027,-0.107797,-0.23968,-0.444577,-0.418153,-0.223948,-0.131057,-0.43322,-1054.62,16.5095
dic-04,-3.10204,0,0,0,0,0,0,0,0,0,0,0,0,0,0,0,0,0,496.933,-0.0905395,-0.229082,-0.197467,-0.0986097,-0.863787,-0.0060661,-0.06675,-0.137346,-0.271391,-0.0697947,-0.134746,-0.2996,-0.55567,-0.442147,-0.200061,-0.0683008,-0.445812,-499.952,10.298
ene-05,-0.550968,0,0,0,0,0,0,0,0,0,0,0,0,0,0,0,0,0,191.545,-0.0705482,-0.260413,-0.189284,-0.0742666,-0.962019,-0.0068324,-0.07743,-0.119547,-0.276875,-0.0434325,-0.156305,-0.347536,-0.644658,-0.482621,-0.202062,-0.0472957,-0.485474,-195.177,8.62977
feb-05,-2.40178,0,0,0,0,0,0,0,0,0,0,0,0,0,0,0,0,0,252.678,-0.0641796,-0.260225,-0.182485,-0.0683875,-0.956015,-0.0068324,-0.07743,-0.113605,-0.273991,-0.0417821,-0.156305,-0.347536,-0.643374,-0.497519,-0.216764,-0.061713,-0.499797,-253.461,7.6525
mar-05,-3.22782,0,0,0,0,0,0,0,0,0,0,0,0,0,0,0,0,0,240.137,-0.0669928,-0.270659,-0.190901,-0.0724312,-0.990708,-0.007078,-0.0801,-0.119222,-0.284155,-0.0429752,-0.161695,-0.35952,-0.663664,-0.509653,-0.218866,-0.0593521,-0.512915,-240.085,7.78627
abr-05,-4.13368,0,0,0,0,0,0,0,0,0,0,0,0,0,0,0,0,0,234.03,-0.0572816,-0.228875,-0.162189,-0.0625834,-0.845315,-0.0060478,-0.068085,-0.10458,-0.243113,-0.0429252,-0.137441,-0.305592,-0.564668,-0.435813,-0.188088,-0.0566459,-0.442593,-234.333,8.38823
may-05,-6.29302,0,0,0,0,0,0,0,0,0,0,0,0,0,0,0,0,0,267.973,-0.0577639,-0.20301,-0.15171,-0.06381,-0.754487,-0.005381,-0.060075,-0.100944,-0.221101,-0.0444099,-0.121271,-0.26964,-0.498417,-0.384064,-0.165402,-0.0569417,-0.402633,-267.986,9.86659
jun-05,-7.75961,0,0,0,0,0,0,0,0,0,0,0,0,0,0,0,0,0,380.419,-0.0632366,-0.00170775,-0.31982,-0.0477844,-1.65097,-0.00009,-0.1335,-0.221495,-0.488476,-0.0797755,-0.269492,-0.4952,-1.10665,-0.830482,-0.333283,-0.0903575,-0.851458,-380.158,14.4826
jul-05,-9.62763,0,0,0,0,0,0,0,0,0,0,0,0,0,0,0,0,0,495.081,-0.0596173,-0.00001,-0.321978,-0.139381,-0.59723,-0.0118,-0.1335,-0.225684,-0.49219,-0.0979376,-0.269492,-0.5992,-1.09045,-0.849717,-0.362897,-0.1081,-0.866447,-495.519,16.2914
ago-05,-11.8511,0,0,0,0,0,0,0,0,0,0,0,0,0,0,0,0,0,449.17,-0.120015,-0.403641,-0.328464,-0.129456,-1.64568,-0.00026,-0.1335,-0.21691,-0.484408,-0.0815737,-0.269492,-0.582932,-1.10755,-0.840529,-0.356594,-0.109915,-0.877193,-450.297,20.6663
sept-05,-19.4896,0,0,0,0,0,0,0,0,0,0,0,0,0,0,0,0,0,1364.61,-0.118371,-0.000699,-0.383279,-0.206885,-0.666511,-0.01187,-0.1335,-0.294525,-0.560518,-0.166622,-0.269492,-0.5992,-1.1028,-0.926066,-0.438612,-0.21022,-0.968369,-1366.83,28.7709
oct-05,-31.3271,0,0,0,0,0,0,0,0,0,0,0,0,0,0,0,0,0,2696.91,-0.318688,-0.454292,-0.525356,-0.330923,-1.86523,-0.01179,-0.1335,-0.410506,-0.675586,-0.271046,-0.269492,-0.5992,-1.07417,-1.02785,-0.539926,-0.339197,-1.09349,-2699.47,43.8293
nov-05,-68.0316,0,0,0,0,0,0,0,0,0,0,0,0,0,0,0,0,0,6397.9,-0.597988,-0.470025,-0.822268,-0.641724,-2.17672,-0.0124838,-0.1335,-0.719603,-0.982069,-0.58681,-0.269492,-0.5992,-1.10584,-1.34712,-0.857,-0.731693,-1.48443,-6401.58,85.2517
dic-05,-51.7773,0,0,0,0,0,0,0,0,0,0,0,0,0,0,0,0,0,5283.81,-0.528087,-0.453923,-0.738931,-0.557041,-2.09195,-0.0118041,-0.1335,-0.635041,-0.898608,-0.506994,-0.269492,-0.5992,-1.1081,-1.26202,-0.773322,-0.581393,-1.33269,-5288.29,68.7329
ene-06,-20.4222,0,0,0,0,0,0,0,0,0,0,0,0,0,0,0,0,0,2058.8,-0.258174,-0.448761,-0.465638,-0.274808,-1.80995,-0.01178,-0.1335,-0.355833,-0.622158,-0.231649,-0.269492,-0.5992,-1.10779,-0.983523,-0.49757,-0.260574,-1.0149,-2063.03,33.9929
feb-06,-9.4185,0,0,0,0,0,0,0,0,0,0,0,0,0,0,0,0,0,828.343,-0.155948,-0.455743,-0.368055,-0.173505,-1.70681,-0.01178,-0.1335,-0.253703,-0.520625,-0.125446,-0.269492,-0.5992,-1.1052,-0.874737,-0.389295,-0.132321,-0.887906,-831.335,20.5738
mar-06,-5.69003,0,0,0,0,0,0,0,0,0,0,0,0,0,0,0,0,0,355.077,-0.122601,-0.448664,-0.328024,-0.132868,-1.66748,-0.01178,-0.1335,-0.214727,-0.481844,-0.0839176,-0.269492,-0.5992,-1.0748,-0.831978,-0.346317,-0.0847272,-0.841072,-357.404,15.6895
abr-06,-6.45774,0,0,0,0,0,0,0,0,0,0,0,0,0,0,0,0,0,298.401,-0.107665,-0.388117,-0.315788,-0.121266,-1.63858,-0.00219691,-0.1335,-0.205343,-0.472316,-0.0773379,-0.269492,-0.534511,-1.05753,-0.832011,-0.345812,-0.0882692,-0.844999,-299.775,15.2662
may-06,-6.82422,0,0,0,0,0,0,0,0,0,0,0,0,0,0,0,0,0,283.641,-0.101508,-0.378432,-0.203887,-0.0352154,-1.63665,-0.000928477,-0.1335,-0.205646,-0.472436,-0.0765289,-0.269492,-0.503851,-1.05684,-0.832346,-0.341747,-0.0897096,-0.84639,-284.254,14.6222
jun-06,-12.5617,0,0,0,0,0,0,0,0,0,0,0,0,0,0,0,0,0,400.717,-0.103732,-0.376622,-0.313077,-0.119179,-1.63524,-0.00009,-0.1335,-0.205967,-0.47318,-0.079281,-0.269492,-0.547468,-1.10744,-0.838022,-0.353449,-0.114666,-0.887277,-400.1,19.5024
jul-06,-18.5396,0,0,0,0,0,0,0,0,0,0,0,0,0,0,0,0,0,947.71,-0.070517,-0.00223281,-0.337686,-0.162812,-0.624431,-0.0121,-0.1335,-0.253804,-0.521117,-0.126804,-0.269492,-0.5992,-1.10819,-0.886549,-0.403049,-0.179949,-0.95271,-947.324,24.7974
ago-06,-12.6709,0,0,0,0,0,0,0,0,0,0,0,0,0,0,0,0,0,670.182,-0.0703739,-0.000391499,-0.333109,-0.15084,-0.605559,-0.01178,-0.1335,-0.233875,-0.50037,-0.0982264,-0.269492,-0.5992,-1.11417,-0.861052,-0.374229,-0.142758,-0.900756,-672.235,21.1239
sept-06,-10.9981,0,0,0,0,0,0,0,0,0,0,0,0,0,0,0,0,0,599.422,-0.14371,-0.449011,-0.346156,-0.146104,-1.68191,-0.01178,-0.1335,-0.228951,-0.495654,-0.0921881,-0.269492,-0.5992,-1.11827,-0.854652,-0.368191,-0.124609,-0.881044,-600.977,20.4977
oct-06,-27.0654,0,0,0,0,0,0,0,0,0,0,0,0,0,0,0,0,0,2319.38,-0.284399,-0.453141,-0.493155,-0.301366,-1.83804,-0.01186,-0.1335,-0.383799,-0.649114,-0.253133,-0.269492,-0.5992,-1.10754,-1.00401,-0.51616,-0.278589,-1.04029,-2320.75,38.0564
nov-06,-34.6101,0,0,0,0,0,0,0,0,0,0,0,0,0,0,0,0,0,3697.58,-0.404545,-0.450633,-0.611472,-0.426612,-1.96507,-0.01178,-0.1335,-0.509364,-0.774061,-0.381302,-0.269492,-0.5992,-1.10659,-1.13311,-0.645256,-0.396927,-1.15071,-3701.28,49.2812
dic-06,-17.041,0,0,0,0,0,0,0,0,0,0,0,0,0,0,0,0,0,1887.83,-0.24961,-0.451899,-0.459228,-0.268377,-1.80387,-0.01178,-0.1335,-0.349817,-0.616262,-0.223054,-0.269492,-0.5992,-1.1081,-0.968326,-0.482563,-0.227035,-0.981819,-1892.21,30.6268
ene-07,-6.29713,0,0,0,0,0,0,0,0,0,0,0,0,0,0,0,0,0,712.039,-0.143762,-0.417351,-0.335338,-0.155274,-1.58248,-0.0109554,-0.124155,-0.231173,-0.479996,-0.114279,-0.250628,-0.557256,-1.03074,-0.808894,-0.358201,-0.115739,-0.818633,-716.253,18.0463
feb-07,-3.4181,0,0,0,0,0,0,0,0,0,0,0,0,0,0,0,0,0,323,-0.110016,-0.399311,-0.292247,-0.1185,-1.48296,-0.0104842,-0.118815,-0.190071,-0.428505,-0.0759887,-0.239848,-0.533288,-0.984721,-0.741659,-0.310213,-0.075432,-0.748332,-326.207,13.4859
mar-07,-4.17256,0,0,0,0,0,0,0,0,0,0,0,0,0,0,0,0,0,238.827,-0.0975533,-0.399311,-0.279466,-0.104834,-1.4688,-0.00497491,-0.118815,-0.176611,-0.417468,-0.0620327,-0.239848,-0.521263,-0.961771,-0.739708,-0.307634,-0.0713819,-0.744534,-239.652,11.7136
abr-07,-5.60295,0,0,0,0,0,0,0,0,0,0,0,0,0,0,0,0,0,247.038,-0.0837768,-0.354445,-0.246106,-0.0923184,-1.30562,-0.0093062,-0.105465,-0.158029,-0.370851,-0.0604449,-0.212899,-0.473368,-0.841754,-0.661256,-0.277308,-0.0720776,-0.670074,-247.567,12.1275
may-07,-4.71266,0,0,0,0,0,0,0,0,0,0,0,0,0,0,0,0,0,237.947,-0.0899783,-0.166096,-0.0606183,-0.0319263,-1.61386,-0.000789112,-0.00649466,-0.0348198,-0.476346,-0.0417566,-0.262547,-0.50278,-1.07028,-0.756153,-0.333672,-0.0811242,-0.839233,-238.583,11.7164
jun-07,-9.0999,0,0,0,0,0,0,0,0,0,0,0,0,0,0,0,0,0,341.108,-0.0936125,-0.274365,-0.169207,-0.0244987,-1.6308,-0.00033,0,-0.0269501,-0.480391,-0.040523,-0.262417,-0.503021,-1.10874,-0.841351,-0.358404,-0.100909,-0.87018,-340.366,15.1432
jul-07,-7.75359,0,0,0,0,0,0,0,0,0,0,0,0,0,0,0,0,0,371.679,-0.0497139,-0.000238774,-0.313479,-0.134772,-0.56935,-0.000214004,-0.1335,-0.220724,-0.487282,-0.083053,-0.269492,-0.576956,-1.08572,-0.836741,-0.349912,-0.0928904,-0.85139,-372.089,14.2187
ago-07,-7.13718,0,0,0,0,0,0,0,0,0,0,0,0,0,0,0,0,0,301.201,-0.0940168,-0.145998,-0.0445931,-0.0252575,-1.57625,-0.000124526,0,-0.0279491,-0.480251,-0.0394116,-0.262417,-0.495261,-1.10262,-0.836582,-0.349991,-0.0951295,-0.856876,-301.396,13.7649
sept-07,-6.09761,0,0,0,0,0,0,0,0,0,0,0,0,0,0,0,0,0,367.952,-0.0681091,-0.000717554,-0.331917,-0.134593,-1.65003,-0.00217086,-0.1335,-0.217498,-0.484342,-0.0799444,-0.269492,-0.545096,-1.05989,-0.836209,-0.349933,-0.0875238,-0.844481,-369.264,14.505
oct-07,-14.0343,0,0,0,0,0,0,0,0,0,0,0,0,0,0,0,0,0,1293.49,-0.209806,-0.450428,-0.413176,-0.215452,-1.75219,-0.01178,-0.1335,-0.298577,-0.564861,-0.168506,-0.269492,-0.5992,-1.08609,-0.917242,-0.430702,-0.168213,-0.924041,-1295.78,24.9349
nov-07,-14.4397,0,0,0,0,0,0,0,0,0,0,0,0,0,0,0,0,0,1474.31,-0.215403,-0.450342,-0.4227,-0.229089,-1.76654,-0.01178,-0.1335,-0.312815,-0.579422,-0.185329,-0.269492,-0.5992,-1.10649,-0.933594,-0.44767,-0.18927,-0.946391,-1478.05,26.9799
dic-07,-6.07534,0,0,0,0,0,0,0,0,0,0,0,0,0,0,0,0,0,692.837,-0.131789,-0.392174,-0.312974,-0.145103,-1.48191,-0.0102486,-0.116145,-0.217776,-0.450636,-0.109475,-0.234458,-0.521304,-0.965036,-0.760622,-0.339177,-0.113677,-0.771403,-697.112,17.4245
ene-08,-1.50015,0,0,0,0,0,0,0,0,0,0,0,0,0,0,0,0,0,247.8,-0.0987165,-0.381539,-0.271872,-0.0898812,-1.46489,-0.00830068,-0.105567,-0.180662,-0.421038,-0.0667359,-0.239848,-0.50868,-0.98672,-0.737805,-0.299224,-0.0709587,-0.743793,-251.418,11.7948
feb-08,-4.12881,0,0,0,0,0,0,0,0,0,0,0,0,0,0,0,0,0,366.121,-0.079189,-0.302031,-0.217223,-0.086974,-1.1147,-0.0078926,-0.089445,-0.141446,-0.324212,-0.0617527,-0.18056,-0.401464,-0.742412,-0.579061,-0.254499,-0.0789182,-0.58549,-367.517,10.7723
mar-08,-2.7537,0,0,0,0,0,0,0,0,0,0,0,0,0,0,0,0,0,187.778,-0.0725503,-0.300605,-0.209465,-0.0776877,-1.10412,-0.0078926,-0.089445,-0.130938,-0.313345,-0.0457684,-0.18056,-0.401464,-0.735721,-0.55863,-0.233698,-0.0553954,-0.562107,-188.437,8.49141
abr-08,-4.38303,0,0,0,0,0,0,0,0,0,0,0,0,0,0,0,0,0,189.35,-0.0649258,-0.283259,-0.194584,-0.0711186,-1.03736,-0.0074214,-0.084105,-0.122233,-0.293266,-0.0443805,-0.16978,-0.377496,-0.67737,-0.528123,-0.222001,-0.0571646,-0.535268,-189.276,9.07861
may-08,-4.74083,0,0,0,0,0,0,0,0,0,0,0,0,0,0,0,0,0,230.666,-0.0846201,-0.147063,-0.0382167,-0.0223744,-1.23841,-0.0001,0,-0.0287742,-0.481413,-0.0394928,-0.262417,-0.4952,-1.10051,-0.765001,-0.333445,-0.0780612,-0.838857,-230.469,10.4984
jun-08,-7.12229,0,0,0,0,0,0,0,0,0,0,0,0,0,0,0,0,0,351.224,-0.0432481,-0.00107975,-0.189502,-0.0433186,-0.563414,-0.00018,-0.0732125,-0.215646,-0.485013,-0.0772911,-0.269492,-0.497522,-1.10711,-0.838917,-0.353193,-0.0929136,-0.853706,-351.102,12.7046
jul-08,-8.19345,0,0,0,0,0,0,0,0,0,0,0,0,0,0,0,0,0,375.456,-0.0460951,-0.000661879,-0.190324,-0.0435724,-0.564863,-0.00011,-0.0684164,-0.216844,-0.486126,-0.0789836,-0.269492,-0.497437,-1.10691,-0.837568,-0.351931,-0.0962919,-0.864691,-375.679,14.1366
ago-08,-14.3638,0,0,0,0,0,0,0,0,0,0,0,0,0,0,0,0,0,622.619,-0.064006,-0.00423745,-0.339226,-0.142589,-1.68175,-0.01213,-0.1335,-0.230109,-0.497794,-0.0912221,-0.269492,-0.5992,-1.10807,-0.852293,-0.369709,-0.136883,-0.905443,-625.819,25.0012
sept-08,-13.6058,0,0,0,0,0,0,0,0,0,0,0,0,0,0,0,0,0,924.15,-0.0892784,-0.000405693,-0.35173,-0.17012,-0.6289,-0.01178,-0.1335,-0.257006,-0.523428,-0.131753,-0.269492,-0.5992,-1.0731,-0.889887,-0.40303,-0.160974,-0.917189,-925.5,21.5661
oct-08,-22.3272,0,0,0,0,0,0,0,0,0,0,0,0,0,0,0,0,0,2094.55,-0.280167,-0.450736,-0.483348,-0.287814,-1.8217,-0.01178,-0.1335,-0.367385,-0.632987,-0.227259,-0.269492,-0.5992,-1.08609,-0.983049,-0.495851,-0.252802,-1.00781,-2096.92,34.0806
nov-08,-45.2758,0,0,0,0,0,0,0,0,0,0,0,0,0,0,0,0,0,4676.37,-0.484601,-0.456185,-0.695707,-0.509414,-2.04463,-0.01178,-0.1335,-0.588131,-0.851979,-0.45657,-0.269492,-0.5992,-1.10659,-1.21466,-0.725993,-0.506033,-1.25844,-4680.08,60.8945
dic-08,-17.9471,0,0,0,0,0,0,0,0,0,0,0,0,0,0,0,0,0,1818.4,-0.237047,-0.449704,-0.445408,-0.25302,-1.78933,-0.01178,-0.1335,-0.335425,-0.602101,-0.210596,-0.269492,-0.5992,-1.1081,-0.963597,-0.477882,-0.23628,-0.990972,-1823.32,31.9728
ene-09,-5.49896,0,0,0,0,0,0,0,0,0,0,0,0,0,0,0,0,0,550.193,-0.13534,-0.448668,-0.340975,-0.14628,-1.68031,-0.01178,-0.1335,-0.227494,-0.495222,-0.0998453,-0.269492,-0.5992,-1.10779,-0.850434,-0.365811,-0.108311,-0.864163,-555.497,18.6875
feb-09,-3.84309,0,0,0,0,0,0,0,0,0,0,0,0,0,0,0,0,0,319.677,-0.105105,-0.400757,-0.288892,-0.115518,-1.48076,-0.0104842,-0.118815,-0.187898,-0.426113,-0.0752404,-0.239848,-0.533288,-0.984721,-0.743285,-0.311823,-0.0790001,-0.752019,-322.974,13.9937
mar-09,-2.59122,0,0,0,0,0,0,0,0,0,0,0,0,0,0,0,0,0,252.717,-0.100595,-0.254389,-0.149609,-0.0617254,-1.56811,-0.00497491,-0.0290754,-0.0803042,-0.478144,-0.0532517,-0.262928,-0.523753,-1.0748,-0.746586,-0.294669,-0.0782959,-0.834477,-255.064,11.5336
abr-09,-3.00494,0,0,0,0,0,0,0,0,0,0,0,0,0,0,0,0,0,237.433,-0.0559188,-0.106124,-0.101992,-0.0436529,-1.30748,-0.00219691,-0.0166917,-0.0581227,-0.479883,-0.0467282,-0.262727,-0.513106,-1.05753,-0.829626,-0.333902,-0.0770197,-0.833862,-238.79,10.4878
may-09,-3.71619,0,0,0,0,0,0,0,0,0,0,0,0,0,0,0,0,0,231.8,-0.0461617,-0.030049,-0.0620629,-0.0303121,-1.25466,-0.000882022,-0.00730722,-0.036213,-0.477113,-0.0361972,-0.262568,-0.503732,-0.845885,-0.693997,-0.34605,-0.0807271,-0.837495,-232.405,9.87329
jun-09,-7.60219,0,0,0,0,0,0,0,0,0,0,0,0,0,0,0,0,0,311.163,-0.0897459,-0.147674,-0.0432759,-0.0254549,-1.34744,-0.00028,0,-0.0290315,-0.482316,-0.0386857,-0.262417,-0.502196,-1.10799,-0.836259,-0.352806,-0.0950744,-0.862817,-310.083,12.7455
jul-09,-7.24622,0,0,0,0,0,0,0,0,0,0,0,0,0,0,0,0,0,351.448,-0.0438489,-0.000584758,-0.190288,-0.0419606,-0.562473,-9.00E-05,-0.0292503,-0.214389,-0.485069,-0.0781079,-0.269492,-0.495973,-1.10666,-0.837392,-0.351002,-0.0948862,-0.856647,-351.534,12.9901
ago-09,-9.96738,0,0,0,0,0,0,0,0,0,0,0,0,0,0,0,0,0,403.382,-0.104423,-0.129925,-0.197996,-0.036519,-1.64058,-0.00015,0,-0.211434,-0.483629,-0.0753654,-0.262676,-0.499336,-1.10749,-0.839993,-0.35532,-0.109566,-0.876979,-403.897,17.414
sept-09,-10.4833,0,0,0,0,0,0,0,0,0,0,0,0,0,0,0,0,0,634.869,-0.0689527,-0.00002,-0.33221,-0.151713,-0.6068,-0.01182,-0.1335,-0.235244,-0.501908,-0.103354,-0.269492,-0.5992,-1.10845,-0.860832,-0.374199,-0.127902,-0.884448,-637.41,19.3945
oct-09,-12.7979,0,0,0,0,0,0,0,0,0,0,0,0,0,0,0,0,0,1105.06,-0.194971,-0.45091,-0.398975,-0.200776,-1.73548,-0.01178,-0.1335,-0.282033,-0.548593,-0.143396,-0.269492,-0.5992,-1.08609,-0.896474,-0.410141,-0.155571,-0.911552,-1107.5,23.6709
nov-09,-21.6545,0,0,0,0,0,0,0,0,0,0,0,0,0,0,0,0,0,2309.1,-0.289366,-0.45121,-0.496631,-0.304697,-1.84128,-0.01178,-0.1335,-0.386807,-0.652718,-0.257553,-0.269492,-0.5992,-1.10659,-1.00938,-0.522766,-0.265024,-1.01985,-2312.8,34.9721
dic-09,-10.5052,0,0,0,0,0,0,0,0,0,0,0,0,0,0,0,0,0,1185.59,-0.190969,-0.450567,-0.398719,-0.206051,-1.74126,-0.01178,-0.1335,-0.287836,-0.555073,-0.160047,-0.269492,-0.5992,-1.1081,-0.907096,-0.421945,-0.16035,-0.915801,-1189.98,23.415
ene-10,-2.94829,0,0,0,0,0,0,0,0,0,0,0,0,0,0,0,0,0,315.875,-0.116463,-0.448793,-0.321961,-0.126682,-1.66054,-0.01178,-0.1335,-0.207919,-0.476573,-0.0804075,-0.269492,-0.5992,-1.10779,-0.830459,-0.346036,-0.0822869,-0.838398,-319.789,14.5212
feb-10,-4.19805,0,0,0,0,0,0,0,0,0,0,0,0,0,0,0,0,0,308.421,-0.0815489,-0.349958,-0.24171,-0.090184,-1.28765,-0.0091884,-0.10413,-0.154695,-0.367111,-0.0623557,-0.210204,-0.467376,-0.863657,-0.662961,-0.284968,-0.0825556,-0.67244,-309.978,11.7474
mar-10,-3.43537,0,0,0,0,0,0,0,0,0,0,0,0,0,0,0,0,0,194.059,-0.079127,-0.315848,-0.239962,-0.0867864,-1.27093,-0.00497491,-0.10413,-0.149464,-0.36166,-0.0496271,-0.210204,-0.44205,-0.848746,-0.648066,-0.269573,-0.0664667,-0.656341,-194.47,9.65007
abr-10,-3.77513,0,0,0,0,0,0,0,0,0,0,0,0,0,0,0,0,0,162.895,-0.0719332,-0.250919,-0.173826,-0.0274834,-1.26382,-0.00219691,-0.0166917,-0.145266,-0.359211,-0.0496903,-0.204996,-0.404162,-0.831479,-0.641403,-0.260523,-0.0680017,-0.658232,-163.653,9.96274
may-10,-5.59631,0,0,0,0,0,0,0,0,0,0,0,0,0,0,0,0,0,211.885,-0.0718096,-0.185668,-0.03336,-0.0161106,-1.26713,-0.0001,0,-0.0155366,-0.369172,-0.0283442,-0.204685,-0.387051,-0.863861,-0.651291,-0.272205,-0.0715979,-0.666324,-211.918,10.734
jun-10,-6.96287,0,0,0,0,0,0,0,0,0,0,0,0,0,0,0,0,0,271.318,-0.0354594,-0.0010585,-0.149851,-0.0202591,-1.2733,-0.00015,0,-0.0813899,-0.373436,-0.0585433,-0.204685,-0.389952,-0.863786,-0.655122,-0.277314,-0.0804976,-0.678931,-271.377,12.1653
jul-10,-5.84231,0,0,0,0,0,0,0,0,0,0,0,0,0,0,0,0,0,257.334,-0.0320097,-0.000457638,-0.146868,-0.0247282,-0.434435,-0.00007,-0.0230363,-0.162969,-0.374118,-0.0604385,-0.210204,-0.386364,-0.863348,-0.653289,-0.273818,-0.0759722,-0.670277,-258.022,10.9231
ago-10,-3.67481,0,0,0,0,0,0,0,0,0,0,0,0,0,0,0,0,0,203.865,-0.0639701,-0.012019,-0.0485039,-0.0209697,-0.948202,-0.000895871,-0.00779169,-0.0267056,-0.307079,-0.0274677,-0.168146,-0.324924,-0.707471,-0.538059,-0.226661,-0.0621237,-0.546818,-205.128,8.97585
sept-10,-3.97593,0,0,0,0,0,0,0,0,0,0,0,0,0,0,0,0,0,204.49,-0.0623203,-0.164729,-0.130242,-0.0270223,-0.868216,-0.00130879,-0.0120278,-0.08103,-0.253631,-0.0407237,-0.139355,-0.273841,-0.587435,-0.445304,-0.187713,-0.0544037,-0.459398,-205.964,9.23872
oct-10,-3.25623,0,0,0,0,0,0,0,0,0,0,0,0,0,0,0,0,0,256.784,-0.0737445,-0.23965,-0.183497,-0.073452,-0.887683,-0.0062634,-0.070755,-0.117779,-0.259547,-0.0468047,-0.142831,-0.317576,-0.587603,-0.445844,-0.188978,-0.054516,-0.457361,-259.515,10.1412
nov-10,-3.9893,0,0,0,0,0,0,0,0,0,0,0,0,0,0,0,0,0,484.864,-0.0900252,-0.241431,-0.202683,-0.0935661,-0.907105,-0.0063334,-0.070755,-0.137279,-0.279428,-0.0690045,-0.142831,-0.317576,-0.589483,-0.467757,-0.211086,-0.0745952,-0.476438,-488.437,11.9396
dic-10,-0.145731,0,0,0,0,0,0,0,0,0,0,0,0,0,0,0,0,0,159.429,-0.071557,-0.300838,-0.203322,-0.0776402,-1.05432,-0.00789148,-0.0737236,-0.120899,-0.314609,-0.0440986,-0.177685,-0.401369,-0.744823,-0.517883,-0.2104,-0.0509231,-0.557242,-162.147,7.79263
ene-11,-1.34408,0,0,0,0,0,0,0,0,0,0,0,0,0,0,0,0,0,165.999,-0.0595423,-0.251598,-0.174281,-0.0589754,-0.916428,-0.0065968,-0.07476,-0.103131,-0.257348,-0.0343734,-0.150916,-0.335552,-0.622413,-0.469942,-0.199025,-0.0539131,-0.477175,-167.873,7.46483
feb-11,-1.45036,0,0,0,0,0,0,0,0,0,0,0,0,0,0,0,0,0,150.255,-0.0520357,-0.242955,-0.170056,-0.0565815,-0.893796,-0.006479,-0.073425,-0.100339,-0.252264,-0.0324414,-0.148221,-0.32956,-0.610158,-0.462792,-0.196656,-0.0490752,-0.464591,-151.237,6.57378
mar-11,-1.3056,0,0,0,0,0,0,0,0,0,0,0,0,0,0,0,0,0,118.574,-0.0498658,-0.184638,-0.122105,-0.0359935,-0.825689,-0.00497491,-0.0586597,-0.0949935,-0.238504,-0.0307145,-0.140136,-0.311584,-0.575615,-0.434518,-0.182643,-0.0432002,-0.436429,-119.004,5.50558
abr-11,-1.94113,0,0,0,0,0,0,0,0,0,0,0,0,0,0,0,0,0,110.26,-0.0466755,-0.133732,-0.0789555,-0.0224022,-0.795588,-0.00219691,-0.027658,-0.090862,-0.229337,-0.0299871,-0.134746,-0.2996,-0.543779,-0.417038,-0.174376,-0.0422993,-0.420666,-110.249,5.42036
may-11,-2.54266,0,0,0,0,0,0,0,0,0,0,0,0,0,0,0,0,0,103.731,-0.0391939,-0.142702,-0.0866302,-0.0121859,-0.599321,-0.000928477,-0.0431162,-0.069473,-0.169726,-0.0242308,-0.099712,-0.206625,-0.408646,-0.308322,-0.128556,-0.0372305,-0.317396,-104.102,5.60682
jun-11,-8.50225,0,0,0,0,0,0,0,0,0,0,0,0,0,0,0,0,0,332.069,-0.0373361,-0.137399,-0.103234,-0.0413228,-0.505882,-0.003794,-0.04005,-0.071525,-0.152774,-0.0363086,-0.0808476,-0.17976,-0.33442,-0.272227,-0.131837,-0.0663193,-0.31018,-330.652,9.58993
jul-11,-6.45842,0,0,0,0,0,0,0,0,0,0,0,0,0,0,0,0,0,310.242,-0.0230526,-0.000704758,-0.104195,-0.0465136,-0.185644,-0.003674,-0.04005,-0.075112,-0.15546,-0.0383176,-0.0808476,-0.17976,-0.333375,-0.270035,-0.12581,-0.0565956,-0.294862,-310.558,8.78861
ago-11,-4.36222,0,0,0,0,0,0,0,0,0,0,0,0,0,0,0,0,0,235.418,-0.0265348,-0.000979515,-0.106487,-0.0470702,-0.184128,-0.003634,-0.04005,-0.0734057,-0.153507,-0.0327985,-0.0808476,-0.17976,-0.332612,-0.261356,-0.11582,-0.0421611,-0.274269,-236.092,6.99195
sept-11,-2.421,0,0,0,0,0,0,0,0,0,0,0,0,0,0,0,0,0,232.628,-0.0721795,-0.0376205,-0.175519,-0.0740318,-0.825435,-0.0057722,-0.065415,-0.113899,-0.244715,-0.0436302,-0.132051,-0.293608,-0.534986,-0.409586,-0.171729,-0.0415685,-0.412097,-234.452,7.89908
oct-11,-5.72741,0,0,0,0,0,0,0,0,0,0,0,0,0,0,0,0,0,622.273,-0.146068,-0.359999,-0.309904,-0.146135,-1.37086,-0.009424,-0.1068,-0.208292,-0.421744,-0.0961915,-0.215594,-0.47936,-0.880594,-0.689048,-0.300543,-0.0849216,-0.689368,-625.206,15.1755
nov-11,-8.49831,0,0,0,0,0,0,0,0,0,0,0,0,0,0,0,0,0,952.875,-0.153404,-0.353422,-0.317171,-0.159892,-1.3586,-0.0091884,-0.10413,-0.224916,-0.433348,-0.125457,-0.210204,-0.467376,-0.86447,-0.710558,-0.33226,-0.129577,-0.719118,-957.047,19.3435
dic-11,-2.28174,0,0,0,0,0,0,0,0,0,0,0,0,0,0,0,0,0,342.715,-0.094253,-0.320054,-0.241814,-0.0977084,-1.18732,-0.0083638,-0.094785,-0.155923,-0.346715,-0.0664092,-0.191339,-0.425432,-0.788929,-0.600431,-0.256858,-0.0711956,-0.607979,-347.077,12.1993
ene-12,-0.582096,0,0,0,0,0,0,0,0,0,0,0,0,0,0,0,0,0,143.889,-0.0714105,-0.31029,-0.214757,-0.0707351,-1.14099,-0.008246,-0.0694917,-0.128847,-0.321435,-0.0425662,-0.185409,-0.413481,-0.777611,-0.573273,-0.235851,-0.0549858,-0.584086,-146.185,8.08124
feb-12,-1.79211,0,0,0,0,0,0,0,0,0,0,0,0,0,0,0,0,0,170.883,-0.0607606,-0.238669,-0.166305,-0.0492959,-0.996435,-0.00698252,-0.0771765,-0.121606,-0.307304,-0.039331,-0.18056,-0.401464,-0.742412,-0.564474,-0.240059,-0.0606528,-0.566986,-171.313,7.04265
mar-12,-2.01899,0,0,0,0,0,0,0,0,0,0,0,0,0,0,0,0,0,144.241,-0.0457009,-0.163515,-0.121991,-0.0347153,-0.878679,-0.00497491,-0.0290754,-0.110538,-0.288957,-0.0364286,-0.16978,-0.377496,-0.694621,-0.527804,-0.222331,-0.0561862,-0.532673,-144.091,6.16438
abr-12,-3.04298,0,0,0,0,0,0,0,0,0,0,0,0,0,0,0,0,0,138.838,-0.0474985,-0.171362,-0.119708,-0.0197584,-0.807257,-0.00183289,-0.0141728,-0.0901741,-0.229345,-0.0300873,-0.134746,-0.2996,-0.553278,-0.420384,-0.177513,-0.0493073,-0.427831,-138.475,6.27344
may-12,-3.01175,0,0,0,0,0,0,0,0,0,0,0,0,0,0,0,0,0,114.183,-0.0418763,-0.14931,-0.120417,-0.0404787,-0.616817,-0.000716203,-0.05073,-0.0733083,-0.175817,-0.0259346,-0.102407,-0.220824,-0.420608,-0.3178,-0.133024,-0.0370765,-0.32487,-114.446,6.12755
jun-12,-4.43102,0,0,0,0,0,0,0,0,0,0,0,0,0,0,0,0,0,178.673,-0.0398841,-0.135128,-0.101884,-0.0382607,-0.500836,-0.003594,-0.04005,-0.0653856,-0.145561,-0.0290995,-0.0808476,-0.17976,-0.332479,-0.257882,-0.112378,-0.0384051,-0.270799,-179.055,7.18452
jul-12,-2.52125,0,0,0,0,0,0,0,0,0,0,0,0,0,0,0,0,0,154.057,-0.0220995,0,-0.101931,-0.0387733,-0.501599,-0.003534,-0.04005,-0.0661721,-0.146231,-0.0285882,-0.0808476,-0.17976,-0.332257,-0.256226,-0.110383,-0.0332558,-0.260259,-154.909,5.57507
ago-12,-4.9119,0,0,0,0,0,0,0,0,0,0,0,0,0,0,0,0,0,156.431,-0.038868,-0.135619,-0.100975,-0.036127,-0.497581,-0.003604,-0.04005,-0.062483,-0.142815,-0.0248032,-0.0808476,-0.17976,-0.332683,-0.253126,-0.109151,-0.0363981,-0.275061,-156.489,7.31989
sept-12,-3.80218,0,0,0,0,0,0,0,0,0,0,0,0,0,0,0,0,0,379.22,-0.0371398,-0.000405693,-0.117258,-0.0593204,-0.197966,-0.003534,-0.04005,-0.0867778,-0.166844,-0.0491417,-0.0808476,-0.17976,-0.332598,-0.276785,-0.131223,-0.054448,-0.28131,-380.587,7.26459
oct-12,-2.5527,0,0,0,0,0,0,0,0,0,0,0,0,0,0,0,0,0,276.694,-0.0558858,-0.135875,-0.118135,-0.0538623,-0.514226,-0.003564,-0.04005,-0.0787811,-0.159148,-0.0368323,-0.0808476,-0.17976,-0.333203,-0.262376,-0.117321,-0.0404235,-0.271597,-278.791,7.13142
nov-12,-3.36641,0,0,0,0,0,0,0,0,0,0,0,0,0,0,0,0,0,464.144,-0.0714284,-0.136911,-0.134962,-0.0711155,-0.53101,-0.003534,-0.04005,-0.0952865,-0.175667,-0.0559799,-0.0808476,-0.17976,-0.333291,-0.280713,-0.135325,-0.0564024,-0.282959,-466.4,8.28817
dic-12,-0.0385481,0,0,0,0,0,0,0,0,0,0,0,0,0,0,0,0,0,103.724,-0.044046,-0.153486,-0.114606,-0.0416915,-0.562583,-0.0040052,-0.04539,-0.069051,-0.161265,-0.0245464,-0.0916273,-0.203728,-0.37773,-0.281804,-0.117395,-0.025676,-0.282549,-105.778,4.69366
ene-13,-0.366458,0,0,0,0,0,0,0,0,0,0,0,0,0,0,0,0,0,105.26,-0.0443487,-0.179466,-0.125971,-0.0409129,-0.653539,-0.004712,-0.0534,-0.073049,-0.183863,-0.0223846,-0.107797,-0.23968,-0.444438,-0.335817,-0.142349,-0.0333495,-0.3355,-106.319,4.4452
feb-13,-0.881143,0,0,0,0,0,0,0,0,0,0,0,0,0,0,0,0,0,132.459,-0.0444678,-0.179466,-0.126085,-0.0411032,-0.653866,-0.004712,-0.0534,-0.0734102,-0.184667,-0.0242374,-0.107797,-0.23968,-0.444096,-0.339339,-0.145797,-0.0377431,-0.339817,-133.263,4.72495
mar-13,-0.530542,0,0,0,0,0,0,0,0,0,0,0,0,0,0,0,0,0,88.6216,-0.0410178,-0.159118,-0.112969,-0.0347252,-0.622403,-0.004712,-0.0321831,-0.0721559,-0.183465,-0.0223577,-0.107797,-0.23968,-0.443327,-0.333825,-0.14028,-0.0320561,-0.334442,-89.1146,3.94003
abr-13,-1.31339,0,0,0,0,0,0,0,0,0,0,0,0,0,0,0,0,0,96.4241,-0.0371197,-0.117953,-0.0757974,-0.021468,-0.598906,-0.00219691,-0.0292617,-0.0669077,-0.169705,-0.0216555,-0.099712,-0.221704,-0.409591,-0.310346,-0.130992,-0.0327571,-0.312736,-96.473,4.02111
may-13,-5.29744,0,0,0,0,0,0,0,0,0,0,0,0,0,0,0,0,0,157.421,-0.0331765,-0.137241,-0.0976927,-0.0331954,-0.493746,-0.003694,-0.04005,-0.0590117,-0.140743,-0.0223394,-0.0808476,-0.17976,-0.33317,-0.255696,-0.111887,-0.0389956,-0.278825,-156.525,6.74196
jun-13,-4.9617,0,0,0,0,0,0,0,0,0,0,0,0,0,0,0,0,0,310.44,-0.0240345,-0.00053925,-0.0784325,-0.0387434,-0.133007,-0.002386,-0.0267,-0.0591072,-0.112379,-0.0369365,-0.0538984,-0.11984,-0.221807,-0.19117,-0.093951,-0.0471928,-0.203628,-310.777,6.74207
jul-13,-1.95047,0,0,0,0,0,0,0,0,0,0,0,0,0,0,0,0,0,157.55,-0.0234124,-0.00007,-0.0760737,-0.031843,-0.33975,-0.002356,-0.0267,-0.0495667,-0.102918,-0.0224178,-0.0538984,-0.11984,-0.221658,-0.174387,-0.0771754,-0.025983,-0.177287,-158.329,4.25482
ago-13,-2.56807,0,0,0,0,0,0,0,0,0,0,0,0,0,0,0,0,0,183.271,-0.0348269,-0.0902176,-0.0759227,-0.0311584,-0.338746,-0.002396,-0.0267,-0.0486959,-0.102115,-0.0233731,-0.0538984,-0.11984,-0.221921,-0.179207,-0.0822059,-0.0313832,-0.182542,-184.118,5.0602
sept-13,-2.06202,0,0,0,0,0,0,0,0,0,0,0,0,0,0,0,0,0,227.647,-0.044691,-0.107679,-0.0939485,-0.0420114,-0.410883,-0.0028272,-0.03204,-0.0625779,-0.1268,-0.0310839,-0.0646781,-0.143808,-0.266233,-0.211989,-0.0957423,-0.0347532,-0.216148,-229.081,5.48395
oct-13,-3.78282,0,0,0,0,0,0,0,0,0,0,0,0,0,0,0,0,0,508.078,-0.0779869,-0.135272,-0.139731,-0.0763887,-0.536135,-0.003534,-0.04005,-0.100419,-0.180643,-0.0595106,-0.0808476,-0.17976,-0.333291,-0.282971,-0.137518,-0.0595932,-0.28602,-510.231,8.64495
nov-13,-5.68135,0,0,0,0,0,0,0,0,0,0,0,0,0,0,0,0,0,771.742,-0.106593,-0.158544,-0.179321,-0.10657,-0.642481,-0.004123,-0.046725,-0.133918,-0.227442,-0.0865121,-0.0943222,-0.20972,-0.388839,-0.346369,-0.176557,-0.083741,-0.347722,-774.227,11.5054
dic-13,-1.11329,0,0,0,0,0,0,0,0,0,0,0,0,0,0,0,0,0,283.065,-0.0728607,-0.203289,-0.166365,-0.0720593,-0.761284,-0.005301,-0.060075,-0.107911,-0.228814,-0.0471469,-0.121271,-0.26964,-0.500052,-0.384425,-0.166703,-0.0446089,-0.38448,-286.189,7.83309
ene-14,-1.18584,0,0,0,0,0,0,0,0,0,0,0,0,0,0,0,0,0,175.044,-0.0512098,-0.179466,-0.133053,-0.0481955,-0.661199,-0.004712,-0.0534,-0.0806233,-0.190127,-0.0311894,-0.107797,-0.23968,-0.444438,-0.338987,-0.145487,-0.041617,-0.343777,-176.816,6.05257
feb-14,-0.970549,0,0,0,0,0,0,0,0,0,0,0,0,0,0,0,0,0,142.721,-0.0452949,-0.179466,-0.126974,-0.0420177,-0.654829,-0.004712,-0.0534,-0.0743635,-0.185599,-0.0253155,-0.107797,-0.23968,-0.444096,-0.340176,-0.146626,-0.0386554,-0.34072,-143.564,4.86335
mar-14,-0.896637,0,0,0,0,0,0,0,0,0,0,0,0,0,0,0,0,0,109.036,-0.044312,-0.179466,-0.125791,-0.0410706,-0.653528,-0.004712,-0.0534,-0.0730357,-0.1838,-0.0227073,-0.107797,-0.23968,-0.443327,-0.335719,-0.142156,-0.0339648,-0.336332,-109.493,4.3746
abr-14,-2.00043,0,0,0,0,0,0,0,0,0,0,0,0,0,0,0,0,0,122.552,-0.042128,-0.170868,-0.124113,-0.0400897,-0.647654,-0.00335984,-0.0534,-0.0727072,-0.183465,-0.0239413,-0.107797,-0.23968,-0.441029,-0.338062,-0.144068,-0.0374197,-0.340015,-122.259,4.71756
may-14,-2.93044,0,0,0,0,0,0,0,0,0,0,0,0,0,0,0,0,0,105.515,-0.0406398,-0.152737,-0.123384,-0.00997235,-0.646452,-0.000742658,-0.0534,-0.0740953,-0.183494,-0.0242464,-0.107797,-0.23968,-0.442901,-0.33475,-0.140421,-0.0356534,-0.340395,-105.045,5.41079
jun-14,-7.23449,0,0,0,0,0,0,0,0,0,0,0,0,0,0,0,0,0,300.912,-0.0378594,-0.136857,-0.103047,-0.0407081,-0.506005,-0.003794,-0.04005,-0.0715702,-0.152523,-0.0371182,-0.0808476,-0.17976,-0.33404,-0.270802,-0.128427,-0.0590196,-0.298032,-300.166,8.96842
jul-14,-4.98416,0,0,0,0,0,0,0,0,0,0,0,0,0,0,0,0,0,316.306,-0.0220229,-0.000326853,-0.0764912,-0.0367616,-0.13127,-0.002496,-0.0267,-0.0577841,-0.111244,-0.0360465,-0.0538984,-0.11984,-0.222502,-0.193168,-0.09615,-0.0505756,-0.207907,-317.421,7.54391
ago-14,-3.10911,0,0,0,0,0,0,0,0,0,0,0,0,0,0,0,0,0,171.284,-0.0331874,-0.0905452,-0.0748046,-0.0299872,-0.337692,-0.002456,-0.0267,-0.0479045,-0.101421,-0.0206738,-0.0538984,-0.11984,-0.222872,-0.175543,-0.0788697,-0.0300158,-0.188727,-172.529,5.98858
sept-14,-2.58718,0,0,0,0,0,0,0,0,0,0,0,0,0,0,0,0,0,196.788,-0.0349234,-0.0908271,-0.0771637,-0.0330337,-0.340735,-0.002356,-0.0267,-0.0505266,-0.103953,-0.0249984,-0.0538984,-0.11984,-0.222698,-0.178085,-0.0814608,-0.0313789,-0.187679,-198.298,5.75809
oct-14,-2.84594,0,0,0,0,0,0,0,0,0,0,0,0,0,0,0,0,0,438.738,-0.0738533,-0.13607,-0.136306,-0.0728194,-0.532015,-0.003534,-0.04005,-0.0959082,-0.176091,-0.0537026,-0.0808476,-0.17976,-0.333291,-0.276295,-0.130909,-0.0500294,-0.276557,-441.179,7.935
nov-14,-0.430193,0,0,0,0,0,0,0,0,0,0,0,0,0,0,0,0,0,127.228,-0.0469169,-0.157748,-0.119376,-0.0471301,-0.582625,-0.00412226,-0.0467201,-0.074715,-0.168667,-0.0283068,-0.0934384,-0.209695,-0.388899,-0.289931,-0.120945,-0.028466,-0.294734,-129.892,5.79651
dic-14,-0.00975673,0,0,0,0,0,0,0,0,0,0,0,0,0,0,0,0,0,99.0495,-0.0427415,-0.143791,-0.0961582,-0.0371933,-0.579594,-0.00471161,-0.0297843,-0.0535116,-0.189672,-0.0281684,-0.0973497,-0.228022,-0.373717,-0.283459,-0.136197,-0.0262197,-0.329979,-100.972,4.61208
ene-15,-0.00484864,0,0,0,0,0,0,0,0,0,0,0,0,0,0,0,0,0,79.8827,-0.0432346,-0.180007,-0.116275,-0.0383279,-0.680718,-0.00538726,-0.0376297,-0.0596688,-0.210535,-0.0248258,-0.120793,-0.263276,-0.490624,-0.359018,-0.156082,-0.0293592,-0.362843,-80.6497,3.95045
feb-15,-0.670158,0,0,0,0,0,0,0,0,0,0,0,0,0,0,0,0,0,110.512,-0.0399638,-0.190329,-0.129158,-0.0422755,-0.688109,-0.00497922,-0.0551942,-0.0763493,-0.193869,-0.0238728,-0.11391,-0.253272,-0.469212,-0.355787,-0.151289,-0.0372218,-0.356276,-111.101,4.44059
mar-15,-0.70394,0,0,0,0,0,0,0,0,0,0,0,0,0,0,0,0,0,95.3623,-0.0372039,-0.152264,-0.111015,-0.0332919,-0.649983,-0.00497491,-0.0319543,-0.076892,-0.195763,-0.0238268,-0.115022,-0.255746,-0.473017,-0.35739,-0.150854,-0.0352333,-0.357888,-95.7661,4.17009
abr-15,-1.37365,0,0,0,0,0,0,0,0,0,0,0,0,0,0,0,0,0,100.777,-0.0287994,-0.0908273,-0.0744515,-0.0197978,-0.525678,-0.00221691,-0.0410645,-0.0683645,-0.172963,-0.0223688,-0.101626,-0.22596,-0.417129,-0.31724,-0.134417,-0.0347068,-0.320094,-100.807,4.00067
may-15,-1.04274,0,0,0,0,0,0,0,0,0,0,0,0,0,0,0,0,0,69.7662,-0.02236,-0.0319409,-0.0389171,-0.00759701,-0.358386,-0.000948477,-0.00730722,-0.0130175,-0.175483,-0.0202108,-0.100298,-0.197516,-0.420407,-0.282217,-0.127477,-0.0309424,-0.319685,-70.4021,3.83335
jun-15,-0.671434,0,0,0,0,0,0,0,0,0,0,0,0,0,0,0,0,0,56.2955,-0.017539,-0.0147,-0.0274979,-0.00382396,-0.240118,-0.000619977,-0.00422801,-0.00686703,-0.0605053,-0.00633295,-0.0128091,-0.0776284,-0.130635,-0.121836,-0.117414,-0.0276349,-0.283388,-57.8249,3.35435
jul-15,-0.7243,0,0,0,0,0,0,0,0,0,0,0,0,0,0,0,0,0,58.1548,-0.0182408,-0.000434758,-0.0187232,-0.000968579,-0.00194629,0,0,-0.00243018,-0.186351,-0.00301038,-0.106571,-0.142577,-0.0300836,-0.0621851,-0.135265,-0.0278792,-0.317278,-59.4499,3.07328
ago-15,-2.9483,0,0,0,0,0,0,0,0,0,0,0,0,0,0,0,0,0,208.272,-0.0343601,-0.00388537,-0.0392417,-0.021087,-0.107455,-0.00007,0,-0.0250293,-0.371893,-0.0225094,-0.20076,-0.389105,-0.548701,-0.447166,-0.264607,-0.0624953,-0.640664,-208.424,6.2797
sept-15,-2.02285,0,0,0,0,0,0,0,0,0,0,0,0,0,0,0,0,0,236.281,-0.046841,-0.00102441,-0.0843503,-0.0362296,-0.183423,-0.00145081,-0.0132872,-0.0398595,-0.477298,-0.027883,-0.262735,-0.507814,-0.333463,-0.259594,-0.32715,-0.0780658,-0.834546,-238.86,8.11665
oct-15,-4.45192,0,0,0,0,0,0,0,0,0,0,0,0,0,0,0,0,0,401.391,-0.146265,-0.31086,-0.20437,-0.0688252,-1.65146,-0.0025719,-0.0183334,-0.0664673,-0.494689,-0.0488658,-0.262843,-0.510906,-1.05725,-0.737991,-0.334087,-0.0811938,-0.837992,-404.492,14.3879
nov-15,-25.7379,0,0,0,0,0,0,0,0,0,0,0,0,0,0,0,0,0,2759.77,-0.346592,-0.454961,-0.554625,-0.342966,-1.87756,-0.01178,-0.1335,-0.423106,-0.688519,-0.283305,-0.269492,-0.5992,-1.10659,-1.04805,-0.561045,-0.306384,-1.06109,-2765.47,41.508
dic-15,-27.6188,0,0,0,0,0,0,0,0,0,0,0,0,0,0,0,0,0,2830.33,-0.332958,-0.463559,-0.552714,-0.340794,-1.87544,-0.01178,-0.1335,-0.420994,-0.686994,-0.291319,-0.269492,-0.5992,-1.1081,-1.04439,-0.557868,-0.334961,-1.08867,-2836.31,43.7129
ene-16,-7.84854,0,0,0,0,0,0,0,0,0,0,0,0,0,0,0,0,0,695.667,-0.151339,-0.450193,-0.359262,-0.144863,-1.68015,-0.01178,-0.1335,-0.227754,-0.497879,-0.104317,-0.269492,-0.5992,-1.10735,-0.8645,-0.379736,-0.131128,-0.886751,-700.161,20.3423
feb-16,-6.5361,0,0,0,0,0,0,0,0,0,0,0,0,0,0,0,0,0,539.436,-0.144753,-0.448664,-0.349256,-0.134675,-1.66845,-0.01178,-0.1335,-0.216172,-0.487228,-0.0899472,-0.269492,-0.5992,-1.10252,-0.853401,-0.368101,-0.106068,-0.861911,-542.379,17.3236
mar-16,-3.55432,0,0,0,0,0,0,0,0,0,0,0,0,0,0,0,0,0,205.008,-0.0990029,-0.271391,-0.147448,-0.0411183,-1.6198,-0.00497491,-0.0290754,-0.183391,-0.459199,-0.0613806,-0.262928,-0.523753,-1.0748,-0.782189,-0.334254,-0.0823336,-0.838776,-207.154,12.5159
abr-16,-6.22981,0,0,0,0,0,0,0,0,0,0,0,0,0,0,0,0,0,247.108,-0.110732,-0.382608,-0.216872,-0.0276051,-1.62001,-0.00112175,-0.0638291,-0.188965,-0.461767,-0.0613464,-0.269492,-0.502652,-1.05744,-0.832158,-0.335421,-0.0854822,-0.842235,-247.674,13.8553
may-16,-8.2284,0,0,0,0,0,0,0,0,0,0,0,0,0,0,0,0,0,294.961,-0.106765,-0.377415,-0.197002,-0.0176875,-1.62382,0,-0.0745874,-0.194697,-0.465524,-0.0675528,-0.269492,-0.495764,-1.05796,-0.836459,-0.349642,-0.0977415,-0.854728,-295.566,15.9205
jun-16,-15.5965,0,0,0,0,0,0,0,0,0,0,0,0,0,0,0,0,0,678.399,-0.0781358,-0.00220269,-0.343877,-0.133755,-1.67326,-0.01178,-0.1335,-0.220915,-0.487841,-0.0918671,-0.269492,-0.5992,-1.06588,-0.860265,-0.374704,-0.162039,-0.918355,-679.22,23.8454
jul-16,-12.9035,0,0,0,0,0,0,0,0,0,0,0,0,0,0,0,0,0,570.253,-0.0673594,-0.00135806,-0.331189,-0.129378,-0.588856,-0.01178,-0.1335,-0.217854,-0.484619,-0.0919628,-0.269492,-0.5992,-1.06075,-0.851934,-0.36601,-0.140065,-0.896398,-571.424,20.3166
ago-16,-10.9616,0,0,0,0,0,0,0,0,0,0,0,0,0,0,0,0,0,553.514,-0.0760675,-0.000704602,-0.338943,-0.141816,-0.596915,-0.01178,-0.1335,-0.225743,-0.49227,-0.0892249,-0.269492,-0.5992,-1.10701,-0.842885,-0.356027,-0.127013,-0.88351,-555.21,18.9503
sept-16,-15.9215,0,0,0,0,0,0,0,0,0,0,0,0,0,0,0,0,0,1067.67,-0.187497,-0.450053,-0.390519,-0.189427,-1.72511,-0.01178,-0.1335,-0.272162,-0.53831,-0.134172,-0.269492,-0.5992,-1.10727,-0.887622,-0.400514,-0.171172,-0.927153,-1068.67,25.3144
oct-16,-24.4185,0,0,0,0,0,0,0,0,0,0,0,0,0,0,0,0,0,1932.46,-0.248075,-0.449951,-0.45442,-0.257746,-1.79606,-0.01178,-0.1335,-0.34242,-0.607967,-0.213618,-0.269492,-0.5992,-1.10751,-0.967567,-0.479721,-0.26232,-1.01726,-1933.87,35.0459
nov-16,-29.9359,0,0,0,0,0,0,0,0,0,0,0,0,0,0,0,0,0,2648.3,-0.295113,-0.458661,-0.510482,-0.318603,-1.85697,-0.01178,-0.1335,-0.402784,-0.668103,-0.275199,-0.269492,-0.5992,-1.1087,-1.03072,-0.54298,-0.337841,-1.09215,-2651.18,42.7324
dic-16,-17.3562,0,0,0,0,0,0,0,0,0,0,0,0,0,0,0,0,0,1615.59,-0.225181,-0.449512,-0.431894,-0.235139,-1.77127,-0.01178,-0.1335,-0.317966,-0.584655,-0.190775,-0.269492,-0.5992,-1.10919,-0.941415,-0.454931,-0.218972,-0.974135,-1619.24,29.9207
ene-17,-6.15538,0,0,0,0,0,0,0,0,0,0,0,0,0,0,0,0,0,455.72,-0.131821,-0.448668,-0.337747,-0.126658,-1.66164,-0.01178,-0.1335,-0.209461,-0.479425,-0.0847658,-0.269492,-0.5992,-1.1091,-0.8459,-0.360022,-0.103239,-0.859742,-459.111,17.319
feb-17,-6.06336,0,0,0,0,0,0,0,0,0,0,0,0,0,0,0,0,0,401.005,-0.100994,-0.360377,-0.266958,-0.0919391,-1.32102,-0.009424,-0.1068,-0.159514,-0.377348,-0.0652968,-0.215594,-0.47936,-0.88565,-0.687718,-0.299069,-0.0957814,-0.701007,-403.498,14.7804
mar-17,-2.88174,0,0,0,0,0,0,0,0,0,0,0,0,0,0,0,0,0,183.406,-0.0891626,-0.326837,-0.206345,-0.0449937,-1.29694,-0.00547383,-0.022177,-0.146806,-0.36741,-0.0480017,-0.215594,-0.428962,-0.868351,-0.664714,-0.267441,-0.0665942,-0.671597,-185.551,10.7635
abr-17,-6.08793,0,0,0,0,0,0,0,0,0,0,0,0,0,0,0,0,0,351.68,-0.0683645,-0.227842,-0.173932,-0.0577697,-0.826733,-0.0066,-0.06675,-0.101644,-0.238845,-0.0449331,-0.134746,-0.2996,-0.544028,-0.441246,-0.198039,-0.0767953,-0.455215,-352.741,11.1114
may-17,-22.7015,0,0,0,0,0,0,0,0,0,0,0,0,0,0,0,0,0,1057.31,-0.0710518,-0.237382,-0.202691,-0.0861498,-0.86499,-0.0093,-0.06675,-0.147275,-0.287278,-0.089405,-0.134746,-0.2996,-0.556726,-0.489961,-0.249269,-0.208577,-0.604499,-1056.27,26.2669
jun-17,-15.0475,0,0,0,0,0,0,0,0,0,0,0,0,0,0,0,0,0,852.794,-0.0467961,-0.00796974,-0.196062,-0.088993,-0.325101,-0.00826,-0.06675,-0.144456,-0.282352,-0.087314,-0.134746,-0.2996,-0.554753,-0.482676,-0.23997,-0.147511,-0.534589,-852.562,18.4631
jul-17,-10.7103,0,0,0,0,0,0,0,0,0,0,0,0,0,0,0,0,0,612.829,-0.0489136,-0.00576764,-0.188651,-0.0868616,-0.316271,-0.00758,-0.06675,-0.133347,-0.268658,-0.0673542,-0.134746,-0.2996,-0.553568,-0.453774,-0.210145,-0.111659,-0.492524,-612.93,14.2575
ago-17,-10.4125,0,0,0,0,0,0,0,0,0,0,0,0,0,0,0,0,0,556.075,-0.0746478,-0.230245,-0.187237,-0.0864467,-0.858138,-0.00757999,-0.06675,-0.135403,-0.269467,-0.0681865,-0.134746,-0.2996,-0.554209,-0.450224,-0.206821,-0.0979107,-0.482335,-556.142,14.69
sept-17,-8.05815,0,0,0,0,0,0,0,0,0,0,0,0,0,0,0,0,0,441.911,-0.104903,-0.282426,-0.278552,-0.117341,-1.34699,-0.010644,-0.1068,-0.186916,-0.400507,-0.0780574,-0.215594,-0.47936,-0.885821,-0.676022,-0.286742,-0.0884716,-0.695334,-442.874,15.2617
oct-17,-12.3658,0,0,0,0,0,0,0,0,0,0,0,0,0,0,0,0,0,885.26,-0.130553,-0.370312,-0.308621,-0.148128,-1.38061,-0.010914,-0.1068,-0.220209,-0.433722,-0.117967,-0.215594,-0.47936,-0.886491,-0.717587,-0.328244,-0.141914,-0.74904,-887.313,21.1652
nov-17,-10.0388,0,0,0,0,0,0,0,0,0,0,0,0,0,0,0,0,0,822.7,-0.113768,-0.324705,-0.268818,-0.132751,-1.21018,-0.009546,-0.09345,-0.194191,-0.380913,-0.107981,-0.188644,-0.41944,-0.776617,-0.632023,-0.291626,-0.133954,-0.663093,-825.486,18.7668
dic-17,-4.34638,0,0,0,0,0,0,0,0,0,0,0,0,0,0,0,0,0,383.859,-0.0801376,-0.300866,-0.222967,-0.0949349,-1.09219,-0.008747,-0.086775,-0.149001,-0.322893,-0.0662854,-0.17517,-0.38948,-0.721684,-0.551932,-0.236515,-0.0818968,-0.573379,-387.044,12.686
ene-18,-2.53726,0,0,0,0,0,0,0,0,0,0,0,0,0,0,0,0,0,257.61,-0.0599679,-0.227832,-0.16599,-0.0675458,-0.834478,-0.0068,-0.06675,-0.109369,-0.243302,-0.0481569,-0.134746,-0.2996,-0.555522,-0.424548,-0.182271,-0.0591447,-0.437335,-260.298,9.14945
feb-18,-0.775384,0,0,0,0,0,0,0,0,0,0,0,0,0,0,0,0,0,143.52,-0.0556485,-0.228844,-0.162631,-0.0610028,-0.82499,-0.00681,-0.0662982,-0.102042,-0.236373,-0.037049,-0.134746,-0.293185,-0.554961,-0.414673,-0.167826,-0.0403509,-0.418407,-145.973,7.03357
mar-18,-1.57851,0,0,0,0,0,0,0,0,0,0,0,0,0,0,0,0,0,139.974,-0.0416924,-0.179273,-0.13003,-0.0389026,-0.602433,-0.005532,-0.0516059,-0.0735822,-0.183467,-0.025189,-0.107797,-0.23968,-0.443738,-0.337667,-0.143738,-0.0412884,-0.343763,-141.761,6.35482
abr-18,-3.67438,0,0,0,0,0,0,0,0,0,0,0,0,0,0,0,0,0,226.139,-0.0472924,-0.181856,-0.130958,-0.0468036,-0.658941,-0.005342,-0.0534,-0.0790095,-0.189578,-0.0294305,-0.107797,-0.23968,-0.441274,-0.348337,-0.153948,-0.0532496,-0.355486,-225.716,6.37352
may-18,-5.88387,0,0,0,0,0,0,0,0,0,0,0,0,0,0,0,0,0,294.302,-0.047158,-0.182246,-0.133556,-0.0494087,-0.664067,-0.005562,-0.0534,-0.084858,-0.195431,-0.0365364,-0.107797,-0.23968,-0.442977,-0.355028,-0.16036,-0.0628548,-0.366895,-293.23,7.99955
jun-18,-9.82484,0,0,0,0,0,0,0,0,0,0,0,0,0,0,0,0,0,503.333,-0.0491484,-0.184225,-0.142818,-0.0595406,-0.679094,-0.006152,-0.0534,-0.101601,-0.213115,-0.0555228,-0.107797,-0.23968,-0.443831,-0.376189,-0.182117,-0.0900582,-0.399895,-501.567,11.4422
jul-18,-8.66513,0,0,0,0,0,0,0,0,0,0,0,0,0,0,0,0,0,504.744,-0.0272015,-0.00271476,-0.13943,-0.0636915,-0.249841,-0.005502,-0.0534,-0.10332,-0.213976,-0.0572472,-0.107797,-0.23968,-0.443002,-0.376926,-0.182359,-0.0882695,-0.393811,-502.982,9.65141
ago-18,-6.13894,0,0,0,0,0,0,0,0,0,0,0,0,0,0,0,0,0,368.189,-0.0471097,-0.00211712,-0.135753,-0.0578225,-0.241385,-0.005372,-0.0534,-0.0944273,-0.204561,-0.0436212,-0.107797,-0.23968,-0.443063,-0.36189,-0.167189,-0.0697284,-0.37406,-367.268,7.8664
sept-18,-4.43791,0,0,0,0,0,0,0,0,0,0,0,0,0,0,0,0,0,253.394,-0.065452,-0.227429,-0.1719,-0.0666771,-0.834931,-0.0066,-0.06675,-0.110284,-0.245836,-0.0419642,-0.134746,-0.2996,-0.553904,-0.42418,-0.181078,-0.0530447,-0.432911,-253.708,8.6693
oct-18,-3.10733,0,0,0,0,0,0,0,0,0,0,0,0,0,0,0,0,0,233.144,-0.0785192,-0.271665,-0.203927,-0.0806845,-1.00243,-0.007568,-0.0801,-0.131662,-0.291878,-0.0521467,-0.161695,-0.35952,-0.648752,-0.499683,-0.208095,-0.0512069,-0.505025,-235.169,9.76697
nov-18,-2.9516,0,0,0,0,0,0,0,0,0,0,0,0,0,0,0,0,0,291.312,-0.0773962,-0.27315,-0.204726,-0.0825823,-1.00448,-0.007668,-0.0801,-0.133843,-0.294302,-0.0570002,-0.161695,-0.35952,-0.665523,-0.507528,-0.216242,-0.0611137,-0.514982,-294.214,10.5555
dic-18,-2.23149,0,0,0,0,0,0,0,0,0,0,0,0,0,0,0,0,0,293.724,-0.0696119,-0.22788,-0.175731,-0.0730976,-0.840305,-0.00661,-0.06675,-0.114971,-0.248853,-0.0519115,-0.134746,-0.2996,-0.555605,-0.427193,-0.184839,-0.0557916,-0.43398,-296.798,9.27336
ene-19,-0.892173,0,0,0,0,0,0,0,0,0,0,0,0,0,0,0,0,0,166.93,-0.0514179,-0.182226,-0.136001,-0.0523947,-0.665646,-0.005442,-0.0534,-0.0857507,-0.192962,-0.0358331,-0.107797,-0.23968,-0.44444,-0.335578,-0.141926,-0.0371885,-0.339739,-169.551,6.62095
feb-19,-0.336987,0,0,0,0,0,0,0,0,0,0,0,0,0,0,0,0,0,130.777,-0.0468059,-0.182446,-0.13146,-0.0516824,-0.663452,-0.00551134,-0.0279355,-0.0846043,-0.192684,-0.0329408,-0.0611109,-0.239631,-0.444166,-0.318119,-0.134507,-0.0327652,-0.335147,-132.899,5.44348
mar-19,-1.53038,0,0,0,0,0,0,0,0,0,0,0,0,0,0,0,0,0,164.923,-0.031072,-0.0924628,-0.0747192,-0.0307334,-0.337666,-0.003076,-0.0267,-0.0482297,-0.101796,-0.0246794,-0.0538984,-0.11984,-0.222194,-0.174254,-0.0773851,-0.0297615,-0.181041,-166.376,4.61361
abr-19,-1.3238,0,0,0,0,0,0,0,0,0,0,0,0,0,0,0,0,0,140.299,-0.0302673,-0.0924528,-0.0739701,-0.029437,-0.336051,-0.003086,-0.0267,-0.0467401,-0.100638,-0.0207117,-0.0538984,-0.11984,-0.22199,-0.171194,-0.0743201,-0.0267409,-0.177763,-141.468,4.0984
may-19,-3.23751,0,0,0,0,0,0,0,0,0,0,0,0,0,0,0,0,0,189.088,-0.0289716,-0.0923755,-0.0723283,-0.0276303,-0.333878,-0.002566,-0.0267,-0.0440085,-0.0999851,-0.0200619,-0.0538984,-0.11984,-0.221333,-0.18074,-0.0833495,-0.035232,-0.186232,-188.125,3.90393
jun-19,-4.49895,0,0,0,0,0,0,0,0,0,0,0,0,0,0,0,0,0,263.948,-0.0164413,-0.0222198,-0.0710015,-0.0278883,-0.336816,-0.002586,-0.0267,-0.0469475,-0.104095,-0.025567,-0.0538984,-0.11984,-0.221179,-0.192787,-0.0957166,-0.0463023,-0.197267,-261.859,4.01688
jul-19,-3.72762,0,0,0,0,0,0,0,0,0,0,0,0,0,0,0,0,0,254.735,-0.016585,-0.000776853,-0.0697991,-0.0288553,-0.121063,-0.002546,-0.0267,-0.047354,-0.104192,-0.0256572,-0.0538984,-0.11984,-0.221359,-0.192289,-0.0947889,-0.0433338,-0.194487,-253.314,3.66964
ago-19,-2.49354,0,0,0,0,0,0,0,0,0,0,0,0,0,0,0,0,0,157.425,-0.0242932,-0.0911229,-0.0662345,-0.0212771,-0.328918,-0.002556,-0.0267,-0.0390517,-0.0960348,-0.0152054,-0.0538984,-0.11984,-0.22162,-0.18217,-0.0849276,-0.0330253,-0.184221,-156.394,3.0543
sept-19,-2.37778,0,0,0,0,0,0,0,0,0,0,0,0,0,0,0,0,0,168.629,-0.0241142,-0.0908935,-0.0663439,-0.0218102,-0.329269,-0.002546,-0.0267,-0.0394197,-0.0965558,-0.0173775,-0.0538984,-0.11984,-0.221841,-0.183686,-0.0864709,-0.0338059,-0.184956,-167.675,3.02365
oct-19,-1.45121,0,0,0,0,0,0,0,0,0,0,0,0,0,0,0,0,0,128.81,-0.0220779,-0.0916173,-0.0650183,-0.0198995,-0.327197,-0.002626,-0.0267,-0.0374311,-0.0942598,-0.0146641,-0.0538984,-0.11984,-0.222194,-0.178919,-0.0819842,-0.0288118,-0.179976,-128.454,2.66307
nov-19,-0.552445,0,0,0,0,0,0,0,0,0,0,0,0,0,0,0,0,0,69.0138,-0.0178634,-0.0939078,-0.0628888,-0.0198045,-0.326235,-0.002766,-0.0267,-0.0367782,-0.0923405,-0.01237,-0.0538984,-0.11984,-0.222194,-0.170638,-0.0738066,-0.02035,-0.171525,-69.2264,2.28892
dic-19,-0.017847,0,0,0,0,0,0,0,0,0,0,0,0,0,0,0,0,0,29.9244,-0.0112777,-0.0768428,-0.0437054,-0.0150814,-0.275409,-0.00286559,-0.00753844,-0.0238354,-0.0816102,-0.00939164,-0.015957,-0.110379,-0.114235,-0.0949598,-0.0690233,-0.0149924,-0.166179,-30.4604,1.68718
ene-20,-0.00327992,0,0,0,0,0,0,0,0,0,0,0,0,0,0,0,0,0,31.6424,-0.0118949,-0.0634227,-0.037034,-0.0131468,-0.240141,-0.00206673,-0.0061092,-0.0199079,-0.0684703,-0.0078465,-0.0131457,-0.0919863,-0.100176,-0.0833943,-0.0615745,-0.0111482,-0.143735,-31.9134,1.24954
feb-20,-0.0027453,0,0,0,0,0,0,0,0,0,0,0,0,0,0,0,0,0,32.224,-0.0110858,-0.0643105,-0.0396917,-0.0143943,-0.215068,-0.00211003,-0.0064113,-0.0219292,-0.0689627,-0.00823992,-0.0140252,-0.0831591,-0.113681,-0.0895096,-0.0513177,-0.00937626,-0.12033,-32.4925,1.20477
mar-20,-0.00339297,0,0,0,0,0,0,0,0,0,0,0,0,0,0,0,0,0,38.1723,-0.0120251,-0.0647826,-0.0371584,-0.0136739,-0.247313,-0.00237856,-0.00542643,-0.0202795,-0.0705855,-0.00795958,-0.0125938,-0.0954217,-0.113476,-0.0928761,-0.0628647,-0.0114304,-0.14845,-38.3944,1.24418
abr-20,-0.00418185,0,0,0,0,0,0,0,0,0,0,0,0,0,0,0,0,0,44.9714,-0.0143664,-0.073384,-0.042461,-0.0155321,-0.30009,-0.00198819,-0.00575477,-0.0227225,-0.0803615,-0.00979679,-0.0143049,-0.118725,-0.141298,-0.10309,-0.0725197,-0.0135817,-0.177754,-45.2698,1.51029
may-20,-0.0238266,0,0,0,0,0,0,0,0,0,0,0,0,0,0,0,0,0,32.898,-0.0116964,-0.034041,-0.0278242,-0.0088244,-0.257798,-0.00109191,-0.00372878,-0.0145108,-0.0546187,-0.00771783,-0.0113936,-0.101402,-0.106172,-0.0747084,-0.0253825,-0.0137363,-0.160893,-33.6376,1.67897
jun-20,-3.7442,0,0,0,0,0,0,0,0,0,0,0,0,0,0,0,0,0,138.924,-0.0289104,-0.114163,-0.089771,-0.00553002,-0.484317,-0.00105854,-0.0397393,-0.0615785,-0.142804,-0.0204531,-0.0802204,-0.153956,-0.333725,-0.255784,-0.114676,-0.0397657,-0.264378,-137.715,4.7663
jul-20,-4.38914,0,0,0,0,0,0,0,0,0,0,0,0,0,0,0,0,0,201.027,-0.0171789,-0.00089242,-0.120121,-0.0450589,-0.222077,-0.00481553,-0.0516113,-0.0795243,-0.185654,-0.0311581,-0.104186,-0.231652,-0.428956,-0.336042,-0.148638,-0.0483318,-0.340572,-199.644,5.40222
ago-20,-4.51575,0,0,0,0,0,0,0,0,0,0,0,0,0,0,0,0,0,210.584,-0.0184766,-0.00133456,-0.129651,-0.0475856,-0.237778,-0.00524962,-0.0557374,-0.0837703,-0.198851,-0.0299561,-0.112515,-0.250171,-0.462718,-0.360901,-0.157762,-0.0541273,-0.36995,-209.26,5.76845
sept-20,-1.88662,0,0,0,0,0,0,0,0,0,0,0,0,0,0,0,0,0,143.318,-0.0348938,-0.0784825,-0.0730585,-0.0255326,-0.820459,-0.00257264,-0.00836518,-0.0381956,-0.299962,-0.0251216,-0.165744,-0.33163,-0.601802,-0.445066,-0.211453,-0.0522008,-0.529801,-144.011,6.32427
oct-20,-0.900505,0,0,0,0,0,0,0,0,0,0,0,0,0,0,0,0,0,179.122,-0.0559426,-0.142049,-0.12341,-0.0481377,-1.22506,-0.00496948,-0.0160683,-0.0645421,-0.468828,-0.0310886,-0.262417,-0.459924,-0.280445,-0.230793,-0.244914,-0.0654181,-0.789954,-181.424,7.71672
nov-20,-0.166717,0,0,0,0,0,0,0,0,0,0,0,0,0,0,0,0,0,127.489,-0.050425,-0.240954,-0.161234,-0.0599993,-0.997869,-0.00676867,-0.0272799,-0.0884127,-0.30101,-0.0367931,-0.0587406,-0.404733,-0.416316,-0.282517,-0.138933,-0.0543422,-0.600328,-130.023,6.6281
dic-20,-0.151733,0,0,0,0,0,0,0,0,0,0,0,0,0,0,0,0,0,80.4017,-0.033135,-0.184729,-0.110922,-0.0398154,-0.654296,-0.00586662,-0.0187879,-0.0587278,-0.20124,-0.0239667,-0.0397693,-0.262718,-0.284,-0.217655,-0.156225,-0.0351764,-0.389301,-82.1332,4.5995
ene-21,-0.0303773,0,0,0,0,0,0,0,0,0,0,0,0,0,0,0,0,0,59.0145,-0.0252122,-0.138453,-0.0822303,-0.0292584,-0.505091,-0.00456027,-0.0134854,-0.0434033,-0.149601,-0.0176535,-0.0290177,-0.202614,-0.215734,-0.145553,-0.0735849,-0.0269282,-0.302483,-60.2787,3.29948
feb-21,-0.0325459,0,0,0,0,0,0,0,0,0,0,0,0,0,0,0,0,0,53.4272,-0.0214038,-0.113269,-0.0650188,-0.0229086,-0.439343,-0.00400514,-0.0102076,-0.0341411,-0.121446,-0.0140839,-0.0223299,-0.162421,-0.182966,-0.12288,-0.0629623,-0.0241091,-0.269,-54.3935,2.69133
mar-21,-0.0053477,0,0,0,0,0,0,0,0,0,0,0,0,0,0,0,0,0,60.3174,-0.0212463,-0.110713,-0.062475,-0.0235197,-0.444254,-0.00403976,-0.00916396,-0.033961,-0.120771,-0.0139978,-0.0214989,-0.162846,-0.187666,-0.126162,-0.0646447,-0.018771,-0.24484,-61.2673,2.62588
