date,ZR Molino de Quelen,ZR_Aguas Claras de Chillepin,ZR_Aguas Claras de Salamanca,ZR_Alameda,ZR_Alcantarilla,ZR_Araya,ZR_Arboleda Grande,ZR_Barraco Chico,ZR_Barraco Grande,ZR_Batuco,ZR_Batuco Chalinga,ZR_Bellavista Alto,ZR_Bellavista Bajo,ZR_Breas,ZR_Buzeta,ZR_Camarote,ZR_Camisas o Batito,ZR_Carachas,ZR_Chalinga,ZR_Chanar Chalinga,ZR_Chilcas,ZR_Cocinera,ZR_Cunlagua,ZR_Cuyuntagua Norte,ZR_Cuyuntagua Sur,ZR_Cuz Cuz,ZR_Dona Juana,ZR_El Bato o El Cato,ZR_El Boldo,ZR_El Durazno,ZR_El Jote,ZR_El Macal,ZR_El Maiten,ZR_El Pardo,ZR_El Pavo,ZR_El Peumo,ZR_El Quene,ZR_El Sauco,ZR_El Silo,ZR_Escorial,ZR_Gavino,ZR_Higuera,ZR_Higueral,ZR_Hospital,ZR_Huanque,ZR_Inquilino,ZR_La Montana,ZR_Las Bellacas,ZR_Las Juntas,ZR_Las Salinas,ZR_Las Viudas,ZR_Los Gonzalez,ZR_Los Guindos,ZR_Los Loros,ZR_Los Perales,ZR_Los Rulos,ZR_Los Sauces,ZR_Mala Ladera,ZR_Maravillal,ZR_Matriz de Mincha,ZR_Millahue Uno,ZR_Mincha Sur Arriba,ZR_Molino Carcamo,ZR_Molino El Peral,ZR_Molino de Choap,ZR_Molino de Los Ranchos,ZR_Molino de Peralillo,ZR_Molino de Tranquilla,ZR_Molino de Zapallar,ZR_Palquial,ZR_Pangue o Inquilino,ZR_Panguesillo Dos,ZR_Panguesillo Uno,ZR_Pelados,ZR_Pichicaven,ZR_Pintacura Alto,ZR_Pintacura Bajo,ZR_Plantacion,ZR_Poblacion,ZR_Poblacion Los Guindos,ZR_Potrero Nuevo,ZR_Rodadero,ZR_Rodado,ZR_Salinero,ZR_San Antonio,ZR_San Francisco,ZR_San Isidro,ZR_San Jorge,ZR_San Patricio,ZR_San Pedro,ZR_Santa Isabel,ZR_Santa Margot,ZR_Santa Olga,ZR_Silvano,ZR_Tahuincano,ZR_Tebal,ZR_Toma Ranque,ZR_Turbina,ZR_Valentino,ZR_Vega de Cesped,ZR_Zepedino
1989-01-01,0,0,0,0,0,0,0,0,0,0,0,0,0,0,0,0,0,0,0,0,0,0,0,0,0,0,0,0,0,0,0,0,0,0,0,0,0,0,0,0,0,0,0,0,0,0,0,0,0,0,0,0,0,0,0,0,0,0,0,0,0,0,0,0,0,0,0,0,0,0,0,0,0,0,0,0,0,0,0,0,0,0,0,0,0,0,0,0,0,0,0,0,0,0,0,0,0,0,0,0,0
1989-02-01,0,0,0,0,0,0,0,0,0,0,0,0,0,0,0,0,0,0,0,0,0,0,0,0,0,0,0,0,0,0,0,0,0,0,0,0,0,0,0,0,0,0,0,0,0,0,0,0,0,0,0,0,0,0,0,0,0,0,0,0,0,0,0,0,0,0,0,0,0,0,0,0,0,0,0,0,0,0,0,0,0,0,0,0,0,0,0,0,0,0,0,0,0,0,0,0,0,0,0,0,0
1989-03-01,0,0,0,0,0,0,0,0,0,0,0,0,0,0,0,0,0,0,0,0,0,0,0,0,0,0,0,0,0,0,0,0,0,0,0,0,0,0,0,0,0,0,0,0,0,0,0,0,0,0,0,0,0,0,0,0,0,0,0,0,0,0,0,0,0,0,0,0,0,0,0,0,0,0,0,0,0,0,0,0,0,0,0,0,0,0,0,0,0,0,0,0,0,0,0,0,0,0,0,0,0
1989-04-01,3,4,2,4,8,5,3,3,4,7,5,3,3,3,3,4,2,2,2,3,2,3,3,3,3,3,4,7,2,8,2,8,3,2,4,5,3,3,3,4,10,3,2,3,3,3,7,11,11,8,2,8,3,3,8,6,7,8,4,6,6,5,3,3,3,4,2,5,6,4,5,3,3,4,8,3,3,4,2,3,3,7,7,7,6,4,4,5,3,4,5,7,4,3,2,3,6,5,5,10,3
1989-05-01,32,37,26,33,34,37,29,36,37,39,33,25,25,32,29,28,28,28,26,31,26,28,31,23,26,23,21,32,26,34,24,34,22,30,37,32,32,36,28,28,38,28,30,24,29,25,32,36,36,34,24,34,31,29,34,24,32,34,33,24,25,23,24,23,23,37,26,37,33,33,37,32,35,28,34,25,25,28,26,23,24,39,32,26,25,21,28,32,28,21,30,32,28,32,26,30,33,30,33,37,23
1989-06-01,1,1,1,1,0,1,1,1,1,1,1,1,1,1,1,0,1,1,1,1,1,1,1,1,1,1,1,0,1,0,1,0,1,1,1,1,1,1,1,0,1,1,1,0,1,1,0,0,0,0,1,0,1,1,0,1,0,0,1,1,1,1,0,1,1,1,1,1,1,1,1,1,1,0,0,1,1,0,1,1,0,1,0,1,1,1,0,1,1,1,0,0,0,1,1,1,1,0,1,0,1
1989-07-01,49,45,55,46,40,42,50,47,45,42,43,56,56,49,59,52,56,56,55,47,55,54,47,53,56,54,52,45,56,40,57,40,55,53,45,46,53,47,54,52,32,54,53,55,50,56,45,35,35,40,57,40,47,57,40,54,45,40,46,54,52,53,55,54,56,44,56,42,40,46,41,50,50,52,40,56,56,52,55,55,55,42,45,54,52,52,52,46,54,52,49,45,52,49,56,50,40,49,43,38,55
1989-08-01,83,92,69,91,96,95,80,89,92,105,94,65,65,83,78,85,71,71,69,87,69,79,87,63,71,66,65,91,72,96,66,96,63,77,92,92,83,89,79,85,99,79,77,69,80,65,91,96,96,96,66,96,87,78,96,69,91,96,91,69,69,65,69,66,65,93,72,95,94,91,98,82,87,86,96,65,65,85,69,65,69,105,91,67,69,65,86,92,79,65,88,91,86,83,69,83,94,88,94,99,65
1989-09-01,4,5,4,4,3,5,4,5,5,5,4,3,3,4,4,3,4,4,4,4,4,3,4,3,3,3,3,3,4,3,4,3,3,4,5,3,4,5,3,3,4,3,4,3,4,3,3,3,3,3,4,3,4,4,3,3,3,3,4,3,3,3,3,3,4,5,4,5,4,4,5,4,5,3,3,3,3,3,4,3,3,5,3,3,3,3,3,3,3,3,3,3,3,4,4,4,4,3,4,3,3
1989-10-01,0,0,0,0,0,0,0,0,0,0,0,0,0,0,0,0,0,0,0,0,0,0,0,0,0,0,0,0,0,0,0,0,0,0,0,0,0,0,0,0,0,0,0,0,0,0,0,0,0,0,0,0,0,0,0,0,0,0,0,0,0,0,0,0,0,0,0,0,0,0,0,0,0,0,0,0,0,0,0,0,0,0,0,0,0,0,0,0,0,0,0,0,0,0,0,0,0,0,0,0,0
1989-11-01,0,0,0,0,0,0,0,0,0,0,0,0,0,0,0,0,0,0,0,0,0,0,0,0,0,0,0,0,0,0,0,0,0,0,0,0,0,0,0,0,0,0,0,0,0,0,0,0,0,0,0,0,0,0,0,0,0,0,0,0,0,0,0,0,0,0,0,0,0,0,0,0,0,0,0,0,0,0,0,0,0,0,0,0,0,0,0,0,0,0,0,0,0,0,0,0,0,0,0,0,0
1989-12-01,0,0,0,0,0,0,0,0,0,0,0,0,0,0,0,0,0,0,0,0,0,0,0,0,0,0,0,0,0,0,0,0,0,0,0,0,0,0,0,0,0,0,0,0,0,0,0,0,0,0,0,0,0,0,0,0,0,0,0,0,0,0,0,0,0,0,0,0,0,0,0,0,0,0,0,0,0,0,0,0,0,0,0,0,0,0,0,0,0,0,0,0,0,0,0,0,0,0,0,0,0
1990-01-01,0,0,0,0,0,0,0,0,0,0,0,0,0,0,0,0,0,0,0,0,0,0,0,0,0,0,0,0,0,0,0,0,0,0,0,0,0,0,0,0,0,0,0,0,0,0,0,0,0,0,0,0,0,0,0,0,0,0,0,0,0,0,0,0,0,0,0,0,0,0,0,0,0,0,0,0,0,0,0,0,0,0,0,0,0,0,0,0,0,0,0,0,0,0,0,0,0,0,0,0,0
1990-02-01,0,0,0,0,0,0,0,0,0,1,0,0,0,0,0,0,0,0,0,0,0,0,0,0,0,0,0,0,0,0,0,0,0,0,0,0,0,0,0,0,0,0,0,0,0,0,0,0,0,0,0,0,0,0,0,0,0,0,0,0,0,0,0,0,0,0,0,0,0,0,0,0,0,0,0,0,0,0,0,0,0,1,0,0,0,0,0,0,0,0,0,0,0,0,0,0,0,0,0,0,0
1990-03-01,0,0,0,0,0,0,0,0,0,1,0,0,0,0,0,0,0,0,0,0,0,0,0,0,0,0,0,0,0,0,0,0,0,0,0,0,0,0,0,0,0,0,0,0,0,0,0,0,0,0,0,0,0,0,0,0,0,0,0,0,0,0,0,0,0,0,0,0,0,0,1,0,0,0,0,0,0,0,0,0,0,1,0,0,0,0,0,0,0,0,0,0,0,0,0,0,0,0,0,0,0
1990-04-01,0,0,0,0,0,0,0,0,0,0,0,0,0,0,0,0,0,0,0,0,0,0,0,0,0,0,0,0,0,0,0,0,0,0,0,0,0,0,0,0,0,0,0,0,0,0,0,0,0,0,0,0,0,0,0,0,0,0,0,0,0,0,0,0,0,0,0,0,0,0,0,0,0,0,0,0,0,0,0,0,0,0,0,0,0,0,0,0,0,0,0,0,0,0,0,0,0,0,0,0,0
1990-05-01,2,2,1,1,1,2,1,2,2,2,1,1,1,2,1,1,1,1,1,1,1,1,1,1,1,1,1,1,1,1,1,1,1,1,2,1,1,2,1,1,2,1,1,1,1,1,1,1,1,1,1,1,1,1,1,1,1,1,1,1,1,1,1,1,1,2,1,2,1,1,2,1,2,1,1,1,1,1,1,1,1,2,1,1,1,1,1,1,1,1,1,1,1,2,1,1,1,1,1,1,1
1990-06-01,6,6,5,7,7,6,6,6,6,6,7,5,5,6,5,6,5,5,5,7,5,6,7,4,5,4,5,6,5,7,5,7,4,5,6,6,6,6,6,6,8,6,5,5,6,5,6,7,7,7,5,7,7,5,7,5,6,7,7,5,5,5,5,4,5,6,5,6,7,7,6,6,6,6,7,5,5,6,5,4,5,6,6,5,5,5,6,6,6,5,6,6,6,6,5,6,7,6,7,7,4
1990-07-01,28,24,33,28,29,22,31,25,24,21,26,36,36,28,36,36,33,33,33,29,33,36,29,35,36,35,34,32,35,29,34,29,35,31,24,32,31,25,36,36,21,36,31,37,31,36,32,26,26,29,34,29,29,35,29,36,32,29,28,36,34,35,37,35,35,23,35,22,25,28,22,29,28,36,29,36,36,36,33,36,37,21,32,36,34,34,36,32,36,34,34,32,36,28,34,31,25,34,26,29,36
1990-08-01,21,25,15,20,16,26,17,23,25,30,21,12,12,21,16,14,16,16,15,19,15,14,19,11,13,12,11,16,14,16,14,16,12,18,25,16,19,23,14,14,20,14,18,12,17,12,16,15,15,16,14,16,19,17,16,11,16,16,20,11,11,11,12,12,13,25,14,26,20,20,27,19,22,14,16,12,12,14,15,12,12,30,16,11,11,11,14,16,14,11,15,16,14,21,15,17,20,15,21,15,12
1990-09-01,20,20,21,22,21,20,21,19,20,19,22,20,20,20,21,21,20,20,21,22,21,20,22,20,20,20,20,20,21,21,21,21,20,20,20,20,21,19,20,21,21,20,20,20,21,20,20,20,20,21,21,21,22,22,21,19,20,21,22,19,18,19,20,20,21,20,21,20,21,22,20,21,21,20,21,20,20,21,21,20,20,19,20,18,18,20,20,20,20,20,21,20,20,20,21,23,21,21,22,19,20
1990-10-01,2,2,3,2,2,2,2,2,2,2,2,4,4,2,4,2,3,3,3,2,3,3,2,4,4,4,4,2,3,2,3,2,4,3,2,2,3,2,3,2,2,3,3,3,2,4,2,2,2,2,3,2,2,3,2,4,2,2,2,4,4,4,3,4,4,2,3,2,2,2,2,2,2,3,2,4,4,2,3,4,3,2,2,4,4,4,3,2,3,4,2,2,3,2,3,3,2,2,2,2,4
1990-11-01,0,0,0,0,0,0,0,0,0,0,0,0,0,0,0,0,0,0,0,0,0,0,0,0,0,0,0,0,0,0,0,0,0,0,0,0,0,0,0,0,0,0,0,0,0,0,0,0,0,0,0,0,0,0,0,0,0,0,0,0,0,0,0,0,0,0,0,0,0,0,0,0,0,0,0,0,0,0,0,0,0,0,0,0,0,0,0,0,0,0,0,0,0,0,0,0,0,0,0,0,0
1990-12-01,0,0,0,0,0,0,0,0,0,0,0,0,0,0,0,0,0,0,0,0,0,0,0,0,0,0,0,0,0,0,0,0,0,0,0,0,0,0,0,0,0,0,0,0,0,0,0,0,0,0,0,0,0,0,0,0,0,0,0,0,0,0,0,0,0,0,0,0,0,0,0,0,0,0,0,0,0,0,0,0,0,0,0,0,0,0,0,0,0,0,0,0,0,0,0,0,0,0,0,0,0
1991-01-01,0,0,0,0,0,0,0,0,0,0,0,0,0,0,0,0,0,0,0,0,0,0,0,0,0,0,0,0,0,0,0,0,0,0,0,0,0,0,0,0,0,0,0,0,0,0,0,0,0,0,0,0,0,0,0,0,0,0,0,0,0,0,0,0,0,0,0,0,0,0,0,0,0,0,0,0,0,0,0,0,0,0,0,0,0,0,0,0,0,0,0,0,0,0,0,0,0,0,0,0,0
1991-02-01,0,0,0,0,0,0,0,0,0,0,0,0,0,0,0,0,0,0,0,0,0,0,0,0,0,0,0,0,0,0,0,0,0,0,0,0,0,0,0,0,0,0,0,0,0,0,0,0,0,0,0,0,0,0,0,0,0,0,0,0,0,0,0,0,0,0,0,0,0,0,0,0,0,0,0,0,0,0,0,0,0,0,0,0,0,0,0,0,0,0,0,0,0,0,0,0,0,0,0,0,0
1991-03-01,0,0,0,0,0,0,0,0,0,0,0,0,0,0,0,0,0,0,0,0,0,0,0,0,0,0,0,0,0,0,0,0,0,0,0,0,0,0,0,0,0,0,0,0,0,0,0,0,0,0,0,0,0,0,0,0,0,0,0,0,0,0,0,0,0,0,0,0,0,0,0,0,0,0,0,0,0,0,0,0,0,0,0,0,0,0,0,0,0,0,0,0,0,0,0,0,0,0,0,0,0
1991-04-01,2,3,1,2,1,3,1,2,3,5,2,1,1,2,2,1,1,1,1,2,1,1,2,1,1,1,1,2,1,1,1,1,1,1,3,1,2,2,1,1,3,1,1,1,1,1,2,2,2,1,1,1,2,2,1,2,2,1,2,2,2,1,1,1,2,3,1,3,2,2,3,2,2,1,1,1,1,1,1,1,1,5,2,2,2,1,1,1,1,1,1,2,1,2,1,2,2,1,2,2,1
1991-05-01,37,42,31,38,34,42,34,40,42,43,38,28,28,37,33,30,32,32,31,36,31,30,36,26,29,26,24,34,30,34,28,34,26,34,42,34,37,40,30,30,42,30,34,26,34,28,34,35,35,34,28,34,36,33,34,27,34,34,38,27,28,25,26,26,27,42,30,42,37,38,42,37,39,31,34,28,28,30,31,26,26,43,34,29,28,24,31,34,30,24,32,34,31,37,31,35,37,32,38,36,26
1991-06-01,128,139,115,140,152,142,128,136,139,149,148,118,118,128,138,132,120,120,115,137,115,134,137,119,128,116,123,142,124,152,115,152,113,126,139,145,131,136,134,132,159,134,126,119,128,118,142,166,166,152,115,152,137,131,152,133,142,152,140,133,133,129,119,116,118,141,124,142,147,140,144,129,134,138,152,118,118,132,115,113,119,149,142,137,133,123,138,145,134,123,139,142,138,128,118,136,147,139,148,172,113
1991-07-01,41,39,44,37,34,37,40,40,39,37,35,44,44,41,47,43,46,46,44,38,44,44,38,42,44,43,41,38,45,34,45,34,43,43,39,39,43,40,44,43,27,44,43,45,40,44,38,30,30,34,45,34,38,45,34,42,38,34,37,42,40,41,45,43,45,38,45,37,32,37,36,41,42,43,34,44,44,43,44,44,45,37,38,42,40,41,43,39,44,41,41,38,43,41,45,40,32,41,35,33,44
1991-08-01,5,6,5,5,4,6,5,6,6,7,5,5,5,5,6,5,5,5,5,5,5,5,5,4,5,5,5,5,5,4,5,4,5,5,6,5,6,6,5,5,5,5,5,4,5,5,5,4,4,4,5,4,5,6,4,5,5,4,5,5,5,4,4,5,5,6,5,6,5,5,6,5,6,5,4,5,5,5,5,4,4,7,5,4,5,5,5,5,5,5,5,5,5,5,5,5,5,5,5,4,4
1991-09-01,44,44,44,44,35,44,44,43,44,44,44,40,40,44,45,38,43,43,44,44,44,39,44,41,42,39,41,36,43,35,43,35,40,43,44,36,46,43,39,38,40,39,43,38,44,40,36,32,32,35,43,35,44,46,35,38,36,35,44,38,38,39,38,39,44,44,43,44,40,44,44,44,46,37,35,40,40,38,44,39,38,44,36,38,38,41,37,36,39,41,38,36,37,44,43,46,40,38,44,31,39
1991-10-01,2,2,3,2,1,2,2,3,2,3,2,3,3,2,4,2,3,3,3,2,3,2,2,4,4,3,4,1,3,1,3,1,4,3,2,2,3,3,2,2,2,2,3,3,2,3,1,1,1,1,3,1,2,3,1,4,1,1,2,4,4,3,3,3,4,2,3,2,2,2,2,3,3,2,1,3,3,2,3,3,3,3,1,4,4,4,2,2,2,4,2,1,2,2,3,3,2,2,2,1,3
1991-11-01,0,0,0,0,0,0,0,0,0,0,0,0,0,0,0,0,1,1,0,0,0,0,0,0,0,0,0,0,0,0,1,0,0,0,0,0,0,0,0,0,1,0,0,0,0,0,0,0,0,0,1,0,0,0,0,0,0,0,0,0,0,0,0,0,0,0,0,0,1,0,1,0,0,0,0,0,0,0,0,0,0,0,0,0,0,0,0,0,0,0,0,0,0,0,0,0,1,0,0,0,0
1991-12-01,0,0,0,0,0,0,0,0,0,0,0,0,0,0,0,0,0,0,0,0,0,0,0,0,0,0,0,0,0,0,0,0,0,0,0,0,0,0,0,0,0,0,0,0,0,0,0,0,0,0,0,0,0,0,0,0,0,0,0,0,0,0,0,0,0,0,0,0,0,0,0,0,0,0,0,0,0,0,0,0,0,0,0,0,0,0,0,0,0,0,0,0,0,0,0,0,0,0,0,0,0
1992-01-01,0,0,0,0,0,0,0,0,0,0,0,0,0,0,0,0,0,0,0,0,0,0,0,0,0,0,0,0,0,0,0,0,0,0,0,0,0,0,0,0,0,0,0,0,0,0,0,0,0,0,0,0,0,0,0,0,0,0,0,0,0,0,0,0,0,0,0,0,0,0,0,0,0,0,0,0,0,0,0,0,0,0,0,0,0,0,0,0,0,0,0,0,0,0,0,0,0,0,0,0,0
1992-02-01,0,0,0,0,0,1,0,0,0,1,1,0,0,0,0,0,0,0,0,0,0,0,0,0,0,0,0,0,0,0,0,0,0,0,0,0,0,0,0,0,1,0,0,0,0,0,0,0,0,0,0,0,0,0,0,0,0,0,0,0,0,0,0,0,0,1,0,1,1,0,1,0,0,0,0,0,0,0,0,0,0,1,0,0,0,0,0,0,0,0,0,0,0,0,0,0,1,0,1,0,0
1992-03-01,4,10,0,4,9,10,3,4,10,15,9,0,0,4,0,3,0,0,0,4,0,0,4,0,0,0,0,4,0,9,0,9,0,3,10,4,3,4,0,3,15,0,3,0,3,0,4,9,9,9,0,9,4,0,9,0,4,9,4,0,2,0,0,0,0,10,0,10,10,4,15,4,4,2,9,0,0,3,0,0,0,15,4,2,2,0,2,4,0,0,3,4,2,4,0,3,10,3,9,8,0
1992-04-01,17,21,9,23,25,25,14,17,21,32,28,18,18,17,17,15,13,13,9,18,9,15,18,19,18,19,23,25,14,25,13,25,18,13,21,20,17,17,15,15,39,15,13,15,14,18,25,31,31,25,13,25,18,18,25,33,25,25,23,33,38,28,15,19,18,21,14,25,28,23,25,17,17,15,25,18,18,15,9,14,15,32,25,42,38,23,15,20,15,23,20,25,15,17,13,18,28,20,28,31,14
1992-05-01,62,73,48,59,48,74,52,70,73,78,59,41,41,62,50,42,51,51,48,56,48,43,56,37,43,37,35,48,45,48,44,48,37,56,73,48,60,70,43,42,63,43,56,37,52,41,48,48,48,48,44,48,56,51,48,38,48,48,59,38,39,36,37,37,40,74,45,74,57,59,74,61,66,43,48,41,41,42,48,37,37,78,48,41,39,35,43,48,43,35,46,48,43,62,48,54,57,46,59,49,37
1992-06-01,161,172,149,179,181,174,164,169,172,180,189,151,151,161,180,160,154,154,149,175,149,166,175,150,163,146,154,172,161,181,149,181,145,160,172,175,167,169,166,160,195,166,160,147,164,151,172,195,195,181,149,181,175,169,181,165,172,181,179,165,165,160,147,146,153,175,161,174,184,179,177,164,168,167,181,151,151,160,149,142,147,180,172,169,165,154,167,175,166,154,168,172,167,161,152,175,184,168,189,202,142
1992-07-01,4,4,4,3,3,4,3,4,4,4,3,3,3,4,3,3,4,4,4,3,4,3,3,2,3,2,2,3,3,3,3,3,2,4,4,3,4,4,3,3,3,3,4,3,3,3,3,3,3,3,3,3,3,3,3,2,3,3,3,2,2,2,3,2,3,4,3,4,3,3,4,4,4,3,3,3,3,3,4,3,3,4,3,2,2,2,3,3,3,2,3,3,3,4,3,3,3,3,3,3,3
1992-08-01,80,82,73,93,87,83,84,81,82,87,95,77,77,80,89,87,74,74,73,91,73,86,91,76,85,78,79,86,80,87,71,87,74,78,82,89,85,81,86,87,90,86,78,77,84,77,86,83,83,87,71,87,91,86,87,87,86,87,93,87,87,81,77,78,76,82,80,83,91,93,85,83,85,90,87,77,77,87,73,75,77,87,86,85,87,79,90,89,86,79,88,86,90,80,74,89,91,88,95,88,75
1992-09-01,13,13,13,13,8,13,13,13,13,13,13,11,11,13,13,9,13,13,13,13,13,10,13,11,12,11,11,9,12,8,13,8,11,13,13,9,14,13,10,9,10,10,13,10,13,11,9,6,6,8,13,8,13,13,8,10,9,8,13,10,10,10,10,11,13,13,12,13,11,13,13,13,14,9,8,11,11,9,13,11,10,13,9,10,10,11,9,9,10,11,9,9,9,13,13,13,11,9,13,6,11
1992-10-01,1,1,1,1,1,1,1,1,1,1,1,1,1,1,1,1,1,1,1,1,1,1,1,1,1,1,1,1,1,1,1,1,1,1,1,1,1,1,1,1,1,1,1,1,1,1,1,1,1,1,1,1,1,1,1,1,1,1,1,1,1,1,1,1,1,1,1,1,1,1,1,1,1,1,1,1,1,1,1,1,1,1,1,1,1,1,1,1,1,1,1,1,1,1,1,1,1,1,1,1,1
1992-11-01,14,14,18,16,28,14,15,14,14,17,16,17,17,14,16,19,20,20,18,15,18,17,15,18,17,18,18,20,17,28,20,28,17,17,14,20,14,14,17,19,33,17,17,21,15,17,20,30,30,28,20,28,15,17,28,19,20,28,16,19,19,19,21,18,16,14,17,14,22,16,17,14,14,19,28,17,17,19,18,19,21,17,20,19,19,18,19,20,17,18,19,20,19,14,17,15,22,19,16,29,19
1992-12-01,0,0,0,0,0,0,0,0,0,0,0,0,0,0,0,0,0,0,0,0,0,0,0,0,0,0,0,0,0,0,0,0,0,0,0,0,0,0,0,0,0,0,0,0,0,0,0,0,0,0,0,0,0,0,0,0,0,0,0,0,0,0,0,0,0,0,0,0,0,0,0,0,0,0,0,0,0,0,0,0,0,0,0,0,0,0,0,0,0,0,0,0,0,0,0,0,0,0,0,0,0
1993-01-01,0,0,0,0,0,0,0,0,0,0,0,0,0,0,0,0,0,0,0,0,0,0,0,0,0,0,0,0,0,0,0,0,0,0,0,0,0,0,0,0,0,0,0,0,0,0,0,0,0,0,0,0,0,0,0,0,0,0,0,0,0,0,0,0,0,0,0,0,0,0,0,0,0,0,0,0,0,0,0,0,0,0,0,0,0,0,0,0,0,0,0,0,0,0,0,0,0,0,0,0,0
1993-02-01,0,0,0,0,0,0,0,0,0,0,0,0,0,0,0,0,0,0,0,0,0,0,0,0,0,0,0,0,0,0,0,0,0,0,0,0,0,0,0,0,0,0,0,0,0,0,0,0,0,0,0,0,0,0,0,0,0,0,0,0,0,0,0,0,0,0,0,0,0,0,0,0,0,0,0,0,0,0,0,0,0,0,0,0,0,0,0,0,0,0,0,0,0,0,0,0,0,0,0,0,0
1993-03-01,0,0,0,0,0,0,0,0,0,0,0,0,0,0,0,0,0,0,0,0,0,0,0,0,0,0,0,0,0,0,0,0,0,0,0,0,0,0,0,0,0,0,0,0,0,0,0,0,0,0,0,0,0,0,0,0,0,0,0,0,0,0,0,0,0,0,0,0,0,0,0,0,0,0,0,0,0,0,0,0,0,0,0,0,0,0,0,0,0,0,0,0,0,0,0,0,0,0,0,0,0
1993-04-01,15,18,8,20,21,21,12,15,18,26,23,18,18,15,17,13,12,12,8,16,8,13,16,18,18,18,23,21,13,21,12,21,18,12,18,17,16,15,13,13,29,13,12,13,12,18,21,25,25,21,12,21,16,17,21,33,21,21,20,33,38,28,13,18,17,18,13,21,23,20,20,15,15,13,21,18,18,13,8,13,13,26,21,43,38,23,13,17,13,23,17,21,13,15,12,16,23,17,23,25,13
1993-05-01,85,98,71,90,88,98,79,94,98,98,91,63,63,85,72,72,72,72,71,86,71,72,86,58,66,58,56,85,67,88,63,88,57,79,98,84,84,94,72,72,104,72,79,62,79,63,85,91,91,88,63,88,86,74,88,63,85,88,90,63,66,60,62,58,59,98,67,98,91,90,97,86,90,75,88,63,63,72,71,59,62,98,85,70,66,56,75,84,72,56,80,85,75,85,70,81,91,80,91,94,59
1993-06-01,7,8,6,7,5,8,7,8,8,8,8,6,6,7,8,5,7,7,6,7,6,5,7,5,6,5,5,5,7,5,6,5,6,7,8,5,7,8,5,5,7,5,7,5,7,6,5,4,4,5,6,5,7,7,5,5,5,5,7,5,5,5,5,5,6,8,7,8,7,7,8,7,8,5,5,6,6,5,6,5,5,8,5,5,5,5,5,5,5,5,5,5,5,7,7,7,7,5,8,4,5
1993-07-01,29,26,33,28,25,24,30,27,26,23,26,33,33,29,34,32,33,33,33,29,33,33,29,32,33,32,31,28,33,25,33,25,32,31,26,29,31,27,33,32,20,33,31,33,30,33,28,22,22,25,33,25,29,33,25,32,28,25,28,32,31,31,33,32,33,25,33,24,24,28,24,29,29,32,25,33,33,32,33,33,33,23,28,32,31,31,32,29,33,31,30,28,32,29,33,30,24,30,26,24,33
1993-08-01,29,31,26,32,30,31,29,30,31,34,33,27,27,29,32,29,27,27,26,32,26,29,32,26,29,26,26,30,28,30,26,30,26,28,31,31,31,30,29,29,32,29,28,26,29,27,30,29,29,30,26,30,32,31,30,27,30,30,32,27,27,26,26,26,27,31,28,31,32,32,32,30,31,30,30,27,27,29,26,26,26,34,30,26,27,26,30,31,29,26,30,30,30,29,26,31,32,30,33,31,26
1993-09-01,9,9,10,10,10,10,10,9,9,9,10,8,8,9,9,9,9,9,10,10,10,9,10,8,8,8,8,9,9,10,9,10,8,9,9,9,10,9,9,9,10,9,9,8,10,8,9,9,9,10,9,10,10,10,10,7,9,10,10,7,7,7,8,8,9,9,9,10,10,10,10,10,10,9,10,8,8,9,10,8,8,9,9,6,7,8,9,9,9,8,9,9,9,9,9,10,10,9,10,9,8
1993-10-01,0,0,0,0,0,0,0,0,0,0,0,0,0,0,0,0,0,0,0,0,0,0,0,0,0,0,0,0,0,0,0,0,0,0,0,0,0,0,0,0,0,0,0,0,0,0,0,0,0,0,0,0,0,0,0,0,0,0,0,0,0,0,0,0,0,0,0,0,0,0,0,0,0,0,0,0,0,0,0,0,0,0,0,0,0,0,0,0,0,0,0,0,0,0,0,0,0,0,0,0,0
1993-11-01,0,0,0,0,0,0,0,0,0,0,0,0,0,0,0,0,0,0,0,0,0,0,0,0,0,0,0,0,0,0,0,0,0,0,0,0,0,0,0,0,0,0,0,0,0,0,0,0,0,0,0,0,0,0,0,0,0,0,0,0,0,0,0,0,0,0,0,0,0,0,0,0,0,0,0,0,0,0,0,0,0,0,0,0,0,0,0,0,0,0,0,0,0,0,0,0,0,0,0,0,0
1993-12-01,0,0,0,0,0,0,0,0,0,0,0,0,0,0,0,0,0,0,0,0,0,0,0,0,0,0,0,0,0,0,0,0,0,0,0,0,0,0,0,0,0,0,0,0,0,0,0,0,0,0,0,0,0,0,0,0,0,0,0,0,0,0,0,0,0,0,0,0,0,0,0,0,0,0,0,0,0,0,0,0,0,0,0,0,0,0,0,0,0,0,0,0,0,0,0,0,0,0,0,0,0
1994-01-01,0,0,0,0,0,0,0,0,0,0,0,0,0,0,0,0,0,0,0,0,0,0,0,0,0,0,0,0,0,0,0,0,0,0,0,0,0,0,0,0,0,0,0,0,0,0,0,0,0,0,0,0,0,0,0,0,0,0,0,0,0,0,0,0,0,0,0,0,0,0,0,0,0,0,0,0,0,0,0,0,0,0,0,0,0,0,0,0,0,0,0,0,0,0,0,0,0,0,0,0,0
1994-02-01,0,0,0,0,0,0,0,0,0,0,0,0,0,0,0,0,0,0,0,0,0,0,0,0,0,0,0,0,0,0,0,0,0,0,0,0,0,0,0,0,0,0,0,0,0,0,0,0,0,0,0,0,0,0,0,0,0,0,0,0,0,0,0,0,0,0,0,0,0,0,0,0,0,0,0,0,0,0,0,0,0,0,0,0,0,0,0,0,0,0,0,0,0,0,0,0,0,0,0,0,0
1994-03-01,0,0,0,0,0,0,0,0,0,0,0,0,0,0,0,0,0,0,0,0,0,0,0,0,0,0,0,0,0,0,0,0,0,0,0,0,0,0,0,0,0,0,0,0,0,0,0,0,0,0,0,0,0,0,0,0,0,0,0,0,0,0,0,0,0,0,0,0,0,0,0,0,0,0,0,0,0,0,0,0,0,0,0,0,0,0,0,0,0,0,0,0,0,0,0,0,0,0,0,0,0
1994-04-01,2,2,1,2,2,2,1,2,2,3,2,1,1,2,1,1,1,1,1,2,1,1,2,1,1,1,1,2,1,2,1,2,1,1,2,1,2,2,1,1,3,1,1,1,1,1,2,2,2,2,1,2,2,2,2,2,2,2,2,2,2,2,1,1,1,2,1,2,2,2,2,2,2,1,2,1,1,1,1,1,1,3,2,2,2,1,1,1,1,1,1,2,1,2,1,2,2,1,2,2,1
1994-05-01,12,14,9,11,9,14,10,13,14,14,11,7,7,12,9,8,10,10,9,10,9,8,10,7,8,7,6,9,8,9,8,9,7,10,14,9,11,13,8,8,12,8,10,7,10,7,9,9,9,9,8,9,10,9,9,7,9,9,11,7,7,7,7,7,7,14,8,14,11,11,14,11,12,8,9,7,7,8,9,7,7,14,9,8,7,6,8,9,8,6,9,9,8,12,9,10,11,9,11,9,7
1994-06-01,16,16,15,18,22,16,17,16,16,17,18,18,18,16,20,20,16,16,15,18,15,20,18,19,20,18,20,20,18,22,16,22,18,16,16,21,17,16,20,20,20,20,16,18,17,18,20,24,24,22,16,22,18,19,22,22,20,22,18,22,23,22,18,18,18,16,18,16,18,18,16,16,17,21,22,18,18,20,15,18,18,17,20,23,23,20,21,21,20,20,20,20,21,16,16,18,18,20,18,25,18
1994-07-01,33,30,36,31,24,28,33,31,30,28,29,34,34,33,37,31,37,37,36,32,36,33,32,32,34,33,31,28,36,24,37,24,33,35,30,28,34,31,33,31,21,33,35,33,33,34,28,21,21,24,37,24,32,37,24,31,28,24,31,31,29,30,33,33,35,29,36,28,27,31,28,33,33,31,24,34,34,31,36,33,33,28,28,30,29,31,31,28,33,31,30,28,31,33,36,33,27,30,29,23,33
1994-08-01,6,7,5,7,6,7,6,7,7,8,7,5,5,6,6,6,6,6,5,7,5,5,7,4,5,5,4,6,5,6,5,6,5,6,7,6,6,7,5,6,7,5,6,5,6,5,6,6,6,6,5,6,7,6,6,4,6,6,7,4,4,4,5,5,5,7,5,7,7,7,7,6,7,6,6,5,5,6,5,5,5,8,6,4,4,4,6,6,5,4,6,6,6,6,5,6,7,6,7,6,5
1994-09-01,3,3,3,2,2,3,3,3,3,3,2,3,3,3,3,2,3,3,3,3,3,3,3,3,3,3,3,2,3,2,3,2,3,3,3,2,3,3,3,2,2,3,3,3,3,3,2,1,1,2,3,2,3,3,2,3,2,2,2,3,3,3,3,3,3,3,3,3,2,2,3,3,3,2,2,3,3,2,3,3,3,3,2,3,3,3,2,2,3,3,2,2,2,3,3,3,2,2,2,1,3
1994-10-01,1,1,1,1,0,1,0,1,1,1,1,0,0,1,0,0,1,1,1,0,1,0,0,0,0,0,0,0,0,0,0,0,0,1,1,0,1,1,0,0,1,0,1,0,0,0,0,0,0,0,0,0,0,0,0,0,0,0,1,0,0,0,0,0,0,1,0,1,1,1,1,1,1,0,0,0,0,0,1,0,0,1,0,0,0,0,0,0,0,0,0,0,0,1,1,0,1,0,1,0,0
1994-11-01,0,0,0,0,0,0,0,0,0,0,0,0,0,0,0,0,0,0,0,0,0,0,0,0,0,0,0,0,0,0,0,0,0,0,0,0,0,0,0,0,0,0,0,0,0,0,0,0,0,0,0,0,0,0,0,0,0,0,0,0,0,0,0,0,0,0,0,0,0,0,0,0,0,0,0,0,0,0,0,0,0,0,0,0,0,0,0,0,0,0,0,0,0,0,0,0,0,0,0,0,0
1994-12-01,0,0,0,0,0,0,0,0,0,0,0,0,0,0,0,0,0,0,0,0,0,0,0,0,0,0,0,0,0,0,0,0,0,0,0,0,0,0,0,0,0,0,0,0,0,0,0,0,0,0,0,0,0,0,0,0,0,0,0,0,0,0,0,0,0,0,0,0,0,0,0,0,0,0,0,0,0,0,0,0,0,0,0,0,0,0,0,0,0,0,0,0,0,0,0,0,0,0,0,0,0
1995-01-01,0,0,0,0,0,1,0,0,0,2,0,0,0,0,0,0,0,0,0,0,0,0,0,0,0,0,0,0,0,0,0,0,0,0,0,0,0,0,0,0,3,0,0,0,0,0,0,0,0,0,0,0,0,0,0,0,0,0,0,0,0,0,0,0,0,0,0,1,0,0,2,0,0,0,0,0,0,0,0,0,0,2,0,0,0,0,0,0,0,0,0,0,0,0,0,0,0,0,0,0,0
1995-02-01,0,0,0,0,0,0,0,0,0,0,0,0,0,0,0,0,0,0,0,0,0,0,0,0,0,0,0,0,0,0,0,0,0,0,0,0,0,0,0,0,0,0,0,0,0,0,0,0,0,0,0,0,0,0,0,0,0,0,0,0,0,0,0,0,0,0,0,0,0,0,0,0,0,0,0,0,0,0,0,0,0,0,0,0,0,0,0,0,0,0,0,0,0,0,0,0,0,0,0,0,0
1995-03-01,0,0,0,0,0,0,0,0,0,0,0,0,0,0,0,0,0,0,0,0,0,0,0,0,0,0,0,0,0,0,0,0,0,0,0,0,0,0,0,0,0,0,0,0,0,0,0,0,0,0,0,0,0,0,0,0,0,0,0,0,0,0,0,0,0,0,0,0,0,0,0,0,0,0,0,0,0,0,0,0,0,0,0,0,0,0,0,0,0,0,0,0,0,0,0,0,0,0,0,0,0
1995-04-01,7,9,4,9,10,10,5,7,9,14,11,7,7,7,7,6,5,5,4,7,4,6,7,8,8,8,10,10,5,10,5,10,8,5,9,8,7,7,6,6,15,6,5,6,5,7,10,12,12,10,5,10,7,7,10,15,10,10,9,15,17,13,6,8,7,9,5,10,11,9,10,7,7,6,10,7,7,6,4,6,6,14,10,20,17,10,6,8,6,10,8,10,6,7,5,7,11,8,11,12,6
1995-05-01,2,3,1,2,1,3,2,2,3,3,2,1,1,2,1,1,2,2,1,2,1,1,2,1,1,1,1,1,1,1,1,1,1,2,3,1,2,2,1,1,2,1,2,1,2,1,1,1,1,1,1,1,2,1,1,1,1,1,2,1,1,1,1,1,1,3,1,3,2,2,3,2,2,1,1,1,1,1,1,1,1,3,1,1,1,1,1,1,1,1,1,1,1,2,1,2,2,1,2,1,1
1995-06-01,22,25,18,21,16,26,19,25,25,29,22,17,17,22,22,16,20,20,18,21,18,17,21,16,19,16,17,16,19,16,18,16,17,21,25,17,22,25,17,16,21,17,21,15,19,17,16,16,16,16,18,16,21,21,16,17,16,16,21,17,17,17,15,16,18,26,19,26,20,21,27,21,23,16,16,17,17,16,18,16,15,29,16,17,17,17,16,17,17,17,16,16,16,22,19,21,20,16,22,17,16
1995-07-01,24,21,29,23,19,19,27,22,21,19,21,34,34,24,34,28,31,31,29,25,29,30,25,33,34,33,32,22,32,19,32,19,33,27,21,23,28,22,30,28,15,30,27,32,27,34,22,16,16,19,32,19,25,32,19,34,22,19,23,34,33,33,32,33,34,20,32,19,19,23,19,25,25,28,19,34,34,28,29,33,32,19,22,34,33,32,28,23,30,32,25,22,28,24,30,27,19,25,21,18,33
1995-08-01,20,22,17,20,15,22,18,21,22,25,20,16,16,20,20,16,18,18,17,19,17,17,19,15,18,16,16,16,17,15,16,15,16,19,22,16,20,21,17,16,19,17,19,15,18,16,16,14,14,15,16,15,19,20,15,17,16,15,20,17,17,16,15,16,17,21,17,22,19,20,23,20,21,17,15,16,16,16,17,15,15,25,16,16,17,16,17,16,17,16,16,16,17,20,17,19,19,16,20,15,15
1995-09-01,15,16,15,16,14,16,15,15,16,16,16,13,13,15,14,14,14,14,15,16,15,13,16,12,13,12,12,14,14,14,14,14,12,15,16,14,16,15,13,14,15,13,15,13,15,13,14,13,13,14,14,14,16,15,14,11,14,14,16,11,11,11,13,12,14,16,14,16,15,16,16,15,16,13,14,13,13,14,15,13,13,16,14,11,11,12,13,14,13,12,14,14,13,15,15,16,15,14,16,13,13
1995-10-01,0,1,1,1,1,1,1,1,1,1,1,0,0,0,0,0,0,0,1,1,1,0,1,0,0,0,0,1,0,1,0,1,0,1,1,0,1,1,0,0,1,0,1,0,1,0,1,1,1,1,0,1,1,0,1,0,1,1,1,0,0,0,0,0,0,1,0,1,1,1,1,1,1,0,1,0,0,0,1,0,0,1,1,0,0,0,0,0,0,0,0,1,0,0,1,1,1,0,1,1,0
1995-11-01,0,0,0,0,0,0,0,0,0,0,0,0,0,0,0,0,0,0,0,0,0,0,0,0,0,0,0,0,0,0,0,0,0,0,0,0,0,0,0,0,0,0,0,0,0,0,0,0,0,0,0,0,0,0,0,0,0,0,0,0,0,0,0,0,0,0,0,0,0,0,0,0,0,0,0,0,0,0,0,0,0,0,0,0,0,0,0,0,0,0,0,0,0,0,0,0,0,0,0,0,0
1995-12-01,0,0,0,0,0,0,0,0,0,0,0,0,0,0,0,0,0,0,0,0,0,0,0,0,0,0,0,0,0,0,0,0,0,0,0,0,0,0,0,0,0,0,0,0,0,0,0,0,0,0,0,0,0,0,0,0,0,0,0,0,0,0,0,0,0,0,0,0,0,0,0,0,0,0,0,0,0,0,0,0,0,0,0,0,0,0,0,0,0,0,0,0,0,0,0,0,0,0,0,0,0
1996-01-01,0,0,0,0,0,0,0,0,0,0,0,0,0,0,0,0,0,0,0,0,0,0,0,0,0,0,0,0,0,0,0,0,0,0,0,0,0,0,0,0,0,0,0,0,0,0,0,0,0,0,0,0,0,0,0,0,0,0,0,0,0,0,0,0,0,0,0,0,0,0,0,0,0,0,0,0,0,0,0,0,0,0,0,0,0,0,0,0,0,0,0,0,0,0,0,0,0,0,0,0,0
1996-02-01,0,0,0,0,0,0,0,0,0,0,0,0,0,0,0,0,0,0,0,0,0,0,0,0,0,0,0,0,0,0,0,0,0,0,0,0,0,0,0,0,0,0,0,0,0,0,0,0,0,0,0,0,0,0,0,0,0,0,0,0,0,0,0,0,0,0,0,0,0,0,0,0,0,0,0,0,0,0,0,0,0,0,0,0,0,0,0,0,0,0,0,0,0,0,0,0,0,0,0,0,0
1996-03-01,0,0,0,0,0,0,0,0,0,0,0,0,0,0,0,0,0,0,0,0,0,0,0,0,0,0,0,0,0,0,0,0,0,0,0,0,0,0,0,0,0,0,0,0,0,0,0,0,0,0,0,0,0,0,0,0,0,0,0,0,0,0,0,0,0,0,0,0,0,0,0,0,0,0,0,0,0,0,0,0,0,0,0,0,0,0,0,0,0,0,0,0,0,0,0,0,0,0,0,0,0
1996-04-01,12,15,6,15,14,18,9,12,15,24,18,12,12,12,12,9,9,9,6,12,6,9,12,13,13,12,16,14,9,14,9,14,12,9,15,12,12,12,9,9,23,9,9,9,9,12,14,17,17,14,9,14,12,12,14,23,14,14,15,23,27,20,9,12,12,15,9,18,17,15,18,12,12,9,14,12,12,9,6,9,9,24,14,31,27,16,9,12,9,16,12,14,9,12,9,12,17,12,18,17,9
1996-05-01,2,2,1,2,1,2,1,2,2,3,2,1,1,2,1,1,1,1,1,2,1,1,2,1,1,1,1,1,1,1,1,1,1,2,2,1,2,2,1,1,2,1,2,1,1,1,1,1,1,1,1,1,2,1,1,1,1,1,2,1,1,1,1,1,1,2,1,2,2,2,2,2,2,1,1,1,1,1,1,1,1,3,1,1,1,1,1,1,1,1,1,1,1,2,1,1,2,1,2,1,1
1996-06-01,17,19,14,17,15,20,15,18,19,21,19,12,12,17,16,12,15,15,14,17,14,13,17,11,12,11,11,14,14,15,14,15,11,16,19,14,16,18,13,12,19,13,16,11,15,12,14,15,15,15,14,15,17,15,15,10,14,15,17,10,10,10,11,11,13,20,14,20,18,17,20,16,17,12,15,12,12,12,14,11,11,21,14,10,10,11,12,14,13,11,13,14,12,17,14,16,18,13,19,15,11
1996-07-01,44,39,51,43,42,37,48,41,39,36,41,53,53,44,55,53,52,52,51,45,51,54,45,52,53,52,51,47,53,42,53,42,52,48,39,48,48,41,54,53,32,54,48,55,48,53,47,38,38,42,53,42,45,53,42,53,47,42,43,53,51,52,55,52,53,39,53,37,39,43,36,45,45,53,42,53,53,53,51,53,55,36,47,53,51,51,53,48,54,51,50,47,53,44,52,48,39,50,41,42,53
1996-08-01,24,25,21,28,28,26,25,25,25,28,29,19,19,24,24,24,21,21,21,27,21,23,27,18,20,19,18,26,22,28,20,28,18,23,25,26,25,25,23,24,30,23,23,20,25,19,26,28,28,28,20,28,27,24,28,18,26,28,28,18,18,17,20,19,19,26,22,26,29,28,27,24,25,24,28,19,19,24,21,18,20,28,26,18,18,18,24,26,23,18,25,26,24,24,21,26,29,25,29,28,18
1996-09-01,0,0,0,0,0,0,0,0,0,0,0,0,0,0,0,0,0,0,0,0,0,0,0,0,0,0,0,0,0,0,0,0,0,0,0,0,0,0,0,0,0,0,0,0,0,0,0,0,0,0,0,0,0,0,0,0,0,0,0,0,0,0,0,0,0,0,0,0,0,0,0,0,0,0,0,0,0,0,0,0,0,0,0,0,0,0,0,0,0,0,0,0,0,0,0,0,0,0,0,0,0
1996-10-01,1,2,2,2,2,2,2,2,2,2,2,2,2,1,2,2,2,2,2,1,2,2,1,2,2,2,2,2,2,2,2,2,2,2,2,2,2,2,2,2,3,2,2,2,2,2,2,2,2,2,2,2,1,2,2,2,2,2,2,2,2,2,2,2,2,2,2,2,2,2,2,2,2,2,2,2,2,2,2,2,2,2,2,2,2,2,2,2,2,2,2,2,2,1,2,2,2,2,2,2,2
1996-11-01,0,0,0,0,0,0,0,0,0,0,0,0,0,0,0,0,0,0,0,0,0,0,0,0,0,0,0,0,0,0,0,0,0,0,0,0,0,0,0,0,0,0,0,0,0,0,0,0,0,0,0,0,0,0,0,0,0,0,0,0,0,0,0,0,0,0,0,0,0,0,0,0,0,0,0,0,0,0,0,0,0,0,0,0,0,0,0,0,0,0,0,0,0,0,0,0,0,0,0,0,0
1996-12-01,0,0,0,0,0,0,0,0,0,1,0,0,0,0,0,0,0,0,0,0,0,0,0,0,0,0,0,0,0,0,0,0,0,0,0,0,0,0,0,0,0,0,0,0,0,0,0,0,0,0,0,0,0,0,0,0,0,0,0,0,0,0,0,0,0,0,0,0,0,0,0,0,0,0,0,0,0,0,0,0,0,1,0,0,0,0,0,0,0,0,0,0,0,0,0,0,0,0,0,0,0
1997-01-01,0,0,0,0,0,0,0,0,0,0,0,0,0,0,0,0,0,0,0,0,0,0,0,0,0,0,0,0,0,0,0,0,0,0,0,0,0,0,0,0,0,0,0,0,0,0,0,0,0,0,0,0,0,0,0,0,0,0,0,0,0,0,0,0,0,0,0,0,0,0,0,0,0,0,0,0,0,0,0,0,0,0,0,0,0,0,0,0,0,0,0,0,0,0,0,0,0,0,0,0,0
1997-02-01,0,0,0,0,0,0,0,0,0,0,0,0,0,0,0,0,0,0,0,0,0,0,0,0,0,0,0,0,0,0,0,0,0,0,0,0,0,0,0,0,0,0,0,0,0,0,0,0,0,0,0,0,0,0,0,0,0,0,0,0,0,0,0,0,0,0,0,0,0,0,0,0,0,0,0,0,0,0,0,0,0,0,0,0,0,0,0,0,0,0,0,0,0,0,0,0,0,0,0,0,0
1997-03-01,2,5,0,2,4,6,2,2,5,9,4,0,0,2,0,1,0,0,0,2,0,0,2,0,0,0,0,2,0,4,0,4,0,2,5,2,1,2,0,1,8,0,2,0,2,0,2,4,4,4,0,4,2,0,4,0,2,4,2,0,1,0,0,0,0,6,0,6,5,2,9,2,2,1,4,0,0,1,0,0,0,9,2,1,1,0,1,2,0,0,1,2,1,2,0,1,5,1,4,4,0
1997-04-01,0,0,0,0,0,0,0,0,0,0,0,0,0,0,0,0,0,0,0,0,0,0,0,0,0,0,0,0,0,0,0,0,0,0,0,0,0,0,0,0,0,0,0,0,0,0,0,0,0,0,0,0,0,0,0,0,0,0,0,0,0,0,0,0,0,0,0,0,0,0,0,0,0,0,0,0,0,0,0,0,0,0,0,0,0,0,0,0,0,0,0,0,0,0,0,0,0,0,0,0,0
1997-05-01,51,60,40,42,22,60,40,59,60,66,41,39,39,51,49,27,45,45,40,42,40,32,42,34,41,34,32,26,39,22,39,22,36,47,60,28,51,59,32,27,37,32,47,29,40,39,26,18,18,22,39,22,42,47,22,34,26,22,42,34,36,33,29,34,38,60,39,60,35,42,61,49,56,29,22,39,39,27,40,33,29,66,26,38,36,32,29,28,32,32,28,26,29,51,41,43,35,28,41,21,33
1997-06-01,206,224,186,221,211,227,204,219,224,238,235,185,185,206,223,190,193,193,186,217,186,199,217,181,198,177,185,203,198,211,185,211,176,202,224,207,210,219,199,190,236,199,202,177,204,185,203,223,223,211,185,211,217,211,211,193,203,211,221,193,192,189,177,177,189,228,198,227,226,221,231,207,215,199,211,185,185,190,186,173,177,238,203,196,192,185,199,207,199,185,198,203,199,206,190,216,226,198,235,232,173
1997-07-01,21,19,22,19,16,18,20,20,19,18,17,23,23,21,24,21,23,23,22,19,22,22,19,22,23,22,22,18,23,16,23,16,22,22,19,19,22,20,22,21,13,22,22,23,20,23,18,14,14,16,23,16,19,23,16,22,18,16,19,22,22,22,23,22,23,19,23,18,16,19,18,21,21,21,16,23,23,21,22,22,23,18,18,22,22,22,21,19,22,22,20,18,21,21,23,21,16,20,17,16,22
1997-08-01,141,151,123,158,169,155,141,147,151,169,162,127,127,141,147,156,126,126,123,153,123,149,153,125,139,129,129,161,133,169,119,169,123,134,151,165,146,147,149,156,169,149,134,131,141,127,161,167,167,169,119,169,153,143,169,141,161,169,158,141,141,132,131,129,125,151,133,155,161,158,159,142,148,160,169,127,127,156,123,125,131,169,161,138,141,129,160,165,149,129,160,161,160,141,123,149,161,160,162,176,125
1997-09-01,14,14,14,14,14,14,14,14,14,14,14,13,13,14,15,14,14,14,14,14,14,13,14,13,14,13,13,14,14,14,14,14,13,14,14,13,15,14,13,14,14,13,14,13,14,13,14,14,14,14,14,14,14,15,14,12,14,14,14,12,12,13,13,13,14,14,14,14,13,14,14,14,15,14,14,13,13,14,14,13,13,14,14,12,12,13,14,13,13,13,14,14,14,14,14,15,13,14,14,13,13
1997-10-01,39,43,45,45,46,43,45,43,43,47,46,44,44,39,44,39,44,44,45,40,45,39,40,43,44,44,43,40,44,46,44,46,44,44,43,40,44,43,39,39,73,39,44,44,45,44,40,52,52,46,44,46,40,44,46,43,40,46,45,43,43,43,44,44,44,43,44,43,46,45,43,44,44,39,46,44,44,39,45,44,44,47,40,43,43,43,39,40,39,43,39,40,39,39,45,45,46,39,46,52,44
1997-11-01,1,1,2,1,1,1,1,1,1,1,1,3,3,1,2,1,2,2,2,1,2,1,1,3,3,3,3,1,2,1,2,1,3,1,1,1,1,1,1,1,1,1,1,2,1,3,1,0,0,1,2,1,1,2,1,3,1,1,1,3,3,3,2,3,3,1,2,1,1,1,1,1,1,1,1,3,3,1,2,2,2,1,1,3,3,3,1,1,1,3,1,1,1,1,2,1,1,1,1,1,2
1997-12-01,0,0,0,0,0,1,0,0,0,3,0,0,0,0,0,0,0,0,0,0,0,0,0,0,0,0,0,0,0,0,0,0,0,0,0,0,0,0,0,0,1,0,0,0,0,0,0,0,0,0,0,0,0,0,0,0,0,0,0,0,0,0,0,0,0,0,0,1,0,0,1,0,0,0,0,0,0,0,0,0,0,3,0,0,0,0,0,0,0,0,0,0,0,0,0,0,0,0,0,0,0
1998-01-01,0,0,0,0,0,0,0,0,0,0,0,0,0,0,0,0,0,0,0,0,0,0,0,0,0,0,0,0,0,0,0,0,0,0,0,0,0,0,0,0,0,0,0,0,0,0,0,0,0,0,0,0,0,0,0,0,0,0,0,0,0,0,0,0,0,0,0,0,0,0,0,0,0,0,0,0,0,0,0,0,0,0,0,0,0,0,0,0,0,0,0,0,0,0,0,0,0,0,0,0,0
1998-02-01,4,7,0,5,8,10,2,4,7,14,8,0,0,4,0,0,0,0,0,5,0,0,5,0,0,0,0,5,0,8,0,8,0,2,7,2,2,4,0,0,19,0,2,0,2,0,5,11,11,8,0,8,5,0,8,0,5,8,5,0,0,0,0,0,0,9,0,10,9,5,13,4,4,1,8,0,0,0,0,0,0,14,5,0,0,0,1,2,0,0,2,5,1,4,0,2,9,2,8,10,0
1998-03-01,0,0,0,0,1,1,0,0,0,1,0,0,0,0,0,0,0,0,0,0,0,0,0,0,0,0,0,0,0,1,0,1,0,0,0,0,0,0,0,0,1,0,0,0,0,0,0,1,1,1,0,1,0,0,1,0,0,1,0,0,0,0,0,0,0,1,0,1,1,0,1,0,0,0,1,0,0,0,0,0,0,1,0,0,0,0,0,0,0,0,0,0,0,0,0,0,1,0,0,1,0
1998-04-01,13,16,7,17,15,20,10,13,16,27,20,13,13,13,13,10,10,10,7,13,7,10,13,13,13,13,16,16,10,15,10,15,13,10,16,13,13,13,10,10,26,10,10,10,10,13,16,18,18,15,10,15,13,13,15,22,16,15,17,22,25,19,10,13,13,16,10,20,20,17,20,13,13,10,15,13,13,10,7,10,10,27,16,28,25,16,10,13,10,16,13,16,10,13,10,13,20,13,20,18,10
1998-05-01,5,7,3,4,3,7,3,6,7,8,4,2,2,5,3,3,3,3,3,3,3,3,3,2,2,2,2,3,2,3,2,3,2,4,7,3,4,6,3,3,5,3,4,2,3,2,3,3,3,3,2,3,3,3,3,2,3,3,4,2,2,2,2,2,2,7,2,7,4,4,7,4,5,3,3,2,2,3,3,2,2,8,3,2,2,2,3,3,3,2,3,3,3,5,3,3,4,3,4,3,2
1998-06-01,13,15,11,14,18,16,12,15,15,17,15,10,10,13,12,13,11,11,11,13,11,12,13,9,10,9,10,16,11,18,10,18,9,12,15,15,13,15,12,13,18,12,12,11,12,10,16,20,20,18,10,18,13,12,18,10,16,18,14,10,10,10,11,9,10,16,11,16,15,14,16,13,14,13,18,10,10,13,11,9,11,17,16,10,10,10,13,15,12,10,14,16,13,13,11,13,15,14,15,20,9
1998-07-01,0,0,0,0,0,0,0,0,0,0,0,0,0,0,0,0,0,0,0,0,0,0,0,0,0,0,0,0,0,0,0,0,0,0,0,0,0,0,0,0,0,0,0,0,0,0,0,0,0,0,0,0,0,0,0,0,0,0,0,0,0,0,0,0,0,0,0,0,0,0,0,0,0,0,0,0,0,0,0,0,0,0,0,0,0,0,0,0,0,0,0,0,0,0,0,0,0,0,0,0,0
1998-08-01,0,0,0,0,0,0,0,0,0,0,0,0,0,0,0,0,0,0,0,0,0,0,0,0,0,0,0,0,0,0,0,0,0,0,0,0,0,0,0,0,0,0,0,0,0,0,0,0,0,0,0,0,0,0,0,0,0,0,0,0,0,0,0,0,0,0,0,0,0,0,0,0,0,0,0,0,0,0,0,0,0,0,0,0,0,0,0,0,0,0,0,0,0,0,0,0,0,0,0,0,0
1998-09-01,5,6,5,5,4,6,5,6,6,6,5,4,4,5,4,4,5,5,5,5,5,4,5,4,4,3,4,4,4,4,4,4,4,5,6,4,5,6,4,4,5,4,5,4,5,4,4,4,4,4,4,4,5,5,4,3,4,4,5,3,3,3,4,3,4,6,4,6,4,5,6,5,5,4,4,4,4,4,5,4,4,6,4,3,3,4,4,4,4,4,4,4,4,5,4,5,4,4,5,3,4
1998-10-01,0,0,0,0,0,0,0,0,0,0,0,1,1,0,0,0,0,0,0,0,0,0,0,1,1,1,1,0,0,0,0,0,1,0,0,0,0,0,0,0,0,0,0,0,0,1,0,0,0,0,0,0,0,0,0,1,0,0,0,1,1,1,0,1,1,0,0,0,0,0,0,0,0,0,0,1,1,0,0,0,0,0,0,1,1,1,0,0,0,1,0,0,0,0,0,0,0,0,0,0,0
1998-11-01,0,0,0,0,0,0,0,0,0,0,0,0,0,0,0,0,0,0,0,0,0,0,0,0,0,0,0,0,0,0,0,0,0,0,0,0,0,0,0,0,0,0,0,0,0,0,0,0,0,0,0,0,0,0,0,0,0,0,0,0,0,0,0,0,0,0,0,0,0,0,0,0,0,0,0,0,0,0,0,0,0,0,0,0,0,0,0,0,0,0,0,0,0,0,0,0,0,0,0,0,0
1998-12-01,0,0,0,0,0,0,0,0,0,0,0,0,0,0,0,0,0,0,0,0,0,0,0,0,0,0,0,0,0,0,0,0,0,0,0,0,0,0,0,0,0,0,0,0,0,0,0,0,0,0,0,0,0,0,0,0,0,0,0,0,0,0,0,0,0,0,0,0,0,0,0,0,0,0,0,0,0,0,0,0,0,0,0,0,0,0,0,0,0,0,0,0,0,0,0,0,0,0,0,0,0
1999-01-01,0,0,0,0,0,0,0,0,0,0,0,0,0,0,0,0,0,0,0,0,0,0,0,0,0,0,0,0,0,0,0,0,0,0,0,0,0,0,0,0,0,0,0,0,0,0,0,0,0,0,0,0,0,0,0,0,0,0,0,0,0,0,0,0,0,0,0,0,0,0,0,0,0,0,0,0,0,0,0,0,0,0,0,0,0,0,0,0,0,0,0,0,0,0,0,0,0,0,0,0,0
1999-02-01,0,0,0,0,0,0,0,0,0,0,0,0,0,0,0,0,0,0,0,0,0,0,0,0,0,0,0,0,0,0,0,0,0,0,0,0,0,0,0,0,0,0,0,0,0,0,0,0,0,0,0,0,0,0,0,0,0,0,0,0,0,0,0,0,0,0,0,0,0,0,0,0,0,0,0,0,0,0,0,0,0,0,0,0,0,0,0,0,0,0,0,0,0,0,0,0,0,0,0,0,0
1999-03-01,2,6,0,2,7,6,2,3,6,9,5,0,0,2,0,2,0,0,0,2,0,0,2,0,0,0,0,3,0,7,0,7,0,2,6,3,2,3,0,2,10,0,2,0,2,0,3,8,8,7,0,7,2,0,7,0,3,7,2,0,2,0,0,0,0,6,0,6,6,2,9,2,2,2,7,0,0,2,0,0,0,9,3,2,2,0,2,3,0,0,2,3,2,2,0,2,6,2,5,7,0
1999-04-01,5,6,2,6,5,7,4,5,6,9,7,5,5,5,5,3,4,4,2,5,2,3,5,5,5,5,6,5,4,5,4,5,5,4,6,4,5,5,3,3,9,3,4,3,4,5,5,5,5,5,4,5,5,5,5,8,5,5,6,8,9,7,3,5,5,6,4,7,7,6,7,5,5,3,5,5,5,3,2,3,3,9,5,10,9,6,3,4,3,6,4,5,3,5,4,5,7,4,7,5,3
1999-05-01,9,10,8,10,15,10,9,10,10,11,10,8,8,9,8,11,8,8,8,9,8,10,9,8,8,8,7,13,8,15,7,15,7,8,10,13,9,10,10,11,14,10,8,9,9,8,13,16,16,15,7,15,9,8,15,9,13,15,10,9,10,8,9,8,7,10,8,10,11,10,10,9,10,11,15,8,8,11,8,8,9,11,13,10,10,7,11,13,10,7,12,13,11,9,8,9,11,12,10,17,8
1999-06-01,28,31,25,30,26,32,27,30,31,34,32,23,23,28,30,23,26,26,25,29,25,24,29,22,25,22,22,25,26,26,25,26,22,28,31,26,29,30,24,23,32,24,28,21,27,23,25,27,27,26,25,26,29,28,26,22,25,26,30,22,22,22,21,22,25,31,26,32,30,30,32,28,29,24,26,23,23,23,25,21,21,34,25,23,22,22,24,26,24,22,24,25,24,28,26,29,30,24,32,28,21
1999-07-01,3,2,3,2,1,2,2,2,2,2,2,4,4,3,4,2,3,3,3,2,3,3,2,4,4,4,4,1,3,1,3,1,4,3,2,2,3,2,3,2,1,3,3,3,2,4,1,1,1,1,3,1,2,4,1,4,1,1,2,4,4,4,3,4,4,2,3,2,1,2,2,3,3,2,1,4,4,2,3,4,3,2,1,4,4,4,2,2,3,4,2,1,2,3,3,3,1,2,2,1,4
1999-08-01,66,72,55,68,53,73,61,70,72,81,70,52,52,66,65,54,57,57,55,66,55,56,66,50,58,51,51,54,57,53,53,53,51,61,72,56,66,70,56,54,64,56,61,49,61,52,54,48,48,53,53,53,66,64,53,53,54,53,68,53,53,50,49,51,54,72,57,73,65,68,75,65,69,56,53,52,52,54,55,50,49,81,54,52,53,51,56,56,56,51,55,54,56,66,55,64,65,55,70,51,50
1999-09-01,57,58,57,57,60,58,57,58,58,59,57,58,58,57,60,62,57,57,57,57,57,61,57,63,62,59,63,58,57,60,57,60,58,57,58,58,61,58,61,62,57,61,57,61,57,58,58,57,57,60,57,60,57,60,60,64,58,60,57,64,64,64,61,59,61,58,57,58,55,57,58,57,61,62,60,58,58,62,57,59,61,59,58,65,64,63,62,58,61,63,62,58,62,57,57,61,55,62,57,57,59
1999-10-01,11,12,13,13,16,12,13,12,12,13,13,15,15,11,13,14,13,13,13,11,13,14,11,16,15,16,16,13,14,16,13,16,15,12,12,14,12,12,14,14,22,14,12,16,13,15,13,18,18,16,13,16,11,13,16,18,13,16,13,18,18,18,16,16,14,12,14,12,13,13,12,12,12,14,16,15,15,14,13,16,16,13,13,19,18,16,14,14,14,16,14,13,14,11,13,13,13,14,13,18,16
1999-11-01,0,0,2,1,0,0,1,0,0,0,0,3,3,0,3,1,2,2,2,1,2,2,1,4,4,3,4,1,3,0,3,0,4,1,0,1,1,0,2,1,0,2,1,3,1,3,1,0,0,0,3,0,1,3,0,4,1,0,1,4,4,4,3,3,4,0,3,0,0,1,0,1,1,2,0,3,3,1,2,3,3,0,1,4,4,4,2,1,2,4,1,1,2,0,2,1,0,1,0,0,3
1999-12-01,0,0,0,0,0,0,0,0,0,0,0,0,0,0,0,0,0,0,0,0,0,0,0,0,0,0,0,0,0,0,0,0,0,0,0,0,0,0,0,0,0,0,0,0,0,0,0,0,0,0,0,0,0,0,0,0,0,0,0,0,0,0,0,0,0,0,0,0,0,0,0,0,0,0,0,0,0,0,0,0,0,0,0,0,0,0,0,0,0,0,0,0,0,0,0,0,0,0,0,0,0
2000-01-01,0,0,0,0,0,0,0,0,0,0,0,0,0,0,0,0,0,0,0,0,0,0,0,0,0,0,0,0,0,0,0,0,0,0,0,0,0,0,0,0,0,0,0,0,0,0,0,0,0,0,0,0,0,0,0,0,0,0,0,0,0,0,0,0,0,0,0,0,0,0,0,0,0,0,0,0,0,0,0,0,0,0,0,0,0,0,0,0,0,0,0,0,0,0,0,0,0,0,0,0,0
2000-02-01,0,0,0,0,0,1,0,0,0,1,1,0,0,0,0,0,0,0,0,0,0,0,0,0,0,0,0,0,0,0,0,0,0,0,0,0,0,0,0,0,1,0,0,0,0,0,0,0,0,0,0,0,0,0,0,0,0,0,0,0,0,0,0,0,0,1,0,1,1,0,1,0,0,0,0,0,0,0,0,0,0,1,0,0,0,0,0,0,0,0,0,0,0,0,0,0,1,0,1,0,0
2000-03-01,0,0,0,0,0,0,0,0,0,0,0,0,0,0,0,0,0,0,0,0,0,0,0,0,0,0,0,0,0,0,0,0,0,0,0,0,0,0,0,0,0,0,0,0,0,0,0,0,0,0,0,0,0,0,0,0,0,0,0,0,0,0,0,0,0,0,0,0,0,0,0,0,0,0,0,0,0,0,0,0,0,0,0,0,0,0,0,0,0,0,0,0,0,0,0,0,0,0,0,0,0
2000-04-01,6,8,3,7,7,9,4,6,8,13,9,5,5,6,5,4,4,4,3,6,3,4,6,5,5,5,6,7,4,7,4,7,5,4,8,6,6,6,4,4,13,4,4,4,4,5,7,9,9,7,4,7,6,6,7,7,7,7,7,7,8,6,4,5,5,8,4,9,9,7,10,6,6,4,7,5,5,4,3,4,4,13,7,9,8,6,4,6,4,6,5,7,4,6,4,6,9,5,9,9,4
2000-05-01,22,25,19,23,20,25,21,24,25,25,23,18,18,22,21,18,20,20,19,22,19,19,22,17,19,17,16,20,19,20,18,20,17,21,25,20,23,24,19,18,24,19,21,17,21,18,20,20,20,20,18,20,22,21,20,18,20,20,23,18,19,17,17,17,17,25,19,25,22,23,24,22,24,19,20,18,18,18,19,17,17,25,20,20,19,16,19,20,19,16,20,20,19,22,19,22,22,20,23,21,17
2000-06-01,147,157,134,158,159,160,147,155,157,168,167,138,138,147,164,143,140,140,134,156,134,148,156,136,148,132,140,152,145,159,134,159,132,145,157,155,152,155,148,143,173,148,145,133,147,138,152,170,170,159,134,159,156,154,159,148,152,159,158,148,149,145,133,132,140,160,145,160,162,158,163,148,154,149,159,138,138,143,134,129,133,168,152,153,149,140,149,155,148,140,149,152,149,147,137,156,162,149,167,177,129
2000-07-01,35,34,35,32,30,33,33,34,34,33,31,29,29,35,33,33,36,36,35,32,35,32,32,27,28,28,26,33,33,30,35,30,28,35,34,32,34,34,32,33,25,32,35,32,33,29,33,27,27,30,35,30,32,34,30,25,33,30,32,25,24,25,32,28,30,34,33,33,29,32,32,34,35,32,30,29,29,33,35,30,32,33,33,24,24,26,32,32,32,26,33,33,32,35,35,32,29,33,31,29,30
2000-08-01,0,0,0,0,0,0,0,0,0,0,0,0,0,0,0,0,0,0,0,0,0,0,0,0,0,0,0,0,0,0,0,0,0,0,0,0,0,0,0,0,0,0,0,0,0,0,0,0,0,0,0,0,0,0,0,0,0,0,0,0,0,0,0,0,0,0,0,0,0,0,0,0,0,0,0,0,0,0,0,0,0,0,0,0,0,0,0,0,0,0,0,0,0,0,0,0,0,0,0,0,0
2000-09-01,64,64,64,64,59,64,64,64,64,64,64,65,65,64,69,64,64,64,64,64,64,65,64,71,70,65,71,60,65,59,64,59,66,64,64,60,68,64,65,64,59,65,64,65,64,65,60,55,55,59,64,59,64,69,59,74,60,59,64,74,75,73,65,65,69,64,65,64,60,64,64,64,68,65,59,65,65,64,64,65,65,64,60,75,75,71,65,60,65,71,64,60,65,64,64,68,60,64,64,55,65
2000-10-01,0,1,1,1,0,1,1,1,1,1,0,1,1,0,1,0,1,1,1,0,1,1,0,1,1,1,1,0,1,0,1,0,1,1,1,0,1,1,1,0,1,1,1,1,1,1,0,0,0,0,1,0,0,1,0,1,0,0,1,1,1,1,1,1,1,1,1,1,0,1,0,1,1,1,0,1,1,0,1,1,1,1,0,1,1,1,1,0,1,1,0,0,1,0,1,1,0,0,0,0,1
2000-11-01,0,0,0,0,0,0,0,0,0,0,0,0,0,0,0,0,0,0,0,0,0,0,0,0,0,0,0,0,0,0,0,0,0,0,0,0,0,0,0,0,0,0,0,0,0,0,0,0,0,0,0,0,0,0,0,0,0,0,0,0,0,0,0,0,0,0,0,0,0,0,0,0,0,0,0,0,0,0,0,0,0,0,0,0,0,0,0,0,0,0,0,0,0,0,0,0,0,0,0,0,0
2000-12-01,0,0,0,0,0,0,0,0,0,0,0,0,0,0,0,0,0,0,0,0,0,0,0,0,0,0,0,0,0,0,0,0,0,0,0,0,0,0,0,0,0,0,0,0,0,0,0,0,0,0,0,0,0,0,0,0,0,0,0,0,0,0,0,0,0,0,0,0,0,0,0,0,0,0,0,0,0,0,0,0,0,0,0,0,0,0,0,0,0,0,0,0,0,0,0,0,0,0,0,0,0
2001-01-01,0,0,0,0,0,0,0,0,0,0,0,0,0,0,0,0,0,0,0,0,0,0,0,0,0,0,0,0,0,0,0,0,0,0,0,0,0,0,0,0,0,0,0,0,0,0,0,0,0,0,0,0,0,0,0,0,0,0,0,0,0,0,0,0,0,0,0,0,0,0,0,0,0,0,0,0,0,0,0,0,0,0,0,0,0,0,0,0,0,0,0,0,0,0,0,0,0,0,0,0,0
2001-02-01,0,0,0,0,0,0,0,0,0,0,0,0,0,0,0,0,0,0,0,0,0,0,0,0,0,0,0,0,0,0,0,0,0,0,0,0,0,0,0,0,0,0,0,0,0,0,0,0,0,0,0,0,0,0,0,0,0,0,0,0,0,0,0,0,0,0,0,0,0,0,0,0,0,0,0,0,0,0,0,0,0,0,0,0,0,0,0,0,0,0,0,0,0,0,0,0,0,0,0,0,0
2001-03-01,4,9,0,4,9,9,3,4,9,13,9,0,0,4,0,3,0,0,0,4,0,0,4,0,0,0,0,4,0,9,0,9,0,3,9,4,3,4,0,3,16,0,3,0,3,0,4,10,10,9,0,9,4,0,9,0,4,9,4,0,2,0,0,0,0,9,0,9,10,4,14,4,3,2,9,0,0,3,0,0,0,13,4,3,2,0,2,4,0,0,3,4,2,4,0,3,10,3,9,9,0
2001-04-01,5,6,2,5,3,7,3,5,6,11,6,4,4,5,4,2,3,3,2,4,2,3,4,4,4,4,4,4,3,3,3,3,4,3,6,3,4,5,3,2,8,3,3,3,3,4,4,4,4,3,3,3,4,4,3,5,4,3,5,5,6,5,3,4,4,6,3,7,5,5,8,4,5,2,3,4,4,2,2,3,3,11,4,7,6,4,2,3,3,4,3,4,2,5,3,4,5,3,6,4,3
2001-05-01,33,37,28,34,27,37,30,36,37,38,34,27,27,33,31,25,29,29,28,33,28,27,33,25,28,25,24,27,27,27,26,27,25,31,37,28,34,36,27,25,34,27,31,24,30,27,27,25,25,27,26,27,33,31,27,28,27,27,34,28,29,26,24,25,25,37,27,37,32,34,37,33,35,27,27,27,27,25,28,25,24,38,27,31,29,24,27,28,27,24,27,27,27,33,28,32,32,27,34,27,25
2001-06-01,0,1,0,0,0,1,0,1,1,1,0,0,0,0,0,0,0,0,0,0,0,0,0,0,0,0,0,0,0,0,0,0,0,0,1,0,0,1,0,0,0,0,0,0,0,0,0,0,0,0,0,0,0,0,0,0,0,0,0,0,0,0,0,0,0,1,0,1,0,0,1,0,0,0,0,0,0,0,0,0,0,1,0,0,0,0,0,0,0,0,0,0,0,0,0,0,0,0,0,0,0
2001-07-01,119,106,136,115,104,100,127,111,106,97,108,142,142,119,147,136,139,139,136,120,136,141,120,138,142,140,135,118,142,104,141,104,140,129,106,121,129,111,141,136,82,141,129,144,127,142,118,92,92,104,141,104,120,142,104,140,118,104,115,140,136,138,144,140,142,104,142,100,101,115,98,122,122,136,104,142,142,136,136,142,144,97,118,140,136,135,136,121,141,135,128,118,136,119,139,127,101,128,108,102,142
2001-08-01,47,51,41,51,53,52,46,50,51,58,51,44,44,47,51,51,43,43,41,50,41,49,50,44,49,44,45,51,45,53,41,53,43,45,51,53,49,50,49,51,53,49,45,44,46,44,51,52,52,53,41,53,50,49,53,49,51,53,51,49,49,46,44,44,44,50,45,52,50,51,53,47,50,52,53,44,44,51,41,43,44,58,51,48,49,45,52,53,49,45,52,51,52,47,42,49,50,52,51,55,43
2001-09-01,11,11,12,12,15,11,12,11,11,10,12,14,14,11,13,16,11,11,12,12,12,15,12,16,15,15,16,15,12,15,12,15,14,11,11,15,12,11,15,16,12,15,11,15,12,14,15,15,15,15,12,15,12,12,15,18,15,15,12,18,18,18,15,15,13,11,12,11,12,12,11,11,12,16,15,14,14,16,12,15,15,10,15,18,18,16,16,15,15,16,16,15,16,11,12,13,12,16,12,15,15
2001-10-01,13,16,14,14,13,16,14,15,16,18,14,11,11,13,12,10,14,14,14,12,14,10,12,11,11,11,11,11,13,13,13,13,11,14,16,11,14,15,10,10,23,10,14,11,14,11,11,14,14,13,13,13,12,13,13,10,11,13,14,10,10,10,11,11,12,16,13,16,14,14,16,14,15,10,13,11,11,10,14,11,11,18,11,10,10,11,10,11,10,11,11,11,10,13,13,13,14,11,14,14,11
2001-11-01,0,0,0,0,0,0,0,0,0,0,0,0,0,0,0,0,0,0,0,0,0,0,0,0,0,0,0,0,0,0,0,0,0,0,0,0,0,0,0,0,0,0,0,0,0,0,0,0,0,0,0,0,0,0,0,0,0,0,0,0,0,0,0,0,0,0,0,0,0,0,0,0,0,0,0,0,0,0,0,0,0,0,0,0,0,0,0,0,0,0,0,0,0,0,0,0,0,0,0,0,0
2001-12-01,0,0,0,0,0,0,0,0,0,0,0,0,0,0,0,0,0,0,0,0,0,0,0,0,0,0,0,0,0,0,0,0,0,0,0,0,0,0,0,0,0,0,0,0,0,0,0,0,0,0,0,0,0,0,0,0,0,0,0,0,0,0,0,0,0,0,0,0,0,0,0,0,0,0,0,0,0,0,0,0,0,0,0,0,0,0,0,0,0,0,0,0,0,0,0,0,0,0,0,0,0
2002-01-01,0,0,0,0,0,0,0,0,0,0,0,0,0,0,0,0,0,0,0,0,0,0,0,0,0,0,0,0,0,0,0,0,0,0,0,0,0,0,0,0,0,0,0,0,0,0,0,0,0,0,0,0,0,0,0,0,0,0,0,0,0,0,0,0,0,0,0,0,0,0,0,0,0,0,0,0,0,0,0,0,0,0,0,0,0,0,0,0,0,0,0,0,0,0,0,0,0,0,0,0,0
2002-02-01,0,0,0,0,0,0,0,0,0,0,0,0,0,0,0,0,0,0,0,0,0,0,0,0,0,0,0,0,0,0,0,0,0,0,0,0,0,0,0,0,0,0,0,0,0,0,0,0,0,0,0,0,0,0,0,0,0,0,0,0,0,0,0,0,0,0,0,0,0,0,0,0,0,0,0,0,0,0,0,0,0,0,0,0,0,0,0,0,0,0,0,0,0,0,0,0,0,0,0,0,0
2002-03-01,1,2,0,1,1,2,0,1,2,3,1,0,0,1,0,0,0,0,0,1,0,0,1,0,0,0,0,0,0,1,0,1,0,1,2,0,0,1,0,0,2,0,1,0,0,0,0,1,1,1,0,1,1,0,1,0,0,1,1,0,0,0,0,0,0,2,0,2,1,1,3,1,1,0,1,0,0,0,0,0,0,3,0,0,0,0,0,0,0,0,0,0,0,1,0,0,1,0,1,1,0
2002-04-01,11,14,5,14,18,16,9,11,14,22,18,11,11,11,11,10,8,8,5,12,5,10,12,12,12,12,15,17,8,18,8,18,11,8,14,14,11,11,10,10,26,10,8,10,9,11,17,22,22,18,8,18,12,11,18,23,17,18,14,23,26,19,10,12,11,14,8,16,18,14,17,11,11,10,18,11,11,10,5,9,10,22,17,30,26,15,10,14,10,15,14,17,10,11,8,11,18,14,18,22,9
2002-05-01,118,134,99,120,106,134,108,130,134,137,120,91,91,118,106,93,102,102,99,116,99,96,116,83,95,83,79,105,95,106,90,106,83,110,134,105,118,130,96,93,129,96,110,84,108,91,105,106,106,106,90,106,116,106,106,88,105,106,120,88,92,84,84,83,86,134,95,134,117,120,134,119,126,97,106,91,91,93,99,83,84,137,105,97,92,79,97,105,96,79,101,105,97,118,99,112,117,101,120,110,83
2002-06-01,146,156,134,156,138,158,145,154,156,166,164,136,136,146,166,130,141,141,134,154,134,140,154,133,146,129,136,136,145,138,135,138,130,145,156,140,152,154,140,130,160,140,145,126,145,136,136,143,143,138,135,138,154,155,138,141,136,138,156,141,141,138,126,129,141,158,145,158,155,156,161,148,153,137,138,136,136,130,134,125,126,166,136,144,141,136,137,140,140,136,135,136,137,146,138,155,155,135,164,150,125
2002-07-01,92,83,103,89,83,78,97,86,83,76,84,102,102,92,107,103,104,104,103,92,103,105,92,98,102,100,96,93,105,83,105,83,100,98,83,94,98,86,105,103,66,105,98,106,97,102,93,75,75,83,105,83,92,105,83,99,93,83,89,99,96,97,106,100,103,82,105,78,80,89,77,93,93,102,83,102,102,103,103,103,106,76,93,99,96,96,102,94,105,96,99,93,102,92,104,96,80,99,84,81,103
2002-08-01,58,62,50,63,63,64,56,61,62,71,65,50,50,58,59,59,51,51,50,61,50,57,61,49,55,50,50,61,53,63,48,63,48,54,62,62,59,61,57,59,66,57,54,51,56,50,61,61,61,63,48,63,61,57,63,54,61,63,63,54,54,51,51,50,49,62,53,64,63,63,66,58,61,61,63,50,50,59,50,49,51,71,61,53,54,50,61,62,57,50,61,61,61,58,49,59,63,61,65,64,49
2002-09-01,10,10,9,9,6,11,9,10,10,11,10,7,7,10,8,6,9,9,9,9,9,6,9,6,6,6,6,7,8,6,8,6,6,9,10,6,9,10,6,6,9,6,9,6,9,7,7,6,6,6,8,6,9,9,6,5,7,6,9,5,4,5,6,6,8,10,8,11,9,9,11,9,10,6,6,7,7,6,9,6,6,11,7,4,4,6,6,6,6,6,7,7,6,10,9,9,9,7,10,6,6
2002-10-01,0,0,0,0,0,0,0,0,0,0,0,0,0,0,0,0,0,0,0,0,0,0,0,0,0,0,0,0,0,0,0,0,0,0,0,0,0,0,0,0,0,0,0,0,0,0,0,0,0,0,0,0,0,0,0,0,0,0,0,0,0,0,0,0,0,0,0,0,0,0,0,0,0,0,0,0,0,0,0,0,0,0,0,0,0,0,0,0,0,0,0,0,0,0,0,0,0,0,0,0,0
2002-11-01,0,0,0,0,0,0,0,0,0,0,0,0,0,0,0,0,0,0,0,0,0,0,0,0,0,0,0,0,0,0,0,0,0,0,0,0,0,0,0,0,0,0,0,0,0,0,0,0,0,0,0,0,0,0,0,0,0,0,0,0,0,0,0,0,0,0,0,0,0,0,0,0,0,0,0,0,0,0,0,0,0,0,0,0,0,0,0,0,0,0,0,0,0,0,0,0,0,0,0,0,0
2002-12-01,0,0,0,0,0,0,0,0,0,0,0,0,0,0,0,0,0,0,0,0,0,0,0,0,0,0,0,0,0,0,0,0,0,0,0,0,0,0,0,0,0,0,0,0,0,0,0,0,0,0,0,0,0,0,0,0,0,0,0,0,0,0,0,0,0,0,0,0,0,0,0,0,0,0,0,0,0,0,0,0,0,0,0,0,0,0,0,0,0,0,0,0,0,0,0,0,0,0,0,0,0
2003-01-01,0,0,0,0,0,0,0,0,0,2,0,0,0,0,0,0,0,0,0,0,0,0,0,0,0,0,0,0,0,0,0,0,0,0,0,0,0,0,0,0,2,0,0,0,0,0,0,0,0,0,0,0,0,0,0,0,0,0,0,0,0,0,0,0,0,0,0,0,0,0,2,0,0,0,0,0,0,0,0,0,0,2,0,0,0,0,0,0,0,0,0,0,0,0,0,0,0,0,0,0,0
2003-02-01,0,0,0,0,0,0,0,0,0,0,0,0,0,0,0,0,0,0,0,0,0,0,0,0,0,0,0,0,0,0,0,0,0,0,0,0,0,0,0,0,0,0,0,0,0,0,0,0,0,0,0,0,0,0,0,0,0,0,0,0,0,0,0,0,0,0,0,0,0,0,0,0,0,0,0,0,0,0,0,0,0,0,0,0,0,0,0,0,0,0,0,0,0,0,0,0,0,0,0,0,0
2003-03-01,0,0,0,0,0,0,0,0,0,0,0,0,0,0,0,0,0,0,0,0,0,0,0,0,0,0,0,0,0,0,0,0,0,0,0,0,0,0,0,0,0,0,0,0,0,0,0,0,0,0,0,0,0,0,0,0,0,0,0,0,0,0,0,0,0,0,0,0,0,0,0,0,0,0,0,0,0,0,0,0,0,0,0,0,0,0,0,0,0,0,0,0,0,0,0,0,0,0,0,0,0
2003-04-01,1,2,1,1,1,2,1,1,2,3,1,1,1,1,1,1,1,1,1,1,1,1,1,1,1,1,1,1,1,1,1,1,1,1,2,1,1,1,1,1,2,1,1,1,1,1,1,1,1,1,1,1,1,1,1,1,1,1,1,1,1,1,1,1,1,2,1,2,1,1,2,1,1,1,1,1,1,1,1,1,1,3,1,1,1,1,1,1,1,1,1,1,1,1,1,1,1,1,1,1,1
2003-05-01,66,76,55,68,68,76,61,73,76,78,68,54,54,66,60,58,57,57,55,66,55,59,66,51,57,50,49,66,54,68,51,68,49,62,76,66,67,73,59,58,77,59,62,52,61,54,66,70,70,68,51,68,66,60,68,57,66,68,68,57,60,54,52,50,50,76,54,76,68,68,76,67,71,61,68,54,54,58,55,50,52,78,66,64,60,49,61,66,59,49,64,66,61,66,55,63,68,64,68,73,50
2003-06-01,27,30,24,29,26,30,26,29,30,32,30,24,24,27,29,24,25,25,24,28,24,25,28,23,26,23,24,25,26,26,24,26,23,27,30,26,28,29,25,24,30,25,27,22,26,24,25,27,27,26,24,26,28,28,26,26,25,26,29,26,26,25,22,23,25,30,26,30,29,29,31,27,28,25,26,24,24,24,24,22,22,32,25,27,26,24,25,26,25,24,25,25,25,27,25,28,29,25,30,28,22
2003-07-01,22,21,24,20,17,20,22,21,21,20,19,23,23,22,25,22,25,25,24,20,24,23,20,22,23,22,22,20,24,17,24,17,23,23,21,20,23,21,23,22,15,23,23,23,22,23,20,15,15,17,24,17,20,24,17,22,20,17,20,22,21,22,23,22,24,20,24,20,17,20,19,22,22,22,17,23,23,22,24,23,23,20,20,22,21,22,22,20,23,22,21,20,22,22,24,22,17,21,19,17,23
2003-08-01,5,5,5,6,6,5,6,5,5,6,6,7,7,5,7,6,5,5,5,6,5,6,6,6,7,7,7,6,6,6,5,6,6,5,5,6,6,5,6,6,6,6,5,6,6,7,6,5,5,6,5,6,6,7,6,7,6,6,6,7,7,7,6,7,7,5,6,5,5,6,5,5,6,7,6,7,7,6,5,6,6,6,6,7,7,7,7,6,6,7,6,6,7,5,5,6,5,6,6,6,6
2003-09-01,1,1,0,1,0,1,0,1,1,1,1,0,0,1,0,0,1,1,0,0,0,0,0,0,0,0,0,0,0,0,0,0,0,1,1,0,1,1,0,0,0,0,1,0,0,0,0,0,0,0,0,0,0,0,0,0,0,0,1,0,0,0,0,0,0,1,0,1,0,1,1,1,1,0,0,0,0,0,0,0,0,1,0,0,0,0,0,0,0,0,0,0,0,1,0,0,0,0,1,0,0
2003-10-01,0,0,0,0,0,0,0,0,0,0,0,0,0,0,0,0,0,0,0,0,0,0,0,0,0,0,0,0,0,0,0,0,0,0,0,0,0,0,0,0,0,0,0,0,0,0,0,0,0,0,0,0,0,0,0,0,0,0,0,0,0,0,0,0,0,0,0,0,0,0,0,0,0,0,0,0,0,0,0,0,0,0,0,0,0,0,0,0,0,0,0,0,0,0,0,0,0,0,0,0,0
2003-11-01,2,2,2,1,1,2,1,2,2,3,2,1,1,2,2,1,3,3,2,1,2,1,1,1,1,1,1,1,2,1,2,1,1,2,2,1,2,2,1,1,3,1,2,1,1,1,1,1,1,1,2,1,1,2,1,1,1,1,1,1,1,1,1,1,1,2,2,2,2,1,3,2,2,1,1,1,1,1,2,1,1,3,1,1,1,1,1,1,1,1,1,1,1,2,2,1,2,1,2,1,1
2003-12-01,0,0,0,0,0,0,0,0,0,0,0,0,0,0,0,0,0,0,0,0,0,0,0,0,0,0,0,0,0,0,0,0,0,0,0,0,0,0,0,0,0,0,0,0,0,0,0,0,0,0,0,0,0,0,0,0,0,0,0,0,0,0,0,0,0,0,0,0,0,0,0,0,0,0,0,0,0,0,0,0,0,0,0,0,0,0,0,0,0,0,0,0,0,0,0,0,0,0,0,0,0
2004-01-01,0,0,0,0,0,0,0,0,0,0,0,0,0,0,0,0,0,0,0,0,0,0,0,0,0,0,0,0,0,0,0,0,0,0,0,0,0,0,0,0,0,0,0,0,0,0,0,0,0,0,0,0,0,0,0,0,0,0,0,0,0,0,0,0,0,0,0,0,0,0,0,0,0,0,0,0,0,0,0,0,0,0,0,0,0,0,0,0,0,0,0,0,0,0,0,0,0,0,0,0,0
2004-02-01,6,10,0,7,12,14,3,6,10,21,12,0,0,6,0,0,0,0,0,7,0,0,7,0,0,0,0,7,0,12,0,12,0,3,10,3,2,6,0,0,28,0,3,0,3,0,7,18,18,12,0,12,7,0,12,0,7,12,7,0,0,0,0,0,0,14,0,14,14,7,18,6,5,2,12,0,0,0,0,0,0,21,7,0,0,0,2,3,0,0,3,7,2,6,0,3,14,3,12,16,0
2004-03-01,4,10,0,4,9,10,3,4,10,15,9,0,0,4,0,3,0,0,0,4,0,0,4,0,0,0,0,4,0,9,0,9,0,3,10,4,3,4,0,3,15,0,3,0,3,0,4,9,9,9,0,9,4,0,9,0,4,9,4,0,2,0,0,0,0,10,0,10,10,4,15,4,4,2,9,0,0,3,0,0,0,15,4,2,2,0,2,4,0,0,3,4,2,4,0,3,10,3,9,9,0
2004-04-01,14,17,7,17,17,20,10,14,17,27,21,14,14,14,14,10,10,10,7,14,7,10,14,14,13,14,17,17,10,17,10,17,14,10,17,14,14,14,10,10,27,10,10,10,10,14,17,20,20,17,10,17,14,14,17,24,17,17,17,24,27,20,10,14,13,17,10,20,21,17,20,14,14,10,17,14,14,10,7,10,10,27,17,30,27,17,10,14,10,17,14,17,10,14,10,14,21,14,21,20,10
2004-05-01,2,2,1,1,1,2,1,2,2,3,1,1,1,2,2,1,2,2,1,1,1,1,1,1,1,1,1,1,1,1,1,1,1,2,2,1,2,2,1,1,2,1,2,1,1,1,1,1,1,1,1,1,1,2,1,1,1,1,1,1,1,1,1,1,1,2,1,2,1,1,3,2,2,1,1,1,1,1,1,1,1,3,1,1,1,1,1,1,1,1,1,1,1,2,1,1,1,1,1,1,1
2004-06-01,27,30,23,26,23,31,25,29,30,34,28,23,23,27,28,22,25,25,23,26,23,24,26,23,25,22,24,23,25,23,23,23,22,26,30,24,27,29,24,22,27,24,26,22,25,23,23,24,24,23,23,23,26,27,23,25,23,23,26,25,25,25,22,22,24,31,25,31,26,26,32,26,28,24,23,23,23,22,23,22,22,34,23,26,25,24,24,24,24,24,23,23,24,27,24,26,26,23,28,25,22
2004-07-01,49,44,57,47,45,41,53,46,44,40,44,65,65,49,65,61,59,59,57,50,57,64,50,65,66,65,64,51,62,45,61,45,65,54,44,53,55,46,64,61,33,64,54,66,53,65,51,40,40,45,61,45,50,62,45,69,51,45,47,69,67,67,66,65,64,43,62,41,41,47,40,51,51,62,45,65,65,61,57,66,66,40,51,70,67,64,62,53,64,64,57,51,62,49,59,54,41,57,44,44,66
2004-08-01,68,75,57,74,77,76,65,72,75,83,77,55,55,68,66,70,59,59,57,72,57,66,72,54,61,56,57,73,60,77,55,77,54,63,75,75,68,72,66,70,79,66,63,58,65,55,73,76,76,77,55,77,72,65,77,61,73,77,74,61,62,58,58,56,55,75,60,76,76,74,78,67,71,71,77,55,55,70,57,55,58,83,73,60,62,57,71,75,66,57,72,73,71,68,57,69,76,72,77,80,55
2004-09-01,13,14,12,12,9,14,11,13,14,14,12,9,9,13,11,9,12,12,12,12,12,9,12,9,9,9,9,9,11,9,11,9,9,12,14,9,13,13,9,9,11,9,12,9,11,9,9,8,8,9,11,9,12,12,9,8,9,9,12,8,7,8,9,9,10,14,11,14,11,12,14,12,13,9,9,9,9,9,12,9,9,14,9,7,7,9,9,9,9,9,9,9,9,13,11,12,11,9,12,8,9
2004-10-01,2,3,2,2,1,3,2,3,3,3,2,2,2,2,2,1,2,2,2,2,2,1,2,1,2,1,1,1,2,1,2,1,2,2,3,1,2,3,1,1,3,1,2,1,2,2,1,2,2,1,2,1,2,2,1,1,1,1,2,1,1,1,1,1,2,3,2,3,2,2,3,2,2,1,1,2,2,1,2,1,1,3,1,1,1,1,1,1,1,1,1,1,1,2,2,2,2,1,2,2,1
2004-11-01,17,18,19,16,26,18,16,17,18,23,17,17,17,17,17,18,23,23,19,16,19,17,16,17,17,18,17,19,18,26,22,26,17,20,18,19,15,17,17,18,34,17,20,20,16,17,19,27,27,26,22,26,16,18,26,18,19,26,16,18,18,18,20,18,16,18,18,18,23,16,23,16,16,18,26,17,17,18,19,18,20,23,19,18,18,17,18,19,17,17,19,19,18,17,18,15,23,19,17,27,18
2004-12-01,0,0,0,0,0,0,0,0,0,0,0,0,0,0,0,0,0,0,0,0,0,0,0,0,0,0,0,0,0,0,0,0,0,0,0,0,0,0,0,0,0,0,0,0,0,0,0,0,0,0,0,0,0,0,0,0,0,0,0,0,0,0,0,0,0,0,0,0,0,0,0,0,0,0,0,0,0,0,0,0,0,0,0,0,0,0,0,0,0,0,0,0,0,0,0,0,0,0,0,0,0
2005-01-01,0,0,0,0,0,0,0,0,0,0,0,0,0,0,0,0,0,0,0,0,0,0,0,0,0,0,0,0,0,0,0,0,0,0,0,0,0,0,0,0,0,0,0,0,0,0,0,0,0,0,0,0,0,0,0,0,0,0,0,0,0,0,0,0,0,0,0,0,0,0,0,0,0,0,0,0,0,0,0,0,0,0,0,0,0,0,0,0,0,0,0,0,0,0,0,0,0,0,0,0,0
2005-02-01,0,0,0,0,0,0,0,0,0,0,0,0,0,0,0,0,0,0,0,0,0,0,0,0,0,0,0,0,0,0,0,0,0,0,0,0,0,0,0,0,0,0,0,0,0,0,0,0,0,0,0,0,0,0,0,0,0,0,0,0,0,0,0,0,0,0,0,0,0,0,0,0,0,0,0,0,0,0,0,0,0,0,0,0,0,0,0,0,0,0,0,0,0,0,0,0,0,0,0,0,0
2005-03-01,4,9,0,4,6,10,3,4,9,15,8,0,0,4,0,2,0,0,0,3,0,0,3,0,0,0,0,3,0,6,0,6,0,3,9,3,3,4,0,2,12,0,3,0,3,0,3,7,7,6,0,6,3,0,6,0,3,6,4,0,2,0,0,0,0,10,0,10,8,4,14,3,3,2,6,0,0,2,0,0,0,15,3,2,2,0,2,3,0,0,2,3,2,4,0,2,8,2,8,6,0
2005-04-01,4,5,2,6,8,6,3,4,5,8,7,4,4,4,4,4,3,3,2,4,2,4,4,4,4,4,5,7,3,8,3,8,4,3,5,6,4,4,4,4,11,4,3,3,3,4,7,10,10,8,3,8,4,4,8,7,7,8,6,7,7,6,3,4,4,5,3,6,7,6,6,4,4,4,8,4,4,4,2,3,3,8,7,8,7,5,4,6,4,5,5,7,4,4,3,4,7,5,7,10,3
2005-05-01,29,33,24,32,40,33,28,32,33,33,32,24,24,29,25,31,25,25,24,30,24,29,30,23,25,23,21,37,24,40,22,40,21,27,33,36,29,32,29,31,40,29,27,25,28,24,37,43,43,40,22,40,30,26,40,25,37,40,32,25,26,24,25,23,21,33,24,33,34,32,33,29,31,31,40,24,24,31,24,23,25,33,37,27,26,21,31,36,29,21,34,37,31,29,24,29,34,34,32,44,23
2005-06-01,46,53,37,45,38,55,40,52,53,61,48,31,31,46,42,31,40,40,37,43,37,33,43,28,32,28,28,36,37,38,36,38,29,43,53,36,44,52,33,31,49,33,43,28,40,31,36,40,40,38,36,38,43,41,38,26,36,38,45,26,26,26,28,28,34,55,37,55,46,45,57,44,48,32,38,31,31,31,37,28,28,61,36,26,26,28,32,36,33,28,34,36,32,46,38,42,46,34,48,40,28
2005-07-01,8,7,9,7,7,7,8,8,7,6,7,9,9,8,10,8,9,9,9,8,9,9,8,8,9,9,8,7,9,7,9,7,9,9,7,8,9,8,9,8,5,9,9,9,8,9,7,6,6,7,9,7,8,9,7,8,7,7,7,8,8,8,9,9,9,7,9,7,7,7,6,8,8,8,7,9,9,8,9,9,9,6,7,8,8,8,8,8,9,8,8,7,8,8,9,8,7,8,7,6,9
2005-08-01,81,89,69,87,77,92,77,86,89,101,89,66,66,81,81,73,71,71,69,84,69,72,84,61,71,64,63,76,72,77,66,77,63,76,89,78,82,86,72,73,87,72,76,63,77,66,76,74,74,77,66,77,84,79,77,64,76,77,87,64,64,61,63,64,67,89,72,92,85,87,94,81,85,75,77,66,66,73,69,62,63,101,76,62,64,63,75,78,72,63,75,76,75,81,69,81,85,75,89,77,62
2005-09-01,26,26,26,27,29,26,27,25,26,25,28,25,25,26,27,28,25,25,26,27,26,27,27,27,27,26,26,28,26,29,26,29,25,26,26,27,27,25,27,28,27,27,26,27,27,25,28,28,28,29,26,29,27,27,29,26,28,29,27,26,26,26,27,26,27,26,26,26,27,27,26,26,27,28,29,25,25,28,26,26,27,25,28,25,26,26,28,27,27,26,29,28,28,26,26,28,27,29,28,27,26
2005-10-01,13,15,15,16,17,15,16,15,15,16,17,13,13,13,13,13,14,14,15,14,15,13,14,12,12,13,12,14,14,17,14,17,12,15,15,14,14,15,13,13,28,13,15,14,16,13,14,20,20,17,14,17,14,14,17,12,14,17,16,12,12,12,14,13,13,15,14,15,17,16,15,15,14,13,17,13,13,13,15,13,14,16,14,12,12,12,13,14,13,12,14,14,13,13,14,15,17,14,17,19,13
2005-11-01,10,10,12,9,8,10,9,10,10,13,10,10,10,10,11,7,14,14,12,9,12,7,9,9,10,9,9,7,11,8,14,8,10,12,10,7,10,10,7,7,15,7,12,9,9,10,7,7,7,8,14,8,9,11,8,8,7,8,9,8,8,9,9,9,11,10,11,10,11,9,13,10,10,7,8,10,10,7,12,10,9,13,7,8,8,9,7,7,7,9,7,7,7,10,12,9,11,7,10,7,10
2005-12-01,0,0,0,0,0,0,0,0,0,0,0,0,0,0,0,0,0,0,0,0,0,0,0,0,0,0,0,0,0,0,0,0,0,0,0,0,0,0,0,0,0,0,0,0,0,0,0,0,0,0,0,0,0,0,0,0,0,0,0,0,0,0,0,0,0,0,0,0,0,0,0,0,0,0,0,0,0,0,0,0,0,0,0,0,0,0,0,0,0,0,0,0,0,0,0,0,0,0,0,0,0
2006-01-01,0,0,0,0,0,0,0,0,0,0,0,0,0,0,0,0,0,0,0,0,0,0,0,0,0,0,0,0,0,0,0,0,0,0,0,0,0,0,0,0,0,0,0,0,0,0,0,0,0,0,0,0,0,0,0,0,0,0,0,0,0,0,0,0,0,0,0,0,0,0,0,0,0,0,0,0,0,0,0,0,0,0,0,0,0,0,0,0,0,0,0,0,0,0,0,0,0,0,0,0,0
2006-02-01,23,37,0,29,49,51,11,22,37,70,48,0,0,23,0,0,0,0,0,26,0,0,26,0,0,0,0,30,0,49,0,49,0,10,37,13,9,22,0,0,107,0,10,0,11,0,30,72,72,49,0,49,26,0,49,0,30,49,29,0,0,0,0,0,0,51,0,51,53,29,64,22,20,9,49,0,0,0,0,0,0,70,30,0,0,0,9,13,0,0,12,30,9,23,0,10,53,12,48,66,0
2006-03-01,0,0,0,0,0,0,0,0,0,0,0,0,0,0,0,0,0,0,0,0,0,0,0,0,0,0,0,0,0,0,0,0,0,0,0,0,0,0,0,0,0,0,0,0,0,0,0,0,0,0,0,0,0,0,0,0,0,0,0,0,0,0,0,0,0,0,0,0,0,0,0,0,0,0,0,0,0,0,0,0,0,0,0,0,0,0,0,0,0,0,0,0,0,0,0,0,0,0,0,0,0
2006-04-01,0,0,0,0,0,0,0,0,0,0,0,0,0,0,0,0,0,0,0,0,0,0,0,0,0,0,0,0,0,0,0,0,0,0,0,0,0,0,0,0,0,0,0,0,0,0,0,0,0,0,0,0,0,0,0,0,0,0,0,0,0,0,0,0,0,0,0,0,0,0,0,0,0,0,0,0,0,0,0,0,0,0,0,0,0,0,0,0,0,0,0,0,0,0,0,0,0,0,0,0,0
2006-05-01,1,1,1,1,0,1,1,1,1,2,1,0,0,1,1,0,1,1,1,1,1,0,1,0,0,0,0,0,0,0,0,0,0,1,1,0,1,1,0,0,1,0,1,0,1,0,0,0,0,0,0,0,1,1,0,0,0,0,1,0,0,0,0,0,0,1,0,1,1,1,1,1,1,0,0,0,0,0,1,0,0,2,0,1,0,0,0,0,0,0,0,0,0,1,1,1,1,0,1,0,0
2006-06-01,51,55,46,55,46,57,50,54,55,59,58,45,45,51,55,44,48,48,46,53,46,47,53,44,49,43,45,46,49,46,46,46,43,50,55,47,52,54,47,44,56,47,50,42,50,45,46,47,47,46,46,46,53,52,46,48,46,46,55,48,48,47,42,43,47,57,49,57,54,55,58,51,53,46,46,45,45,44,46,42,42,59,46,50,48,45,46,47,47,45,45,46,46,51,47,53,54,45,58,50,42
2006-07-01,77,72,83,69,63,68,76,75,72,69,65,83,83,77,88,80,86,86,83,72,83,82,72,79,83,81,78,71,84,63,85,63,81,81,72,72,81,75,82,80,51,82,81,83,76,83,71,56,56,63,85,63,72,85,63,80,71,63,69,80,77,79,83,81,83,71,84,68,61,69,67,76,79,79,63,83,83,80,83,82,83,69,71,80,77,78,79,72,82,78,76,71,79,77,84,76,61,76,65,61,82
2006-08-01,8,10,6,7,5,10,7,9,10,12,8,5,5,8,7,5,7,7,6,7,6,6,7,5,6,5,5,5,6,5,6,5,5,7,10,6,8,9,6,5,7,6,7,5,7,5,5,5,5,5,6,5,7,7,5,5,5,5,7,5,5,5,5,5,6,10,6,10,7,7,10,8,9,5,5,5,5,5,6,5,5,12,5,5,5,5,5,6,6,5,5,5,5,8,6,7,7,5,8,5,5
2006-09-01,0,0,0,0,0,0,0,0,0,0,0,0,0,0,0,0,0,0,0,0,0,0,0,0,0,0,0,0,0,0,0,0,0,0,0,0,0,0,0,0,0,0,0,0,0,0,0,0,0,0,0,0,0,0,0,0,0,0,0,0,0,0,0,0,0,0,0,0,0,0,0,0,0,0,0,0,0,0,0,0,0,0,0,0,0,0,0,0,0,0,0,0,0,0,0,0,0,0,0,0,0
2006-10-01,35,40,41,40,31,39,40,40,40,44,40,39,39,35,41,30,40,40,41,35,41,32,35,38,39,38,37,29,40,31,41,31,39,40,40,29,40,40,32,30,58,32,40,37,40,39,29,33,33,31,41,31,35,41,31,36,29,31,40,36,35,36,37,38,40,40,40,39,38,40,39,40,40,30,31,39,39,30,41,38,37,44,29,35,35,37,30,29,32,37,30,29,30,35,41,40,38,30,40,33,38
2006-11-01,0,0,0,0,0,0,0,0,0,0,0,0,0,0,0,0,0,0,0,0,0,0,0,0,0,0,0,0,0,0,0,0,0,0,0,0,0,0,0,0,0,0,0,0,0,0,0,0,0,0,0,0,0,0,0,0,0,0,0,0,0,0,0,0,0,0,0,0,0,0,0,0,0,0,0,0,0,0,0,0,0,0,0,0,0,0,0,0,0,0,0,0,0,0,0,0,0,0,0,0,0
2006-12-01,0,0,0,0,0,0,0,0,0,0,0,0,0,0,0,0,0,0,0,0,0,0,0,0,0,0,0,0,0,0,0,0,0,0,0,0,0,0,0,0,0,0,0,0,0,0,0,0,0,0,0,0,0,0,0,0,0,0,0,0,0,0,0,0,0,0,0,0,0,0,0,0,0,0,0,0,0,0,0,0,0,0,0,0,0,0,0,0,0,0,0,0,0,0,0,0,0,0,0,0,0
2007-01-01,0,0,0,0,0,0,0,0,0,0,0,0,0,0,0,0,0,0,0,0,0,0,0,0,0,0,0,0,0,0,0,0,0,0,0,0,0,0,0,0,0,0,0,0,0,0,0,0,0,0,0,0,0,0,0,0,0,0,0,0,0,0,0,0,0,0,0,0,0,0,0,0,0,0,0,0,0,0,0,0,0,0,0,0,0,0,0,0,0,0,0,0,0,0,0,0,0,0,0,0,0
2007-02-01,1,1,0,1,1,2,0,1,1,3,2,0,0,1,0,0,0,0,0,1,0,0,1,0,0,0,0,1,0,1,0,1,0,0,1,0,0,1,0,0,3,0,0,0,0,0,1,1,1,1,0,1,1,0,1,0,1,1,1,0,0,0,0,0,0,2,0,2,2,1,3,1,1,0,1,0,0,0,0,0,0,3,1,0,0,0,0,0,0,0,0,1,0,1,0,0,2,0,2,1,0
2007-03-01,0,0,0,0,0,0,0,0,0,0,0,0,0,0,0,0,0,0,0,0,0,0,0,0,0,0,0,0,0,0,0,0,0,0,0,0,0,0,0,0,0,0,0,0,0,0,0,0,0,0,0,0,0,0,0,0,0,0,0,0,0,0,0,0,0,0,0,0,0,0,0,0,0,0,0,0,0,0,0,0,0,0,0,0,0,0,0,0,0,0,0,0,0,0,0,0,0,0,0,0,0
2007-04-01,0,0,0,0,0,0,0,0,0,0,0,0,0,0,0,0,0,0,0,0,0,0,0,0,0,0,0,0,0,0,0,0,0,0,0,0,0,0,0,0,0,0,0,0,0,0,0,0,0,0,0,0,0,0,0,0,0,0,0,0,0,0,0,0,0,0,0,0,0,0,0,0,0,0,0,0,0,0,0,0,0,0,0,0,0,0,0,0,0,0,0,0,0,0,0,0,0,0,0,0,0
2007-05-01,3,4,3,3,2,4,3,3,4,4,3,3,3,3,3,2,3,3,3,3,3,2,3,2,3,2,2,2,3,2,3,2,2,3,4,2,3,3,2,2,2,2,3,2,3,3,2,1,1,2,3,2,3,3,2,2,2,2,3,2,3,2,2,2,3,4,3,4,2,3,4,3,3,2,2,3,3,2,3,2,2,4,2,3,3,2,2,2,2,2,2,2,2,3,3,3,2,2,3,2,2
2007-06-01,81,89,70,84,74,91,76,87,89,96,89,66,66,81,82,65,73,73,70,82,70,69,82,62,70,61,63,71,73,74,69,74,62,78,89,72,80,87,69,65,89,69,78,61,76,66,71,77,77,74,69,74,82,79,74,64,71,74,84,64,64,63,61,61,69,91,73,91,85,84,93,80,83,68,74,66,66,65,70,60,61,96,71,65,64,63,68,72,69,63,69,71,68,81,72,81,85,69,89,79,60
2007-07-01,11,10,11,10,8,10,10,10,10,10,9,9,9,11,10,9,11,11,11,10,11,9,10,8,8,8,8,9,10,8,11,8,8,11,10,9,11,10,9,9,7,9,11,9,10,9,9,7,7,8,11,8,10,10,8,7,9,8,10,7,7,7,9,8,9,10,10,10,9,10,10,11,11,9,8,9,9,9,11,9,9,10,9,7,7,8,9,9,9,8,9,9,9,11,11,10,9,9,9,8,9
2007-08-01,30,32,26,32,29,33,29,31,32,36,33,26,26,30,31,29,27,27,26,31,26,29,31,25,29,26,26,29,28,29,25,29,25,28,32,30,31,31,29,29,32,29,28,26,29,26,29,28,28,29,25,29,31,30,29,28,29,29,32,28,28,26,26,26,26,32,28,33,32,32,34,30,31,30,29,26,26,29,26,25,26,36,29,28,28,26,30,30,29,26,30,29,30,30,26,31,32,30,33,30,25
2007-09-01,0,0,0,0,0,0,0,0,0,0,0,0,0,0,0,0,0,0,0,0,0,0,0,0,0,0,0,0,0,0,0,0,0,0,0,0,0,0,0,0,0,0,0,0,0,0,0,0,0,0,0,0,0,0,0,0,0,0,0,0,0,0,0,0,0,0,0,0,0,0,0,0,0,0,0,0,0,0,0,0,0,0,0,0,0,0,0,0,0,0,0,0,0,0,0,0,0,0,0,0,0
2007-10-01,0,0,0,0,0,0,0,0,0,0,0,0,0,0,0,0,0,0,0,0,0,0,0,0,0,0,0,0,0,0,0,0,0,0,0,0,0,0,0,0,0,0,0,0,0,0,0,0,0,0,0,0,0,0,0,0,0,0,0,0,0,0,0,0,0,0,0,0,0,0,0,0,0,0,0,0,0,0,0,0,0,0,0,0,0,0,0,0,0,0,0,0,0,0,0,0,0,0,0,0,0
2007-11-01,0,0,1,1,1,0,1,0,0,0,0,3,3,0,3,1,2,2,1,1,1,2,1,3,3,3,3,1,2,1,2,1,3,1,0,1,1,0,2,1,0,2,1,2,1,3,1,0,0,1,2,1,1,2,1,3,1,1,1,3,3,3,2,3,3,0,2,0,0,1,0,1,1,1,1,3,3,1,1,3,2,0,1,3,3,3,1,1,2,3,1,1,1,0,2,1,0,1,0,1,3
2007-12-01,0,0,0,0,0,0,0,0,0,2,0,0,0,0,0,0,0,0,0,0,0,0,0,0,0,0,0,0,0,0,0,0,0,0,0,0,0,0,0,0,1,0,0,0,0,0,0,0,0,0,0,0,0,0,0,0,0,0,0,0,0,0,0,0,0,0,0,0,0,0,1,0,0,0,0,0,0,0,0,0,0,2,0,0,0,0,0,0,0,0,0,0,0,0,0,0,0,0,0,0,0
2008-01-01,0,0,0,0,0,0,0,0,0,0,0,0,0,0,0,0,0,0,0,0,0,0,0,0,0,0,0,0,0,0,0,0,0,0,0,0,0,0,0,0,0,0,0,0,0,0,0,0,0,0,0,0,0,0,0,0,0,0,0,0,0,0,0,0,0,0,0,0,0,0,0,0,0,0,0,0,0,0,0,0,0,0,0,0,0,0,0,0,0,0,0,0,0,0,0,0,0,0,0,0,0
2008-02-01,6,9,0,7,12,13,3,6,9,17,12,0,0,6,0,0,0,0,0,6,0,0,6,0,0,0,0,7,0,12,0,12,0,2,9,3,2,6,0,0,27,0,2,0,3,0,7,18,18,12,0,12,6,0,12,0,7,12,7,0,0,0,0,0,0,13,0,13,13,7,16,6,5,2,12,0,0,0,0,0,0,17,7,0,0,0,2,3,0,0,3,7,2,6,0,2,13,3,12,16,0
2008-03-01,0,0,0,0,0,0,0,0,0,0,0,0,0,0,0,0,0,0,0,0,0,0,0,0,0,0,0,0,0,0,0,0,0,0,0,0,0,0,0,0,0,0,0,0,0,0,0,0,0,0,0,0,0,0,0,0,0,0,0,0,0,0,0,0,0,0,0,0,0,0,0,0,0,0,0,0,0,0,0,0,0,0,0,0,0,0,0,0,0,0,0,0,0,0,0,0,0,0,0,0,0
2008-04-01,5,7,2,4,3,9,3,6,7,13,5,4,4,5,5,2,4,4,2,4,2,2,4,4,4,4,4,3,3,3,3,3,4,4,7,2,5,6,2,2,6,2,4,2,3,4,3,3,3,3,3,3,4,5,3,5,3,3,4,5,6,4,2,4,4,7,3,9,5,4,9,5,5,2,3,4,4,2,2,3,2,13,3,6,6,4,2,2,2,4,2,3,2,5,3,4,5,2,5,3,3
2008-05-01,41,49,31,39,35,50,34,47,49,53,39,26,26,41,32,28,33,33,31,37,31,29,37,23,27,24,22,34,29,35,28,35,24,37,49,33,39,47,29,28,44,29,37,25,34,26,34,36,36,35,28,35,37,33,35,24,34,35,39,24,25,23,25,24,25,50,29,50,38,39,50,40,44,29,35,26,26,28,31,24,25,53,34,26,25,22,29,33,29,22,31,34,29,41,31,35,38,31,39,36,24
2008-06-01,37,41,32,41,49,42,36,39,41,43,44,30,30,37,35,39,32,32,32,40,32,37,40,30,32,29,31,44,33,49,31,49,28,35,41,44,36,39,37,39,50,37,35,33,36,30,44,55,55,49,31,49,40,34,49,34,44,49,41,34,34,33,33,29,29,42,33,42,45,41,42,37,38,40,49,30,30,39,32,29,33,43,44,35,34,31,40,44,37,31,41,44,40,37,32,38,45,41,44,56,29
2008-07-01,29,25,34,28,26,24,32,27,25,23,27,37,37,29,37,35,34,34,34,30,34,36,30,36,37,37,36,30,36,26,35,26,36,32,25,30,32,27,36,35,20,36,32,37,32,37,30,23,23,26,35,26,30,35,26,38,30,26,28,38,37,38,37,37,36,25,36,24,25,28,23,30,30,35,26,37,37,35,34,37,37,23,30,39,37,36,35,30,36,36,33,30,35,29,34,32,25,33,27,25,37
2008-08-01,99,106,86,109,111,108,97,103,106,117,112,86,86,99,102,103,88,88,86,106,86,98,106,83,94,86,86,107,91,111,83,111,83,94,106,109,102,103,98,103,113,98,94,87,97,86,107,109,109,111,83,111,106,99,111,92,107,111,109,92,92,86,87,86,85,105,91,108,110,109,110,99,104,105,111,86,86,103,86,83,87,117,107,89,92,86,105,109,98,86,106,107,105,99,86,103,110,106,112,115,83
2008-09-01,2,2,2,2,4,2,2,2,2,2,2,2,2,2,2,4,2,2,2,2,2,3,2,3,2,2,3,4,2,4,2,4,2,2,2,4,2,2,3,4,3,3,2,3,2,2,4,4,4,4,2,4,2,2,4,3,4,4,2,3,3,3,3,2,2,2,2,2,2,2,2,2,2,4,4,2,2,4,2,2,3,2,4,3,3,3,4,4,3,3,4,4,4,2,2,2,2,4,2,4,2
2008-10-01,0,0,0,0,0,0,0,0,0,0,0,0,0,0,0,0,0,0,0,0,0,0,0,0,0,0,0,0,0,0,0,0,0,0,0,0,0,0,0,0,0,0,0,0,0,0,0,0,0,0,0,0,0,0,0,0,0,0,0,0,0,0,0,0,0,0,0,0,0,0,0,0,0,0,0,0,0,0,0,0,0,0,0,0,0,0,0,0,0,0,0,0,0,0,0,0,0,0,0,0,0
2008-11-01,0,0,0,0,0,0,0,0,0,0,0,0,0,0,0,0,0,0,0,0,0,0,0,0,0,0,0,0,0,0,0,0,0,0,0,0,0,0,0,0,0,0,0,0,0,0,0,0,0,0,0,0,0,0,0,0,0,0,0,0,0,0,0,0,0,0,0,0,0,0,0,0,0,0,0,0,0,0,0,0,0,0,0,0,0,0,0,0,0,0,0,0,0,0,0,0,0,0,0,0,0
2008-12-01,0,0,0,0,0,0,0,0,0,0,0,0,0,0,0,0,0,0,0,0,0,0,0,0,0,0,0,0,0,0,0,0,0,0,0,0,0,0,0,0,0,0,0,0,0,0,0,0,0,0,0,0,0,0,0,0,0,0,0,0,0,0,0,0,0,0,0,0,0,0,0,0,0,0,0,0,0,0,0,0,0,0,0,0,0,0,0,0,0,0,0,0,0,0,0,0,0,0,0,0,0
2009-01-01,0,0,0,0,0,0,0,0,0,0,0,0,0,0,0,0,0,0,0,0,0,0,0,0,0,0,0,0,0,0,0,0,0,0,0,0,0,0,0,0,0,0,0,0,0,0,0,0,0,0,0,0,0,0,0,0,0,0,0,0,0,0,0,0,0,0,0,0,0,0,0,0,0,0,0,0,0,0,0,0,0,0,0,0,0,0,0,0,0,0,0,0,0,0,0,0,0,0,0,0,0
2009-02-01,4,7,0,5,8,9,2,4,7,13,8,0,0,4,0,0,0,0,0,5,0,0,5,0,0,0,0,5,0,8,0,8,0,2,7,2,2,4,0,0,17,0,2,0,2,0,5,11,11,8,0,8,5,0,8,0,5,8,5,0,0,0,0,0,0,9,0,9,9,5,12,4,4,1,8,0,0,0,0,0,0,13,5,0,0,0,1,2,0,0,2,5,1,4,0,2,9,2,8,10,0
2009-03-01,0,0,0,0,0,0,0,0,0,0,0,0,0,0,0,0,0,0,0,0,0,0,0,0,0,0,0,0,0,0,0,0,0,0,0,0,0,0,0,0,0,0,0,0,0,0,0,0,0,0,0,0,0,0,0,0,0,0,0,0,0,0,0,0,0,0,0,0,0,0,0,0,0,0,0,0,0,0,0,0,0,0,0,0,0,0,0,0,0,0,0,0,0,0,0,0,0,0,0,0,0
2009-04-01,0,0,0,0,0,0,0,0,0,0,0,0,0,0,0,0,0,0,0,0,0,0,0,0,0,0,0,0,0,0,0,0,0,0,0,0,0,0,0,0,0,0,0,0,0,0,0,0,0,0,0,0,0,0,0,0,0,0,0,0,0,0,0,0,0,0,0,0,0,0,0,0,0,0,0,0,0,0,0,0,0,0,0,0,0,0,0,0,0,0,0,0,0,0,0,0,0,0,0,0,0
2009-05-01,2,2,1,2,2,2,1,2,2,2,2,1,1,2,1,2,1,1,1,1,1,1,1,1,1,1,1,2,1,2,1,2,1,1,2,2,2,2,1,2,2,1,1,1,1,1,2,2,2,2,1,2,1,1,2,1,2,2,2,1,1,1,1,1,1,2,1,2,2,2,2,2,2,2,2,1,1,2,1,1,1,2,2,1,1,1,2,2,1,1,2,2,2,2,1,1,2,2,2,2,1
2009-06-01,76,85,65,79,68,87,71,82,85,93,84,59,59,76,75,61,68,68,65,76,65,64,76,57,63,56,58,66,67,68,64,68,56,73,85,67,75,82,64,61,84,64,73,56,71,59,66,70,70,68,64,68,76,72,68,60,66,68,79,60,60,59,56,56,62,87,67,87,80,79,89,75,79,63,68,59,59,61,65,55,56,93,66,62,60,58,63,67,64,58,64,66,63,76,66,75,80,64,84,72,55
2009-07-01,21,19,25,22,20,17,24,19,19,16,21,24,24,21,25,24,24,24,25,22,25,24,22,22,23,23,21,23,25,20,25,20,23,23,19,23,23,19,24,24,16,24,23,24,24,24,23,19,19,20,25,20,22,25,20,21,23,20,22,21,20,21,24,23,24,18,25,17,20,22,17,22,21,24,20,24,24,24,25,24,24,16,23,20,20,21,24,23,24,21,23,23,24,21,25,23,20,23,21,20,24
2009-08-01,66,71,56,71,72,73,64,69,71,81,73,57,57,66,67,67,58,58,56,69,56,65,69,55,62,57,57,69,60,72,55,72,55,62,71,71,67,69,65,67,75,65,62,57,64,57,69,70,70,72,55,72,69,65,72,61,69,72,71,61,61,57,57,57,56,71,60,73,72,71,75,66,69,69,72,57,57,67,56,55,57,81,69,59,61,57,69,71,65,57,69,69,69,66,56,68,72,69,73,74,55
2009-09-01,5,6,5,5,3,6,5,6,6,6,5,4,4,5,5,3,5,5,5,5,5,4,5,4,4,4,4,3,4,3,5,3,4,5,6,3,5,6,4,3,4,4,5,4,5,4,3,3,3,3,5,3,5,5,3,3,3,3,5,3,3,3,4,4,4,6,4,6,4,5,6,5,6,3,3,4,4,3,5,4,4,6,3,3,3,4,3,3,4,4,4,3,3,5,5,5,4,4,5,3,4
2009-10-01,0,0,0,0,0,0,0,0,0,0,0,0,0,0,0,0,0,0,0,0,0,0,0,0,0,0,0,0,0,0,0,0,0,0,0,0,0,0,0,0,0,0,0,0,0,0,0,0,0,0,0,0,0,0,0,0,0,0,0,0,0,0,0,0,0,0,0,0,0,0,0,0,0,0,0,0,0,0,0,0,0,0,0,0,0,0,0,0,0,0,0,0,0,0,0,0,0,0,0,0,0
2009-11-01,0,0,0,0,0,0,0,0,0,0,0,0,0,0,0,0,0,0,0,0,0,0,0,0,0,0,0,0,0,0,0,0,0,0,0,0,0,0,0,0,0,0,0,0,0,0,0,0,0,0,0,0,0,0,0,0,0,0,0,0,0,0,0,0,0,0,0,0,0,0,0,0,0,0,0,0,0,0,0,0,0,0,0,0,0,0,0,0,0,0,0,0,0,0,0,0,0,0,0,0,0
2009-12-01,0,0,0,0,0,0,0,0,0,0,0,0,0,0,0,0,0,0,0,0,0,0,0,0,0,0,0,0,0,0,0,0,0,0,0,0,0,0,0,0,0,0,0,0,0,0,0,0,0,0,0,0,0,0,0,0,0,0,0,0,0,0,0,0,0,0,0,0,0,0,0,0,0,0,0,0,0,0,0,0,0,0,0,0,0,0,0,0,0,0,0,0,0,0,0,0,0,0,0,0,0
2010-01-01,0,0,0,0,0,0,0,0,0,0,0,0,0,0,0,0,0,0,0,0,0,0,0,0,0,0,0,0,0,0,0,0,0,0,0,0,0,0,0,0,0,0,0,0,0,0,0,0,0,0,0,0,0,0,0,0,0,0,0,0,0,0,0,0,0,0,0,0,0,0,0,0,0,0,0,0,0,0,0,0,0,0,0,0,0,0,0,0,0,0,0,0,0,0,0,0,0,0,0,0,0
2010-02-01,0,0,0,0,0,0,0,0,0,0,0,0,0,0,0,0,0,0,0,0,0,0,0,0,0,0,0,0,0,0,0,0,0,0,0,0,0,0,0,0,0,0,0,0,0,0,0,0,0,0,0,0,0,0,0,0,0,0,0,0,0,0,0,0,0,0,0,0,0,0,0,0,0,0,0,0,0,0,0,0,0,0,0,0,0,0,0,0,0,0,0,0,0,0,0,0,0,0,0,0,0
2010-03-01,0,0,0,0,0,0,0,0,0,0,0,0,0,0,0,0,0,0,0,0,0,0,0,0,0,0,0,0,0,0,0,0,0,0,0,0,0,0,0,0,0,0,0,0,0,0,0,0,0,0,0,0,0,0,0,0,0,0,0,0,0,0,0,0,0,0,0,0,0,0,0,0,0,0,0,0,0,0,0,0,0,0,0,0,0,0,0,0,0,0,0,0,0,0,0,0,0,0,0,0,0
2010-04-01,0,0,0,0,0,0,0,0,0,0,0,0,0,0,0,0,0,0,0,0,0,0,0,0,0,0,0,0,0,0,0,0,0,0,0,0,0,0,0,0,0,0,0,0,0,0,0,0,0,0,0,0,0,0,0,0,0,0,0,0,0,0,0,0,0,0,0,0,0,0,0,0,0,0,0,0,0,0,0,0,0,0,0,0,0,0,0,0,0,0,0,0,0,0,0,0,0,0,0,0,0
2010-05-01,38,43,30,39,47,44,34,42,43,45,39,30,30,38,32,37,32,32,30,37,30,36,37,29,32,29,28,44,30,47,28,47,27,35,43,43,37,42,36,37,49,36,35,31,34,30,44,50,50,47,28,47,37,33,47,34,44,47,39,34,36,32,31,29,27,44,30,44,41,39,44,37,40,39,47,30,30,37,30,29,31,45,44,38,36,28,39,43,36,28,41,44,39,38,30,35,41,41,39,51,29
2010-06-01,42,44,38,45,52,44,42,43,44,46,48,42,42,42,48,46,40,40,38,45,38,47,45,43,46,42,45,48,43,52,39,52,40,41,44,49,44,43,47,46,51,47,41,42,42,42,48,56,56,52,39,52,45,45,52,50,48,52,45,50,51,49,42,42,42,44,43,44,47,45,45,42,44,48,52,42,42,46,38,40,42,46,48,52,51,45,48,49,47,45,48,48,48,42,39,45,47,48,48,59,40
2010-07-01,18,17,20,17,15,16,19,18,17,16,16,19,19,18,21,19,21,21,20,18,20,20,18,19,19,19,18,17,20,15,20,15,19,19,17,17,19,18,20,19,12,20,19,20,19,19,17,13,13,15,20,15,18,20,15,19,17,15,17,19,18,19,20,19,20,17,20,16,15,17,16,19,19,19,15,19,19,19,20,20,20,16,17,19,18,18,19,17,20,18,18,17,19,18,20,18,15,18,16,15,20
2010-08-01,9,11,7,10,8,12,8,10,11,13,10,6,6,9,8,8,8,8,7,9,7,7,9,6,7,6,6,8,7,8,7,8,6,8,11,8,9,10,7,8,10,7,8,6,8,6,8,8,8,8,7,8,9,8,8,6,8,8,10,6,6,6,6,6,6,11,7,12,10,10,12,9,10,8,8,6,6,8,7,6,6,13,8,6,6,6,8,8,7,6,8,8,8,9,7,9,10,8,10,8,6
2010-09-01,17,17,18,18,19,17,18,17,17,17,18,18,18,17,19,20,17,17,18,18,18,19,18,20,19,19,20,18,18,19,18,19,18,17,17,18,19,17,19,20,18,19,17,19,18,18,18,18,18,19,18,19,18,19,19,20,18,19,18,20,20,20,19,19,19,17,18,17,17,18,17,17,18,20,19,18,18,20,18,19,19,17,18,20,20,20,20,18,19,20,20,18,20,17,18,19,17,20,18,18,19
2010-10-01,9,10,10,9,6,10,9,10,10,12,9,8,8,9,9,6,10,10,10,8,10,6,8,8,8,8,8,6,9,6,9,6,8,10,10,6,10,10,6,6,14,6,10,7,9,8,6,6,6,6,9,6,8,9,6,7,6,6,9,7,7,7,7,8,9,10,9,10,9,9,10,10,10,6,6,8,8,6,10,8,7,12,6,7,7,8,6,6,6,8,6,6,6,9,10,9,9,6,9,6,8
2010-11-01,13,14,15,12,14,15,12,14,14,19,13,12,12,13,13,11,18,18,15,12,15,10,12,12,12,12,12,11,14,14,17,14,12,16,14,11,12,14,10,11,22,10,16,13,12,12,11,14,14,14,17,14,12,14,14,11,11,14,12,11,11,11,13,12,13,15,14,15,16,12,18,13,13,10,14,12,12,11,15,12,13,19,11,11,11,12,10,11,10,12,11,11,10,13,15,12,16,11,13,14,12
2010-12-01,0,0,0,0,0,0,0,0,0,0,0,0,0,0,0,0,0,0,0,0,0,0,0,0,0,0,0,0,0,0,0,0,0,0,0,0,0,0,0,0,0,0,0,0,0,0,0,0,0,0,0,0,0,0,0,0,0,0,0,0,0,0,0,0,0,0,0,0,0,0,0,0,0,0,0,0,0,0,0,0,0,0,0,0,0,0,0,0,0,0,0,0,0,0,0,0,0,0,0,0,0
2011-01-01,0,0,0,0,0,0,0,0,0,0,0,0,0,0,0,0,0,0,0,0,0,0,0,0,0,0,0,0,0,0,0,0,0,0,0,0,0,0,0,0,0,0,0,0,0,0,0,0,0,0,0,0,0,0,0,0,0,0,0,0,0,0,0,0,0,0,0,0,0,0,0,0,0,0,0,0,0,0,0,0,0,0,0,0,0,0,0,0,0,0,0,0,0,0,0,0,0,0,0,0,0
2011-02-01,18,30,0,23,38,42,9,18,30,57,38,0,0,18,0,0,0,0,0,21,0,0,21,0,0,0,0,23,0,38,0,38,0,8,30,10,7,18,0,0,85,0,8,0,9,0,23,56,56,38,0,38,21,0,38,0,23,38,23,0,0,0,0,0,0,42,0,42,42,23,52,18,16,7,38,0,0,0,0,0,0,57,23,0,0,0,7,10,0,0,9,23,7,18,0,8,42,9,38,51,0
2011-03-01,0,0,0,0,0,0,0,0,0,0,0,0,0,0,0,0,0,0,0,0,0,0,0,0,0,0,0,0,0,0,0,0,0,0,0,0,0,0,0,0,0,0,0,0,0,0,0,0,0,0,0,0,0,0,0,0,0,0,0,0,0,0,0,0,0,0,0,0,0,0,0,0,0,0,0,0,0,0,0,0,0,0,0,0,0,0,0,0,0,0,0,0,0,0,0,0,0,0,0,0,0
2011-04-01,0,0,0,0,0,0,0,0,0,0,0,0,0,0,0,0,0,0,0,0,0,0,0,0,0,0,0,0,0,0,0,0,0,0,0,0,0,0,0,0,0,0,0,0,0,0,0,1,1,0,0,0,0,0,0,0,0,0,0,0,0,0,0,0,0,0,0,0,0,0,0,0,0,0,0,0,0,0,0,0,0,0,0,0,0,0,0,0,0,0,0,0,0,0,0,0,0,0,0,1,0
2011-05-01,0,0,0,0,0,0,0,0,0,0,0,0,0,0,0,0,0,0,0,0,0,0,0,0,0,0,0,0,0,0,0,0,0,0,0,0,0,0,0,0,0,0,0,0,0,0,0,0,0,0,0,0,0,0,0,0,0,0,0,0,0,0,0,0,0,0,0,0,0,0,0,0,0,0,0,0,0,0,0,0,0,0,0,0,0,0,0,0,0,0,0,0,0,0,0,0,0,0,0,0,0
2011-06-01,98,103,93,115,130,104,105,101,103,106,122,100,100,98,112,114,94,94,93,112,93,115,112,103,108,99,106,121,103,130,93,130,96,99,103,124,103,101,115,114,130,115,99,103,105,100,121,142,142,130,93,130,112,106,130,119,121,130,115,119,120,115,103,99,98,105,103,104,121,115,106,101,102,119,130,100,100,114,93,97,103,106,121,123,120,106,119,124,115,106,119,121,119,98,95,112,121,119,122,148,97
2011-07-01,36,32,42,36,31,29,40,33,32,28,34,43,43,36,44,41,42,42,42,38,42,43,38,41,43,42,41,35,43,31,43,31,42,39,32,36,39,33,43,41,25,43,39,43,40,43,35,27,27,31,43,31,38,43,31,42,35,31,36,42,41,41,43,42,43,31,43,29,31,36,28,37,37,41,31,43,43,41,42,43,43,28,35,42,41,41,41,36,43,41,38,35,41,36,43,39,31,38,34,30,43
2011-08-01,30,31,27,33,30,32,30,31,31,34,34,26,26,30,31,29,27,27,27,33,27,28,33,24,28,25,25,29,28,30,26,30,25,29,31,30,31,31,28,29,33,28,29,25,30,26,29,28,28,30,26,30,33,31,30,26,29,30,33,26,26,24,25,25,26,31,28,32,33,33,32,30,32,29,30,26,26,29,27,25,25,34,29,25,26,25,29,30,28,25,29,29,29,30,27,32,33,29,34,30,25
2011-09-01,1,1,1,1,0,1,1,1,1,1,1,1,1,1,1,0,1,1,1,1,1,1,1,1,1,1,1,0,1,0,1,0,1,1,1,0,1,1,1,0,1,1,1,1,1,1,0,0,0,0,1,0,1,1,0,1,0,0,1,1,1,1,1,1,1,1,1,1,1,1,1,1,1,0,0,1,1,0,1,1,1,1,0,1,1,1,0,0,1,1,0,0,0,1,1,1,1,0,1,0,1
2011-10-01,0,0,0,0,1,0,0,0,0,1,0,1,1,0,0,1,0,0,0,0,0,1,0,1,1,1,1,1,1,1,0,1,1,0,0,1,0,0,1,1,1,1,0,1,0,1,1,1,1,1,0,1,0,0,1,2,1,1,0,2,2,2,1,1,1,0,1,0,1,0,0,0,0,1,1,1,1,1,0,1,1,1,1,2,2,1,1,1,1,1,1,1,1,0,0,0,1,1,0,1,1
2011-11-01,0,0,0,0,0,0,0,0,0,0,0,0,0,0,0,0,0,0,0,0,0,0,0,0,0,0,0,0,0,0,0,0,0,0,0,0,0,0,0,0,0,0,0,0,0,0,0,0,0,0,0,0,0,0,0,0,0,0,0,0,0,0,0,0,0,0,0,0,0,0,0,0,0,0,0,0,0,0,0,0,0,0,0,0,0,0,0,0,0,0,0,0,0,0,0,0,0,0,0,0,0
2011-12-01,0,0,0,0,0,0,0,0,0,1,0,0,0,0,0,0,0,0,0,0,0,0,0,0,0,0,0,0,0,0,0,0,0,0,0,0,0,0,0,0,0,0,0,0,0,0,0,0,0,0,0,0,0,0,0,0,0,0,0,0,0,0,0,0,0,0,0,0,0,0,0,0,0,0,0,0,0,0,0,0,0,1,0,0,0,0,0,0,0,0,0,0,0,0,0,0,0,0,0,0,0
2012-01-01,0,0,0,0,0,0,0,0,0,0,0,0,0,0,0,0,0,0,0,0,0,0,0,0,0,0,0,0,0,0,0,0,0,0,0,0,0,0,0,0,0,0,0,0,0,0,0,0,0,0,0,0,0,0,0,0,0,0,0,0,0,0,0,0,0,0,0,0,0,0,0,0,0,0,0,0,0,0,0,0,0,0,0,0,0,0,0,0,0,0,0,0,0,0,0,0,0,0,0,0,0
2012-02-01,0,0,0,0,0,0,0,0,0,0,0,0,0,0,0,0,0,0,0,0,0,0,0,0,0,0,0,0,0,0,0,0,0,0,0,0,0,0,0,0,0,0,0,0,0,0,0,0,0,0,0,0,0,0,0,0,0,0,0,0,0,0,0,0,0,0,0,0,0,0,0,0,0,0,0,0,0,0,0,0,0,0,0,0,0,0,0,0,0,0,0,0,0,0,0,0,0,0,0,0,0
2012-03-01,0,0,0,0,0,0,0,0,0,0,0,0,0,0,0,0,0,0,0,0,0,0,0,0,0,0,0,0,0,0,0,0,0,0,0,0,0,0,0,0,0,0,0,0,0,0,0,0,0,0,0,0,0,0,0,0,0,0,0,0,0,0,0,0,0,0,0,0,0,0,0,0,0,0,0,0,0,0,0,0,0,0,0,0,0,0,0,0,0,0,0,0,0,0,0,0,0,0,0,0,0
2012-04-01,9,11,4,10,10,14,6,9,11,19,12,8,8,9,8,6,6,6,4,8,4,6,8,7,8,7,9,10,6,10,6,10,8,6,11,8,8,9,6,6,17,6,6,6,6,8,10,13,13,10,6,10,8,8,10,13,10,10,10,13,15,11,6,7,8,11,6,14,13,10,14,8,8,6,10,8,8,6,4,6,6,19,10,17,15,9,6,8,6,9,8,10,6,9,6,8,13,8,12,13,6
2012-05-01,8,10,6,7,7,10,6,10,10,11,7,5,5,8,6,5,7,7,6,7,6,5,7,4,5,4,4,6,5,7,5,7,4,7,10,6,8,10,5,5,8,5,7,5,6,5,6,7,7,7,5,7,7,6,7,5,6,7,7,5,5,4,5,4,5,10,5,10,7,7,10,8,9,5,7,5,5,5,6,4,5,11,6,5,5,4,5,6,5,4,6,6,5,8,6,6,7,6,7,7,4
2012-06-01,20,20,18,19,13,21,18,21,20,22,20,19,19,20,24,14,20,20,18,19,18,17,19,18,20,17,18,14,20,13,19,13,18,20,20,15,21,21,17,14,18,17,20,15,18,19,14,13,13,13,19,13,19,22,13,18,14,13,19,18,18,18,15,17,20,20,20,21,17,19,21,20,21,15,13,19,19,14,18,16,15,22,14,19,18,18,15,15,17,18,15,14,15,20,19,20,17,15,20,14,16
2012-07-01,1,1,1,1,1,1,1,1,1,1,1,1,1,1,1,1,1,1,1,1,1,1,1,1,1,1,1,1,1,1,1,1,1,1,1,1,1,1,1,1,1,1,1,1,1,1,1,0,0,1,1,1,1,1,1,0,1,1,1,0,0,1,1,1,1,1,1,1,1,1,1,1,1,1,1,1,1,1,1,1,1,1,1,0,0,1,1,1,1,1,1,1,1,1,1,1,1,1,1,1,1
2012-08-01,43,43,42,50,43,43,47,43,43,44,50,47,47,43,55,47,43,43,42,50,42,48,50,46,52,47,48,44,47,43,42,43,46,44,43,47,49,43,48,47,44,48,44,44,47,47,44,39,39,43,42,43,50,51,43,52,44,43,50,52,52,49,44,47,47,42,47,43,47,50,43,46,47,49,43,47,47,47,42,45,44,44,44,51,52,48,49,47,48,48,47,44,49,43,43,50,47,47,50,43,45
2012-09-01,0,0,1,0,0,0,0,0,0,0,0,1,1,0,1,1,1,1,1,0,1,1,0,1,1,1,1,0,1,0,1,0,1,0,0,0,1,0,1,1,0,1,0,1,0,1,0,0,0,0,1,0,0,1,0,1,0,0,0,1,1,1,1,1,1,0,1,0,0,0,0,0,0,1,0,1,1,1,1,1,1,0,0,1,1,1,1,0,1,1,0,0,1,0,1,1,0,0,0,0,1
2012-10-01,14,17,16,14,9,16,15,17,17,19,13,17,17,14,17,10,17,17,16,12,16,12,12,16,17,16,17,9,16,9,16,9,17,16,17,10,16,17,12,10,19,12,16,14,15,17,9,9,9,9,16,9,12,17,9,17,9,9,14,17,17,16,14,16,17,16,16,16,12,14,16,16,17,11,9,17,17,10,16,16,14,19,9,17,17,17,11,10,12,17,10,9,11,14,16,15,12,10,13,10,16
2012-11-01,0,0,0,0,0,0,0,0,0,0,0,0,0,0,0,0,0,0,0,0,0,0,0,0,0,0,0,0,0,0,0,0,0,0,0,0,0,0,0,0,0,0,0,0,0,0,0,0,0,0,0,0,0,0,0,0,0,0,0,0,0,0,0,0,0,0,0,0,0,0,0,0,0,0,0,0,0,0,0,0,0,0,0,0,0,0,0,0,0,0,0,0,0,0,0,0,0,0,0,0,0
2012-12-01,0,0,0,0,0,0,0,0,0,1,0,0,0,0,0,0,0,0,0,0,0,0,0,0,0,0,0,0,0,0,0,0,0,0,0,0,0,0,0,0,0,0,0,0,0,0,0,0,0,0,0,0,0,0,0,0,0,0,0,0,0,0,0,0,0,0,0,0,0,0,0,0,0,0,0,0,0,0,0,0,0,1,0,0,0,0,0,0,0,0,0,0,0,0,0,0,0,0,0,0,0
2013-01-01,0,0,0,0,0,0,0,0,0,1,0,0,0,0,0,0,0,0,0,0,0,0,0,0,0,0,0,0,0,0,0,0,0,0,0,0,0,0,0,0,1,0,0,0,0,0,0,0,0,0,0,0,0,0,0,0,0,0,0,0,0,0,0,0,0,0,0,0,0,0,1,0,0,0,0,0,0,0,0,0,0,1,0,0,0,0,0,0,0,0,0,0,0,0,0,0,0,0,0,0,0
2013-02-01,0,0,0,0,1,0,0,0,0,0,0,0,0,0,0,0,0,0,0,0,0,0,0,0,0,0,0,0,0,1,0,1,0,0,0,0,0,0,0,0,1,0,0,0,0,0,0,1,1,1,0,1,0,0,1,0,0,1,0,0,0,0,0,0,0,0,0,0,0,0,0,0,0,0,1,0,0,0,0,0,0,0,0,0,0,0,0,0,0,0,0,0,0,0,0,0,0,0,0,1,0
2013-03-01,0,0,0,0,0,0,0,0,0,0,0,0,0,0,0,0,0,0,0,0,0,0,0,0,0,0,0,0,0,0,0,0,0,0,0,0,0,0,0,0,0,0,0,0,0,0,0,0,0,0,0,0,0,0,0,0,0,0,0,0,0,0,0,0,0,0,0,0,0,0,0,0,0,0,0,0,0,0,0,0,0,0,0,0,0,0,0,0,0,0,0,0,0,0,0,0,0,0,0,0,0
2013-04-01,0,0,0,0,0,0,0,0,0,0,0,0,0,0,0,0,0,0,0,0,0,0,0,0,0,0,0,0,0,0,0,0,0,0,0,0,0,0,0,0,0,0,0,0,0,0,0,0,0,0,0,0,0,0,0,0,0,0,0,0,0,0,0,0,0,0,0,0,0,0,0,0,0,0,0,0,0,0,0,0,0,0,0,0,0,0,0,0,0,0,0,0,0,0,0,0,0,0,0,0,0
2013-05-01,55,61,48,59,68,60,54,59,61,61,59,49,49,55,53,57,49,49,48,58,48,56,58,47,52,47,45,65,48,68,44,68,45,53,61,65,57,59,56,57,70,56,53,49,54,49,65,72,72,68,44,68,58,52,68,54,65,68,59,54,57,51,49,47,44,61,48,60,61,59,60,56,59,59,68,49,49,57,48,47,49,61,65,61,57,45,59,65,56,45,62,65,59,55,48,56,61,62,59,75,47
2013-06-01,16,17,14,17,16,17,16,16,17,18,19,13,13,16,17,14,15,15,14,17,14,15,17,13,14,13,13,15,15,16,14,16,13,15,17,16,16,16,15,14,19,15,15,13,16,13,15,17,17,16,14,16,17,16,16,14,15,16,17,14,14,14,13,13,14,17,15,17,18,17,17,16,16,15,16,13,13,14,14,13,13,18,15,15,14,13,15,16,15,13,15,15,15,16,14,17,18,15,19,18,13
2013-07-01,4,4,5,4,5,4,5,4,4,3,4,4,4,4,4,5,4,4,5,4,5,5,4,4,4,4,3,5,4,5,4,5,4,4,4,5,4,4,5,5,4,5,4,4,5,4,5,5,5,5,4,5,4,4,5,3,5,5,4,3,3,3,4,4,4,4,4,4,4,4,3,4,4,5,5,4,4,5,5,4,4,3,5,3,3,3,5,5,5,3,5,5,5,4,4,4,4,5,4,5,4
2013-08-01,14,15,12,14,9,15,12,14,15,17,14,11,11,14,14,10,12,12,12,13,12,11,13,11,12,11,11,10,12,9,11,9,11,13,15,11,14,14,11,10,12,11,13,10,12,11,10,8,8,9,11,9,13,14,9,11,10,9,14,11,11,10,10,11,12,15,12,15,13,14,15,13,14,11,9,11,11,10,12,10,10,17,10,11,11,11,11,11,11,11,11,10,11,14,12,13,13,11,14,9,10
2013-09-01,2,2,2,2,1,2,2,2,2,2,3,2,2,2,2,1,2,2,2,2,2,1,2,1,2,1,1,1,2,1,2,1,1,2,2,1,2,2,1,1,2,1,2,1,2,2,1,1,1,1,2,1,2,2,1,1,1,1,2,1,1,1,1,1,2,2,2,2,2,2,2,2,2,1,1,2,2,1,2,1,1,2,1,1,1,1,1,1,1,1,1,1,1,2,2,2,2,1,3,1,1
2013-10-01,0,0,0,0,0,0,0,0,0,0,0,0,0,0,0,0,0,0,0,0,0,0,0,0,0,0,0,0,0,0,0,0,0,0,0,0,0,0,0,0,0,0,0,0,0,0,0,0,0,0,0,0,0,0,0,0,0,0,0,0,0,0,0,0,0,0,0,0,0,0,0,0,0,0,0,0,0,0,0,0,0,0,0,0,0,0,0,0,0,0,0,0,0,0,0,0,0,0,0,0,0
2013-11-01,2,2,3,2,2,2,2,2,2,2,2,3,3,2,3,2,3,3,3,2,3,2,2,3,3,3,3,2,3,2,3,2,3,3,2,2,2,2,2,2,3,2,3,2,2,3,2,2,2,2,3,2,2,3,2,2,2,2,2,2,2,2,2,3,3,2,3,2,3,2,2,2,2,2,2,3,3,2,3,3,2,2,2,2,2,3,2,2,2,3,2,2,2,2,3,2,3,2,2,2,3
2013-12-01,0,0,0,0,0,0,0,0,0,0,0,0,0,0,0,0,0,0,0,0,0,0,0,0,0,0,0,0,0,0,0,0,0,0,0,0,0,0,0,0,0,0,0,0,0,0,0,0,0,0,0,0,0,0,0,0,0,0,0,0,0,0,0,0,0,0,0,0,0,0,0,0,0,0,0,0,0,0,0,0,0,0,0,0,0,0,0,0,0,0,0,0,0,0,0,0,0,0,0,0,0
2014-01-01,0,0,0,0,0,0,0,0,0,0,0,0,0,0,0,0,0,0,0,0,0,0,0,0,0,0,0,0,0,0,0,0,0,0,0,0,0,0,0,0,0,0,0,0,0,0,0,0,0,0,0,0,0,0,0,0,0,0,0,0,0,0,0,0,0,0,0,0,0,0,0,0,0,0,0,0,0,0,0,0,0,0,0,0,0,0,0,0,0,0,0,0,0,0,0,0,0,0,0,0,0
2014-02-01,0,0,0,0,0,0,0,0,0,0,0,0,0,0,0,0,0,0,0,0,0,0,0,0,0,0,0,0,0,0,0,0,0,0,0,0,0,0,0,0,0,0,0,0,0,0,0,0,0,0,0,0,0,0,0,0,0,0,0,0,0,0,0,0,0,0,0,0,0,0,0,0,0,0,0,0,0,0,0,0,0,0,0,0,0,0,0,0,0,0,0,0,0,0,0,0,0,0,0,0,0
2014-03-01,0,0,0,0,0,0,0,0,0,0,0,0,0,0,0,0,0,0,0,0,0,0,0,0,0,0,0,0,0,0,0,0,0,0,0,0,0,0,0,0,0,0,0,0,0,0,0,0,0,0,0,0,0,0,0,0,0,0,0,0,0,0,0,0,0,0,0,0,0,0,0,0,0,0,0,0,0,0,0,0,0,0,0,0,0,0,0,0,0,0,0,0,0,0,0,0,0,0,0,0,0
2014-04-01,0,0,0,0,0,0,0,0,0,0,0,0,0,0,0,0,0,0,0,0,0,0,0,0,0,0,0,0,0,0,0,0,0,0,0,0,0,0,0,0,0,0,0,0,0,0,0,0,0,0,0,0,0,0,0,0,0,0,0,0,0,0,0,0,0,0,0,0,0,0,0,0,0,0,0,0,0,0,0,0,0,0,0,0,0,0,0,0,0,0,0,0,0,0,0,0,0,0,0,0,0
2014-05-01,5,6,4,5,3,6,5,6,6,6,5,4,4,5,5,3,5,5,4,5,4,3,5,3,4,3,3,3,4,3,4,3,3,5,6,3,5,6,3,3,5,3,5,3,5,4,3,3,3,3,4,3,5,5,3,3,3,3,5,3,3,3,3,3,4,6,4,6,5,5,6,5,6,3,3,4,4,3,4,3,3,6,3,3,3,3,3,3,3,3,3,3,3,5,4,5,5,3,5,3,3
2014-06-01,71,76,65,78,75,76,72,74,76,79,83,66,66,71,79,68,67,67,65,77,65,72,77,66,72,64,68,72,71,75,65,75,64,70,76,74,73,74,72,68,83,72,70,64,72,66,72,80,80,75,65,75,77,74,75,73,72,75,78,73,74,71,64,64,67,77,71,76,80,78,77,72,74,72,75,66,66,68,65,62,64,79,72,76,74,68,72,74,72,68,71,72,72,71,67,77,80,71,83,83,62
2014-07-01,4,4,4,3,2,3,3,4,4,3,3,4,4,4,5,3,5,5,4,3,4,3,3,4,4,4,3,2,4,2,4,2,4,4,4,2,4,4,3,3,2,3,4,3,3,4,2,1,1,2,4,2,3,4,2,3,2,2,3,3,3,3,3,4,4,3,4,3,2,3,3,4,4,3,2,4,4,3,4,4,3,3,2,3,3,3,3,2,3,3,2,2,3,4,4,3,2,2,3,1,4
2014-08-01,12,14,9,11,8,14,10,13,14,16,11,9,9,12,11,8,10,10,9,11,9,9,11,8,10,8,8,8,10,8,9,8,8,11,14,9,12,13,9,8,10,9,11,8,10,9,8,7,7,8,9,8,11,11,8,8,8,8,11,8,8,8,8,8,9,14,10,14,10,11,14,11,13,9,8,9,9,8,9,8,8,16,8,8,8,8,9,9,9,8,9,8,9,12,9,11,10,9,11,8,8
2014-09-01,13,13,13,13,13,13,13,13,13,13,13,13,13,13,14,14,13,13,13,13,13,14,13,14,14,13,14,13,13,13,13,13,13,13,13,13,14,13,14,14,13,14,13,14,13,13,13,13,13,13,13,13,13,14,13,15,13,13,13,15,15,15,14,13,14,13,13,13,13,13,13,13,14,14,13,13,13,14,13,13,14,13,13,15,15,14,14,13,14,14,14,13,14,13,13,14,13,14,13,13,13
2014-10-01,0,0,0,0,0,0,0,0,0,0,0,0,0,0,0,0,0,0,0,0,0,0,0,0,0,0,0,0,0,0,0,0,0,0,0,0,0,0,0,0,0,0,0,0,0,0,0,0,0,0,0,0,0,0,0,0,0,0,0,0,0,0,0,0,0,0,0,0,0,0,0,0,0,0,0,0,0,0,0,0,0,0,0,0,0,0,0,0,0,0,0,0,0,0,0,0,0,0,0,0,0
2014-11-01,0,0,0,0,0,0,0,0,0,0,0,0,0,0,0,0,0,0,0,0,0,0,0,0,0,0,0,0,0,0,0,0,0,0,0,0,0,0,0,0,0,0,0,0,0,0,0,0,0,0,0,0,0,0,0,0,0,0,0,0,0,0,0,0,0,0,0,0,0,0,0,0,0,0,0,0,0,0,0,0,0,0,0,0,0,0,0,0,0,0,0,0,0,0,0,0,0,0,0,0,0
2014-12-01,0,0,0,0,0,0,0,0,0,0,0,0,0,0,0,0,0,0,0,0,0,0,0,0,0,0,0,0,0,0,0,0,0,0,0,0,0,0,0,0,0,0,0,0,0,0,0,0,0,0,0,0,0,0,0,0,0,0,0,0,0,0,0,0,0,0,0,0,0,0,0,0,0,0,0,0,0,0,0,0,0,0,0,0,0,0,0,0,0,0,0,0,0,0,0,0,0,0,0,0,0
2015-01-01,0,0,0,0,0,0,0,0,0,0,0,0,0,0,0,0,0,0,0,0,0,0,0,0,0,0,0,0,0,0,0,0,0,0,0,0,0,0,0,0,0,0,0,0,0,0,0,0,0,0,0,0,0,0,0,0,0,0,0,0,0,0,0,0,0,0,0,0,0,0,0,0,0,0,0,0,0,0,0,0,0,0,0,0,0,0,0,0,0,0,0,0,0,0,0,0,0,0,0,0,0
2015-02-01,9,14,0,11,19,20,4,9,14,27,19,0,0,9,0,0,0,0,0,10,0,0,10,0,0,0,0,11,0,19,0,19,0,4,14,5,3,9,0,0,41,0,4,0,4,0,11,27,27,19,0,19,10,0,19,0,11,19,11,0,0,0,0,0,0,20,0,20,20,11,25,9,8,3,19,0,0,0,0,0,0,27,11,0,0,0,3,5,0,0,4,11,3,9,0,4,20,4,19,25,0
2015-03-01,3,8,0,3,7,8,3,4,8,12,7,0,0,3,0,2,0,0,0,3,0,0,3,0,0,0,0,3,0,7,0,7,0,3,8,3,2,4,0,2,12,0,3,0,3,0,3,8,8,7,0,7,3,0,7,0,3,7,3,0,2,0,0,0,0,8,0,8,8,3,12,3,3,2,7,0,0,2,0,0,0,12,3,2,2,0,2,3,0,0,3,3,2,3,0,2,8,3,7,7,0
2015-04-01,0,0,0,0,0,0,0,0,0,0,0,0,0,0,0,0,0,0,0,0,0,0,0,0,0,0,0,0,0,0,0,0,0,0,0,0,0,0,0,0,0,0,0,0,0,0,0,0,0,0,0,0,0,0,0,0,0,0,0,0,0,0,0,0,0,0,0,0,0,0,0,0,0,0,0,0,0,0,0,0,0,0,0,0,0,0,0,0,0,0,0,0,0,0,0,0,0,0,0,0,0
2015-05-01,1,1,1,1,0,1,1,1,1,1,1,0,0,1,1,0,1,1,1,1,1,0,1,0,0,0,0,0,1,0,1,0,0,1,1,0,1,1,0,0,1,0,1,0,1,0,0,0,0,0,1,0,1,1,0,0,0,0,1,0,0,0,0,0,0,1,1,1,1,1,1,1,1,0,0,0,0,0,1,0,0,1,0,0,0,0,0,0,0,0,0,0,0,1,1,1,1,0,1,0,0
2015-06-01,1,2,0,0,0,3,0,2,2,4,0,0,0,1,0,0,1,1,0,0,0,0,0,0,0,0,0,0,0,0,0,0,0,1,2,0,1,2,0,0,0,0,1,0,0,0,0,0,0,0,0,0,0,0,0,0,0,0,0,0,0,0,0,0,0,3,0,3,0,0,3,1,1,0,0,0,0,0,0,0,0,4,0,0,0,0,0,0,0,0,0,0,0,1,0,0,0,0,0,0,0
2015-07-01,35,30,41,35,32,28,39,32,30,26,33,44,44,35,44,42,41,41,41,37,41,44,37,43,44,44,43,37,43,32,43,32,43,38,30,38,38,32,44,42,24,44,38,45,39,44,37,28,28,32,43,32,37,43,32,46,37,32,35,46,45,45,45,44,43,29,43,28,31,35,27,36,35,43,32,44,44,42,41,44,45,26,37,47,45,43,43,38,44,43,40,37,43,35,42,39,31,40,33,31,44
2015-08-01,113,121,98,126,141,125,113,118,121,137,130,101,101,113,117,127,101,101,98,123,98,120,123,100,111,102,104,133,106,141,95,141,98,107,121,136,116,118,120,127,140,120,107,106,113,101,133,142,142,141,95,141,123,114,141,114,133,141,126,114,115,107,106,102,99,121,106,125,131,126,129,113,119,130,141,101,101,127,98,100,106,137,133,112,115,104,130,136,120,104,132,133,130,113,98,119,131,132,130,149,100
2015-09-01,15,15,14,14,11,15,14,15,15,15,14,14,14,15,16,13,15,15,14,14,14,13,14,15,15,14,14,12,14,11,14,11,14,14,15,12,15,15,13,13,12,13,14,13,14,14,12,10,10,11,14,11,14,15,11,14,12,11,14,14,14,14,13,14,15,15,14,15,12,14,15,14,16,13,11,14,14,13,14,14,13,15,12,14,14,14,13,12,13,14,13,12,13,15,14,15,12,13,14,10,14
2015-10-01,35,39,40,41,40,38,41,39,39,42,41,39,39,35,40,34,40,40,40,36,40,34,36,39,40,39,39,35,40,40,40,40,40,40,39,35,40,39,34,34,65,34,40,39,41,39,35,44,44,40,40,40,36,40,40,39,35,40,41,39,39,39,39,39,40,39,40,38,41,41,38,40,40,34,40,39,39,34,40,39,39,42,35,40,39,39,34,35,34,39,34,35,34,35,40,40,41,34,41,44,39
2015-11-01,0,0,0,0,0,0,0,0,0,0,0,0,0,0,0,0,0,0,0,0,0,0,0,0,0,0,0,0,0,0,0,0,0,0,0,0,0,0,0,0,0,0,0,0,0,0,0,0,0,0,0,0,0,0,0,0,0,0,0,0,0,0,0,0,0,0,0,0,0,0,0,0,0,0,0,0,0,0,0,0,0,0,0,0,0,0,0,0,0,0,0,0,0,0,0,0,0,0,0,0,0
2015-12-01,0,0,0,0,0,0,0,0,0,0,0,0,0,0,0,0,0,0,0,0,0,0,0,0,0,0,0,0,0,0,0,0,0,0,0,0,0,0,0,0,0,0,0,0,0,0,0,0,0,0,0,0,0,0,0,0,0,0,0,0,0,0,0,0,0,0,0,0,0,0,0,0,0,0,0,0,0,0,0,0,0,0,0,0,0,0,0,0,0,0,0,0,0,0,0,0,0,0,0,0,0
2016-01-01,7,7,8,7,7,6,8,7,7,11,7,0,0,7,0,8,8,8,8,7,8,0,7,0,0,0,0,7,0,7,9,7,0,8,7,7,8,7,0,8,17,0,8,0,8,0,7,13,13,7,9,7,7,0,7,0,7,7,7,0,8,0,0,0,0,6,0,6,7,7,11,7,7,0,7,0,0,8,8,0,0,11,7,8,8,0,0,7,0,0,8,7,0,7,8,8,7,8,7,14,0
2016-02-01,1,1,0,1,1,2,0,1,1,3,1,0,0,1,0,0,0,0,0,1,0,0,1,0,0,0,0,1,0,1,0,1,0,0,1,0,0,1,0,0,3,0,0,0,0,0,1,2,2,1,0,1,1,0,1,0,1,1,1,0,0,0,0,0,0,2,0,2,1,1,3,1,1,0,1,0,0,0,0,0,0,3,1,0,0,0,0,0,0,0,0,1,0,1,0,0,1,0,1,2,0
2016-03-01,1,1,0,1,1,2,0,1,1,3,1,0,0,1,0,0,0,0,0,1,0,0,1,0,0,0,0,1,0,1,0,1,0,0,1,1,0,1,0,0,3,0,0,0,0,0,1,1,1,1,0,1,1,0,1,0,1,1,1,0,0,0,0,0,0,1,0,2,1,1,2,1,1,0,1,0,0,0,0,0,0,3,1,0,0,0,0,1,0,0,0,1,0,1,0,0,1,0,1,1,0
2016-04-01,20,24,10,24,22,28,15,20,24,36,28,22,22,20,22,14,16,16,10,19,10,15,19,21,21,21,26,23,16,22,16,22,22,15,24,19,20,20,15,14,34,15,15,15,15,22,23,26,26,22,16,22,19,21,22,35,23,22,24,35,39,30,15,21,22,24,16,28,27,24,28,20,20,15,22,22,22,14,10,16,15,36,23,43,39,26,15,19,15,26,19,23,15,20,15,20,27,19,28,26,16
2016-05-01,37,42,31,39,37,43,34,41,42,45,40,28,28,37,32,31,31,31,31,38,31,31,38,26,29,25,25,36,29,37,28,37,25,35,42,36,37,41,31,31,46,31,35,27,34,28,36,38,38,37,28,37,38,33,37,29,36,37,39,29,31,27,27,25,26,43,29,43,39,39,44,38,39,32,37,28,28,31,31,26,27,45,36,33,31,25,32,36,31,25,34,36,32,37,31,35,39,34,40,39,26
2016-06-01,69,75,63,78,83,78,70,73,75,82,83,61,61,69,72,70,64,64,63,76,63,71,76,60,64,59,61,77,66,83,61,83,58,68,75,78,70,73,71,70,92,71,68,62,70,61,77,90,90,83,61,83,76,69,83,63,77,83,78,63,63,62,62,59,61,77,66,78,83,78,80,70,71,73,83,61,61,70,63,58,62,82,77,64,63,61,73,78,71,61,74,77,73,69,63,74,83,74,83,93,58
2016-07-01,49,44,56,46,41,40,52,46,44,39,43,60,60,49,62,55,58,58,56,49,56,58,49,58,60,59,56,47,59,41,59,41,59,53,44,49,53,46,58,55,32,58,53,59,52,60,47,37,37,41,59,41,49,59,41,57,47,41,46,57,55,57,59,59,60,42,59,40,40,46,39,50,50,55,41,60,60,55,56,59,59,39,47,57,55,56,55,49,58,56,52,47,55,49,57,52,40,52,43,40,59
2016-08-01,1,2,1,1,1,2,1,2,2,2,1,1,1,1,1,1,1,1,1,1,1,1,1,1,1,1,1,1,1,1,1,1,1,1,2,1,1,2,1,1,2,1,1,1,1,1,1,1,1,1,1,1,1,1,1,1,1,1,1,1,1,0,1,1,1,2,1,2,1,1,2,1,1,1,1,1,1,1,1,1,1,2,1,0,1,1,1,1,1,1,1,1,1,1,1,1,1,1,1,1,1
2016-09-01,2,2,1,2,2,2,1,2,2,2,2,0,0,2,0,1,1,1,1,1,1,1,1,0,0,0,0,1,1,2,1,2,0,1,2,1,1,2,1,1,2,1,1,1,1,0,1,2,2,2,1,2,1,1,2,0,1,2,2,0,0,0,1,0,0,2,1,2,2,2,2,1,1,1,2,0,0,1,1,0,1,2,1,0,0,0,1,1,1,0,1,1,1,2,1,1,2,1,2,1,0
2016-10-01,15,16,19,18,18,16,19,17,16,17,17,22,22,15,21,17,19,19,19,16,19,18,16,22,22,22,21,16,20,18,20,18,22,18,16,16,19,17,18,17,26,18,18,21,19,22,16,20,20,18,20,18,16,20,18,20,16,18,18,20,20,21,21,22,22,16,20,16,17,18,15,18,18,18,18,22,22,17,19,22,21,17,16,19,20,21,18,16,18,21,17,16,18,15,19,19,17,17,17,20,22
2016-11-01,6,6,6,5,7,6,5,6,6,8,6,6,6,6,6,5,8,8,6,5,6,5,5,5,5,6,5,5,6,7,7,7,6,7,6,5,5,6,5,5,10,5,7,6,5,6,5,7,7,7,7,7,5,6,7,5,5,7,5,5,5,5,6,6,6,6,6,6,7,5,8,5,5,5,7,6,6,5,6,6,6,8,5,5,5,5,5,5,5,5,5,5,5,6,6,5,7,5,6,7,6
2016-12-01,6,6,0,6,6,6,0,6,6,10,6,0,0,6,0,0,0,0,0,6,0,0,6,0,0,0,0,0,0,6,0,6,0,0,6,0,0,6,0,0,5,0,0,0,0,0,0,5,5,6,0,6,6,0,6,0,0,6,6,0,0,0,0,0,0,6,0,6,6,6,5,6,7,0,6,0,0,0,0,0,0,10,0,0,0,0,0,0,0,0,0,0,0,6,0,0,6,0,6,5,0
2017-01-01,0,0,0,0,0,0,0,0,0,1,0,0,0,0,0,0,0,0,0,0,0,0,0,0,0,0,0,0,0,0,0,0,0,0,0,0,0,0,0,0,1,0,0,0,0,0,0,1,1,0,0,0,0,0,0,0,0,0,0,0,0,0,0,0,0,0,0,0,0,0,1,0,0,0,0,0,0,0,0,0,0,1,0,0,0,0,0,0,0,0,0,0,0,0,0,0,0,0,0,1,0
2017-02-01,9,13,0,9,13,16,5,9,13,22,13,0,0,9,0,0,0,0,0,9,0,0,9,0,0,0,0,9,0,13,0,13,0,5,13,5,5,9,0,0,23,0,5,0,5,0,9,17,17,13,0,13,9,0,13,0,9,13,9,0,0,0,0,0,0,16,0,16,13,9,19,9,9,5,13,0,0,0,0,0,0,22,9,0,0,0,5,5,0,0,5,9,5,9,0,5,13,5,13,17,0
2017-03-01,0,1,0,0,1,1,0,0,1,2,1,0,0,0,0,0,0,0,0,0,0,0,0,0,0,0,0,0,0,1,0,1,0,0,1,0,0,0,0,0,2,0,0,0,0,0,0,1,1,1,0,1,0,0,1,0,0,1,0,0,0,0,0,0,0,1,0,1,1,0,2,0,0,0,1,0,0,0,0,0,0,2,0,0,0,0,0,0,0,0,0,0,0,0,0,0,1,0,1,1,0
2017-04-01,4,5,1,5,5,7,2,4,5,10,6,2,2,4,2,2,2,2,1,3,1,2,3,1,1,2,2,5,2,5,2,5,1,2,5,3,3,4,2,2,10,2,2,2,2,2,5,6,6,5,2,5,3,2,5,2,5,5,5,2,2,2,2,2,2,6,2,7,6,5,7,3,3,2,5,2,2,2,1,1,2,10,5,3,2,2,2,3,2,2,3,5,2,4,2,3,6,3,6,6,1
2017-05-01,105,116,93,114,111,115,103,113,116,114,114,92,92,105,103,97,95,95,93,111,93,100,111,85,95,86,80,109,93,111,86,111,84,102,116,109,110,113,100,97,126,100,102,87,103,92,109,113,113,111,86,111,111,102,111,88,109,111,114,88,91,85,87,86,86,115,93,115,112,114,115,109,113,102,111,92,92,97,93,86,87,114,109,95,91,80,102,109,100,80,105,109,102,105,94,108,112,105,114,118,86
2017-06-01,38,40,36,42,41,40,39,40,40,41,44,39,39,38,46,38,38,38,36,41,36,40,41,40,43,37,42,40,40,41,37,41,38,39,40,41,41,40,40,38,43,40,39,36,39,39,40,44,44,41,37,41,41,42,41,48,40,41,42,48,49,46,36,37,39,41,40,40,42,42,41,39,40,40,41,39,39,38,36,36,36,41,40,52,49,42,40,41,40,42,40,40,40,38,37,42,42,40,44,46,36
2017-07-01,12,11,14,11,10,10,13,12,11,10,11,14,14,12,15,13,14,14,14,12,14,13,12,13,14,14,13,11,14,10,14,10,14,13,11,11,13,12,13,13,8,13,13,14,13,14,11,8,8,10,14,10,12,14,10,13,11,10,11,13,13,13,14,14,14,11,14,10,10,11,10,12,13,13,10,14,14,13,14,14,14,10,11,14,13,13,13,11,13,13,12,11,13,12,14,13,10,12,11,9,14
2017-08-01,28,30,25,30,28,30,28,30,30,32,31,27,27,28,32,28,27,27,25,30,25,29,30,26,30,27,27,28,28,28,25,28,26,27,30,29,30,30,29,28,28,29,27,26,28,27,28,27,27,28,25,28,30,31,28,29,28,28,30,29,29,27,26,27,27,30,28,30,29,30,30,29,30,30,28,27,27,28,25,26,26,32,28,28,29,27,30,29,29,27,29,28,30,28,26,30,29,29,31,29,26
2017-09-01,13,13,13,13,12,13,13,13,13,13,13,13,13,13,14,13,13,13,13,13,13,13,13,13,13,13,13,12,13,12,13,12,13,13,13,12,14,13,13,13,12,13,13,13,13,13,12,11,11,12,13,12,13,14,12,12,12,12,13,12,12,12,13,13,14,13,13,13,12,13,13,13,14,13,12,13,13,13,13,13,13,13,12,12,12,13,13,12,13,13,13,12,13,13,13,14,12,13,13,11,13
2017-10-01,6,6,6,6,4,6,6,6,6,7,5,6,6,6,7,4,6,6,6,5,6,4,5,6,6,6,6,4,6,4,6,4,6,6,6,4,6,6,4,4,8,4,6,5,6,6,4,4,4,4,6,4,5,6,4,6,4,4,6,6,7,6,5,6,6,6,6,6,5,6,6,6,6,4,4,6,6,4,6,6,5,7,4,7,7,6,4,4,4,6,4,4,4,6,6,6,5,4,5,4,6
2017-11-01,1,1,1,1,1,1,1,1,1,2,1,1,1,1,1,1,2,2,1,1,1,1,1,1,1,1,1,1,1,1,2,1,1,2,1,1,1,1,1,1,2,1,2,1,1,1,1,1,1,1,2,1,1,1,1,1,1,1,1,1,2,1,1,1,1,1,1,1,2,1,2,1,1,1,1,1,1,1,1,1,1,2,1,2,2,1,1,1,1,1,1,1,1,1,1,1,2,1,1,1,1
2017-12-01,0,0,0,0,0,0,0,0,0,1,0,0,0,0,0,0,0,0,0,0,0,0,0,0,0,0,0,0,0,0,0,0,0,0,0,0,0,0,0,0,0,0,0,0,0,0,0,0,0,0,0,0,0,0,0,0,0,0,0,0,0,0,0,0,0,0,0,0,0,0,0,0,0,0,0,0,0,0,0,0,0,1,0,0,0,0,0,0,0,0,0,0,0,0,0,0,0,0,0,0,0
2018-01-01,1,1,1,1,1,1,1,1,1,2,1,0,0,1,0,1,1,1,1,1,1,0,1,0,0,0,0,1,0,1,1,1,0,1,1,1,1,1,0,1,3,0,1,0,1,0,1,2,2,1,1,1,1,0,1,0,1,1,1,0,1,0,0,0,0,1,0,1,1,1,2,1,1,0,1,0,0,1,1,0,0,2,1,1,1,0,0,1,0,0,1,1,0,1,1,1,1,1,1,2,0
2018-02-01,3,5,0,3,5,6,2,3,5,9,5,0,0,3,0,0,0,0,0,3,0,0,3,0,0,0,0,3,0,5,0,5,0,2,5,2,2,3,0,0,10,0,2,0,2,0,3,7,7,5,0,5,3,0,5,0,3,5,3,0,0,0,0,0,0,6,0,6,5,3,8,3,3,2,5,0,0,0,0,0,0,9,3,0,0,0,2,2,0,0,2,3,2,3,0,2,5,2,5,7,0
2018-03-01,0,1,0,0,0,1,0,0,1,1,1,0,0,0,0,0,0,0,0,0,0,0,0,0,0,0,0,0,0,0,0,0,0,0,1,0,0,0,0,0,1,0,0,0,0,0,0,0,0,0,0,0,0,0,0,0,0,0,0,0,0,0,0,0,0,1,0,1,1,0,1,0,0,0,0,0,0,0,0,0,0,1,0,0,0,0,0,0,0,0,0,0,0,0,0,0,1,0,1,0,0
2018-04-01,1,1,0,1,1,1,1,1,1,2,1,1,1,1,1,1,1,1,0,1,0,1,1,1,1,1,1,1,1,1,1,1,1,1,1,1,1,1,1,1,2,1,1,1,1,1,1,1,1,1,1,1,1,1,1,1,1,1,1,1,1,1,1,1,1,1,1,1,1,1,1,1,1,1,1,1,1,1,0,1,1,2,1,2,1,1,1,1,1,1,1,1,1,1,1,1,1,1,1,1,1
2018-05-01,8,9,6,8,6,9,7,8,9,9,8,6,6,8,7,5,7,7,6,7,6,6,7,5,6,5,5,6,6,6,6,6,5,7,9,6,8,8,6,5,8,6,7,5,7,6,6,6,6,6,6,6,7,7,6,5,6,6,8,5,6,5,5,5,6,9,6,9,7,8,9,8,8,6,6,6,6,5,6,5,5,9,6,6,6,5,6,6,6,5,6,6,6,8,6,7,7,6,8,6,5
2018-06-01,33,35,32,37,36,35,35,35,35,35,39,34,34,33,40,33,33,33,32,36,32,36,36,34,37,33,36,35,35,36,32,36,33,34,35,36,36,35,36,33,38,36,34,32,35,34,35,38,38,36,32,36,36,37,36,38,35,36,37,38,39,37,32,33,35,35,35,35,37,37,35,34,35,35,36,34,34,33,32,32,32,35,35,40,39,36,35,36,36,36,35,35,35,33,33,37,37,35,39,40,32
2018-07-01,28,25,32,27,24,23,30,26,25,22,26,34,34,28,35,31,33,33,32,28,32,33,28,33,34,33,32,27,34,24,34,24,33,30,25,28,31,26,33,31,19,33,30,33,30,34,27,21,21,24,34,24,28,34,24,34,27,24,27,34,33,33,33,33,34,24,34,23,24,27,22,29,28,31,24,34,34,31,32,33,33,22,27,34,33,32,31,28,33,32,29,27,31,28,33,30,24,29,26,23,33
2018-08-01,6,6,6,7,6,6,6,6,6,7,7,6,6,6,7,6,6,6,6,7,6,6,7,6,7,6,6,6,6,6,6,6,6,6,6,6,7,6,6,6,7,6,6,5,6,6,6,6,6,6,6,6,7,7,6,6,6,6,7,6,7,6,5,6,6,6,6,6,7,7,7,6,7,6,6,6,6,6,6,5,5,7,6,6,7,6,6,6,6,6,6,6,6,6,6,7,7,6,7,6,5
2018-09-01,9,9,9,9,8,9,9,9,9,9,9,9,9,9,10,9,9,9,9,9,9,9,9,10,10,9,10,8,9,8,9,8,9,9,9,8,10,9,9,9,8,9,9,9,9,9,8,7,7,8,9,8,9,10,8,10,8,8,9,10,10,10,9,9,10,9,9,9,8,9,9,9,10,9,8,9,9,9,9,9,9,9,8,10,10,10,9,8,9,10,9,8,9,9,9,10,8,9,9,7,9
2018-10-01,5,6,6,6,6,6,6,6,6,7,6,5,5,5,5,5,6,6,6,5,6,5,5,5,5,5,5,5,5,6,6,6,5,6,6,5,6,6,5,5,10,5,6,6,6,5,5,7,7,6,6,6,5,5,6,5,5,6,6,5,5,5,6,5,5,6,5,6,6,6,6,6,6,5,6,5,5,5,6,5,6,7,5,5,5,5,5,5,5,5,5,5,5,5,6,6,6,5,6,7,5
2018-11-01,1,1,2,1,2,1,1,1,1,2,1,2,2,1,2,1,2,2,2,1,2,1,1,2,2,2,2,1,2,2,2,2,2,2,1,1,1,1,1,1,2,1,2,2,1,2,1,2,2,2,2,2,1,2,2,1,1,2,1,1,1,1,2,2,2,1,2,1,2,1,2,1,1,1,2,2,2,1,2,2,2,2,1,1,1,2,1,1,1,2,1,1,1,1,2,1,2,1,1,2,2
2018-12-01,1,1,0,1,1,1,0,1,1,2,1,0,0,1,0,0,0,0,0,1,0,0,1,0,0,0,0,0,0,1,0,1,0,0,1,0,0,1,0,0,1,0,0,0,0,0,0,1,1,1,0,1,1,0,1,0,0,1,1,0,0,0,0,0,0,1,0,1,1,1,1,1,1,0,1,0,0,0,0,0,0,2,0,0,0,0,0,0,0,0,0,0,0,1,0,0,1,0,1,1,0
2019-01-01,1,1,1,1,0,1,1,1,1,1,1,0,0,1,0,0,1,1,1,1,1,0,1,0,0,0,0,1,0,0,1,0,0,1,1,1,1,1,0,0,1,0,1,0,1,0,1,1,1,0,1,0,1,0,0,0,1,0,1,0,1,0,0,0,0,1,0,1,1,1,1,1,1,0,0,0,0,0,1,0,0,1,1,1,1,0,0,1,0,0,0,1,0,1,1,1,1,0,1,1,0
2019-02-01,1,2,0,1,4,3,1,1,2,4,2,0,0,1,0,0,0,0,0,1,0,0,1,0,0,0,0,3,0,4,0,4,0,0,2,1,0,1,0,0,7,0,0,0,1,0,3,6,6,4,0,4,1,0,4,0,3,4,1,0,0,0,0,0,0,2,0,3,3,1,4,1,1,1,4,0,0,0,0,0,0,4,3,0,0,0,1,1,0,0,1,3,1,1,0,1,3,1,2,6,0
2019-03-01,1,2,0,1,2,2,1,1,2,3,1,0,0,1,0,1,0,0,0,1,0,0,1,0,0,0,0,1,0,2,0,2,0,1,2,1,1,1,0,1,3,0,1,0,1,0,1,2,2,2,0,2,1,0,2,0,1,2,1,0,2,0,0,0,0,2,0,2,1,1,3,1,1,1,2,0,0,1,0,0,0,3,1,2,2,0,1,1,0,0,1,1,1,1,0,1,1,1,1,2,0
2019-04-01,2,2,1,2,2,3,2,2,2,4,3,4,4,2,4,2,2,2,1,2,1,2,2,5,5,4,6,2,2,2,2,2,4,2,2,2,2,2,2,2,3,2,2,2,2,4,2,3,3,2,2,2,2,3,2,11,2,2,2,11,13,9,2,4,4,2,2,3,2,2,3,2,2,2,2,4,4,2,1,3,2,4,2,15,13,6,2,2,2,6,2,2,2,2,2,2,2,2,3,3,3
2019-05-01,25,33,16,27,29,36,20,30,33,37,30,11,11,25,13,18,15,15,16,24,16,16,24,10,11,11,9,26,13,29,13,29,10,20,33,24,19,30,16,18,39,16,20,13,20,11,26,31,31,29,13,29,24,15,29,9,26,29,27,9,9,9,13,11,11,35,13,36,32,27,36,24,25,17,29,11,11,18,16,11,13,37,26,9,9,9,17,24,16,9,22,26,17,25,15,19,32,22,30,30,11
2019-06-01,39,41,40,42,36,40,42,40,41,41,43,30,30,39,38,40,39,39,40,43,40,40,43,27,29,29,26,37,38,36,37,36,27,41,41,40,43,40,40,40,40,40,41,34,42,30,37,35,35,36,37,36,43,40,36,23,37,36,42,23,23,24,34,29,31,41,38,40,39,42,41,40,41,42,36,30,30,40,40,30,34,41,37,25,23,26,42,40,40,26,40,37,42,39,40,47,39,40,43,39,30
2019-07-01,3,3,5,3,3,3,4,3,3,3,3,3,3,3,4,4,5,5,5,4,5,4,4,3,3,3,3,3,4,3,4,3,3,4,3,4,4,3,4,4,3,4,4,4,4,3,3,2,2,3,4,3,4,4,3,3,3,3,3,3,3,3,4,3,3,3,4,3,2,3,3,4,4,4,3,3,3,4,5,4,4,3,3,3,3,3,4,4,4,3,4,3,4,3,5,4,2,4,3,3,4
2019-08-01,1,1,1,1,1,1,1,1,1,2,1,1,1,1,1,1,1,1,1,1,1,1,1,1,1,1,1,1,1,1,1,1,1,1,1,1,1,1,1,1,3,1,1,1,1,1,1,1,1,1,1,1,1,1,1,1,1,1,1,1,1,1,1,1,1,1,1,1,1,1,2,1,1,1,1,1,1,1,1,1,1,2,1,1,1,1,1,1,1,1,1,1,1,1,1,1,1,1,1,1,1
2019-09-01,10,10,9,11,12,10,10,10,10,9,12,9,9,10,9,11,8,8,9,10,9,10,10,9,9,9,9,12,9,12,9,12,9,9,10,11,9,10,10,11,11,10,9,10,10,9,12,12,12,12,9,12,10,9,12,8,12,12,11,8,7,8,10,9,9,10,9,10,12,11,10,10,10,10,12,9,9,11,9,9,10,9,12,7,7,9,10,11,10,9,11,12,10,10,9,10,12,11,12,12,9
2019-10-01,5,6,5,5,6,6,5,6,6,8,5,4,4,5,4,5,4,4,5,4,5,4,4,3,3,4,3,5,4,6,4,6,3,5,6,5,5,6,4,5,11,4,5,4,5,4,5,8,8,6,4,6,4,4,6,2,5,6,5,2,2,2,4,4,4,6,4,6,6,5,6,5,5,4,6,4,4,5,5,4,4,8,5,2,2,3,4,5,4,3,5,5,4,5,4,5,6,5,5,7,4
2019-11-01,1,1,1,1,1,1,1,1,1,1,1,0,0,1,0,0,1,1,1,1,1,0,1,1,1,0,1,1,1,1,1,1,1,1,1,1,1,1,0,0,2,0,1,0,1,0,1,1,1,1,1,1,1,1,1,1,1,1,1,1,1,1,0,0,0,1,1,1,1,1,1,1,1,0,1,0,0,0,1,0,0,1,1,1,1,1,0,1,0,1,0,1,0,1,1,0,1,0,1,1,0
2019-12-01,0,0,0,0,0,0,0,0,0,1,0,0,0,0,0,0,0,0,0,0,0,0,0,0,0,0,0,0,0,0,0,0,0,0,0,0,0,0,0,0,0,0,0,0,0,0,0,0,0,0,0,0,0,0,0,0,0,0,0,0,0,0,0,0,0,0,0,0,0,0,0,0,0,0,0,0,0,0,0,0,0,1,0,0,0,0,0,0,0,0,0,0,0,0,0,0,0,0,0,0,0
2020-01-01,0,0,0,0,0,0,0,0,0,0,0,0,0,0,0,0,0,0,0,0,0,0,0,0,0,0,0,0,0,0,0,0,0,0,0,0,0,0,0,0,0,0,0,0,0,0,0,0,0,0,0,0,0,0,0,0,0,0,0,0,0,0,0,0,0,0,0,0,0,0,0,0,0,0,0,0,0,0,0,0,0,0,0,0,0,0,0,0,0,0,0,0,0,0,0,0,0,0,0,0,0
2020-02-01,0,1,0,1,1,1,0,0,1,1,1,0,0,0,0,0,0,0,0,0,0,0,0,0,0,0,0,0,0,1,0,1,0,0,1,0,0,0,0,0,2,0,0,0,0,0,0,1,1,1,0,1,0,0,1,0,0,1,1,0,0,0,0,0,0,1,0,1,1,1,1,0,0,0,1,0,0,0,0,0,0,1,0,0,0,0,0,0,0,0,0,0,0,0,0,0,1,0,1,1,0
2020-03-01,0,0,0,0,0,0,0,0,0,0,0,0,0,0,0,0,0,0,0,0,0,0,0,0,0,0,0,0,0,0,0,0,0,0,0,0,0,0,0,0,1,0,0,0,0,0,0,0,0,0,0,0,0,0,0,0,0,0,0,0,0,0,0,0,0,0,0,0,0,0,0,0,0,0,0,0,0,0,0,0,0,0,0,1,0,0,0,0,0,0,0,0,0,0,0,0,0,0,0,0,0
2020-04-01,1,1,0,1,2,2,1,1,1,2,1,1,1,1,1,1,1,1,0,1,0,1,1,1,1,1,1,1,1,2,1,2,1,1,1,1,1,1,1,1,3,1,1,1,1,1,1,2,2,2,1,2,1,1,2,2,1,2,1,2,2,2,1,1,1,1,1,2,2,1,2,1,1,1,2,1,1,1,0,1,1,2,1,3,2,1,1,1,1,1,1,1,1,1,1,1,2,1,1,2,1
2020-05-01,4,5,2,6,7,7,3,5,5,7,6,6,6,4,5,3,3,3,2,5,2,4,5,6,6,6,6,6,3,7,3,7,5,3,5,5,3,5,4,3,10,4,3,4,3,6,6,8,8,7,3,7,5,4,7,9,6,7,6,9,9,8,4,6,5,6,3,7,7,6,7,4,4,3,7,6,6,3,2,5,4,7,6,8,9,6,3,5,4,6,4,6,3,4,2,3,7,4,6,8,5
2020-06-01,92,96,87,99,91,93,94,95,96,91,104,80,80,92,97,90,90,90,87,99,87,92,99,78,85,77,80,90,90,91,85,91,76,93,96,94,98,95,92,90,93,92,93,81,94,80,90,94,94,91,85,91,99,95,91,84,90,91,99,84,84,82,81,77,82,96,90,93,97,99,92,94,97,94,91,80,80,90,87,76,81,91,90,87,84,80,94,94,92,80,92,90,94,92,89,102,97,92,104,100,76
2020-07-01,29,25,36,27,19,24,32,27,25,24,24,31,31,29,33,32,36,36,36,29,36,34,29,27,28,30,25,24,35,19,36,19,29,33,25,26,34,27,34,32,16,34,33,33,32,31,24,15,15,19,36,19,29,35,19,22,24,19,27,22,21,23,33,30,31,25,35,24,21,27,23,30,30,33,19,31,31,32,36,31,33,24,24,21,21,25,33,26,34,25,29,24,33,29,37,33,21,29,24,18,31
2020-08-01,13,15,12,14,13,14,13,14,15,12,14,8,8,13,11,15,12,12,12,14,12,13,14,8,9,8,9,13,11,13,10,13,8,13,15,14,14,14,13,15,12,13,13,11,13,8,13,12,12,13,10,13,14,12,13,11,13,13,14,11,12,10,11,8,8,15,11,14,13,14,13,13,14,15,13,8,8,15,12,9,11,12,13,15,12,9,15,14,13,9,15,13,15,13,11,14,13,15,14,13,9
2020-09-01,1,1,1,1,1,1,1,1,1,1,2,0,0,1,0,1,0,0,1,1,1,1,1,1,1,0,1,1,0,1,0,1,1,1,1,1,1,1,1,1,1,1,1,1,1,0,1,1,1,1,0,1,1,0,1,1,1,1,1,1,1,1,1,0,1,1,0,1,2,1,1,1,1,1,1,0,0,1,1,0,1,1,1,1,1,1,1,1,1,1,1,1,1,1,0,1,2,1,2,1,0
2020-10-01,1,2,1,2,2,3,1,2,2,4,2,1,1,1,1,1,1,1,1,1,1,1,1,1,1,1,1,2,1,2,1,2,1,1,2,1,1,2,1,1,6,1,1,1,1,1,2,3,3,2,1,2,1,1,2,2,2,2,2,2,2,2,1,1,1,2,1,3,3,2,3,1,1,1,2,1,1,1,1,1,1,4,2,2,2,1,1,1,1,1,1,2,1,1,1,1,3,1,2,3,1
2020-11-01,2,2,2,2,2,2,2,2,2,3,2,2,2,2,2,1,3,3,2,2,2,1,2,2,3,2,3,2,2,2,2,2,2,2,2,1,2,2,1,1,3,1,2,2,2,2,2,2,2,2,2,2,2,2,2,4,2,2,2,4,5,4,2,2,2,2,2,2,2,2,2,2,2,1,2,2,2,1,2,2,2,3,2,5,5,3,1,1,1,3,1,2,1,2,2,2,2,1,2,2,2
2020-12-01,0,0,0,0,0,0,0,0,0,0,0,0,0,0,0,0,0,0,0,0,0,0,0,0,0,0,0,0,0,0,0,0,0,0,0,0,0,0,0,0,0,0,0,0,0,0,0,0,0,0,0,0,0,0,0,0,0,0,0,0,0,0,0,0,0,0,0,0,0,0,0,0,0,0,0,0,0,0,0,0,0,0,0,0,0,0,0,0,0,0,0,0,0,0,0,0,0,0,0,0,0
2021-01-01,0,0,0,0,0,0,0,0,0,1,0,0,0,0,0,0,0,0,0,0,0,0,0,0,0,0,0,0,0,0,0,0,0,0,0,0,0,0,0,0,0,0,0,0,0,0,0,0,0,0,0,0,0,0,0,0,0,0,0,0,0,0,0,0,0,0,0,0,0,0,0,0,0,0,0,0,0,0,0,0,0,1,0,0,0,0,0,0,0,0,0,0,0,0,0,0,0,0,0,0,0
2021-02-01,1,2,0,1,3,3,1,1,2,5,2,0,0,1,0,0,0,0,0,1,0,0,1,0,0,0,0,2,0,3,0,3,0,0,2,1,0,1,0,0,7,0,0,0,1,0,2,4,4,3,0,3,1,0,3,0,2,3,1,0,0,0,0,0,0,2,0,3,3,1,4,1,1,0,3,0,0,0,0,0,0,5,2,0,0,0,0,1,0,0,1,2,0,1,0,0,3,1,2,4,0
2021-03-01,2,6,0,2,5,7,1,3,6,11,5,0,0,2,0,1,0,0,0,2,0,0,2,0,0,0,0,2,0,5,0,5,0,1,6,2,1,3,0,1,10,0,1,0,1,0,2,6,6,5,0,5,2,0,5,0,2,5,2,0,0,0,0,0,0,7,0,7,6,2,11,2,2,1,5,0,0,1,0,0,0,11,2,0,0,0,1,2,0,0,1,2,1,2,0,1,6,1,5,5,0
