Transmission Link,Transmission Link from AC_01 to Veg_Riparia AC01,Transmission Link from AC_02 to Agua Potable_AC02,Transmission Link from AC_02 to Veg_Riparia AC02,Transmission Link from AC_03 to Agua Potable_AC03,Transmission Link from AC_03 to Veg_Riparia AC_03,Transmission Link from Withdrawal Node 1 to ZR_Gavino_ANU,Transmission Link from Withdrawal Node 10 to ZR_Cunlagua_FRU,Transmission Link from Withdrawal Node 11 to ZR_Los Guindos_ANU,Transmission Link from Withdrawal Node 12 to ZR_Huanque_FRU,Transmission Link from Withdrawal Node 13 to ZR_Chanar Chalinga_ANU,Transmission Link from Withdrawal Node 14 to ZR_Arboleda Grande_FRU,Transmission Link from Withdrawal Node 15 to ZR_Chalinga_FRU,Transmission Link from Withdrawal Node 16 to ZR_Tebal_FRU,Transmission Link from Withdrawal Node 17 to ZR_Chilcas_FRU,Transmission Link from Withdrawal Node 2 to ZR_Destiladera_ANU,Transmission Link from Withdrawal Node 20 to ZR_Batuco Chalinga_ANU,Transmission Link from Withdrawal Node 21 to ZR_Molino de Zapallar_ANU,Transmission Link from Withdrawal Node 22 to ZR_Toma Ranque_ANU,Transmission Link from Withdrawal Node 23 to ZR_Palquial_ANU,Transmission Link from Withdrawal Node 24 to ZR_Valentino_ANU,Transmission Link from Withdrawal Node 25 to ZR_Maravillal_ANU,Transmission Link from Withdrawal Node 26 to ZR_Alameda_ANU,Transmission Link from Withdrawal Node 27 to ZR_Cunlagua_ANU,Transmission Link from Withdrawal Node 29 to ZR_Huanque_ANU,Transmission Link from Withdrawal Node 3 to ZR_Batuco Chalinga_FRU,Transmission Link from Withdrawal Node 31 to ZR_Arboleda Grande_ANU,Transmission Link from Withdrawal Node 32 to ZR_Chalinga_ANU,Transmission Link from Withdrawal Node 33 to ZR_Tebal_ANU,Transmission Link from Withdrawal Node 34 to ZR_Chilcas_ANU,Transmission Link from Withdrawal Node 4 to ZR_Toma Ranque_FRU,Transmission Link from Withdrawal Node 5 to ZR_Molino de Zapallar_FRU,Transmission Link from Withdrawal Node 6 to ZR_Palquial_FRU,Transmission Link from Withdrawal Node 7 to ZR_Valentino_FRU,Transmission Link from Withdrawal Node 8 to ZR_Maravillal_FRU,Transmission Link from Withdrawal Node 9 to ZR_Alameda_FRU
abr-89,0.0084,0.00800046,0.0107333,0.012675,0.0107333,0,0,0.00153398,0,0.00120827,0,0,0,0,0,0.0273466,0.00636158,0.00163739,0.0252957,0.000280386,0.00253189,0.00164806,0.0110605,0.00665272,0,0.0103741,0.00673515,0.0194844,0.00874495,0,0,0,0,0,0
may-89,0.00808387,0.00774238,0.0103871,0.0122661,0.0103871,0,0,0.000980941,0,0.000658653,0,0,0,0,0,0.00971375,0,0,0,0,0.000269186,0,0,0,0,0,0,0,0,0,0,0,0,0,0
jun-89,0.00828333,0.00800046,0.01057,0.012675,0.01057,0,0,0.000737186,0,0.000444416,0,0,0,0,0,0.0067,0.00143104,0.000389856,0.00667478,5.60772E-05,0.000816953,0.000478435,0.00318869,0.0024283,0,0.00258172,0.00208234,0.00680785,0.00292237,0,0,0,0,0,0
jul-89,0.00794839,0.00774238,0.0100258,0.0122661,0.0100258,0,0,0.00157387,0,0.000717567,0,0,0,0,0,0.00770499,0,0,0,0,0,0,0,0,0,0,0,0,0,0,0,0,0,0,0
ago-89,0.00783548,0.00774238,0.00977742,0.0122661,0.00977742,0,0,0.00176639,0,0.000786023,0,0,0,0,0,0.0116459,0,0,0,0,0,0,0,0,0,0,0,0,0,0,0,0,0,0,0
sept-89,0.00800333,0.00800046,0.0098,0.012675,0.0098,0,0,0.00325066,0,0.00161937,0,0,0,0,0,0.0202521,0.00788606,0.00220722,0.0254125,0.00015736,0.00216829,0.00206129,0.0135699,0.0106961,0,0.0135135,0.00899291,0.0322543,0.0145446,0,0,0,0,0,0
oct-89,0.0075871,0.00774238,0.0092129,0.0122661,0.0092129,0,0,0.00504602,0,0.00270673,0,0,0,0,0,0.0291133,0.0139295,0.00411276,0.0463308,0.000403413,0.0037134,0.00432057,0.0258539,0.0206884,0,0.0251559,0.0171068,0.0626255,0.0289245,0,0,0,0,0,0
nov-89,0.00767667,0.00800046,0.00921667,0.012675,0.00921667,0,0,0.0130555,0,0.0065079,0,0,0,0,0,0.0643297,0.0263375,0.00777697,0.0793007,0.000720993,0.00518427,0.008071,0.046358,0.0374952,0,0.0384,0.0303206,0.114169,0.052796,0,0,0,0,0,0
dic-89,0.00718065,0.00774238,0.00849032,0.0122661,0.00849032,0,0,0.014,0,0.00766855,0,0,0,0,0,0.078817,0.0322835,0.00939327,0.096777,0.000933858,0.00601579,0.00970308,0.0551382,0.0435552,0,0.0384,0.0357288,0.12259,0.06,0,0,0,0,0,0
ene-90,0.00684194,0.00774238,0.00799355,0.0122661,0.00799355,0,0,0.0131734,0,0.00701466,0,0,0,0,0,0.077264,0.0301157,0.00879097,0.0932404,0.000933858,0.00610983,0.0090526,0.05138,0.0398327,0,0.0384,0.0331015,0.121818,0.0565427,0,0,0,0,0,0
feb-90,0.007225,0.00857192,0.008175,0.0135804,0.008175,0,0,0.00545417,0,0.00413812,0,0,0,0,0,0.0616797,0.0189762,0.00568269,0.0678764,0.000811117,0.00546962,0.00542769,0.0326277,0.0214373,0,0.0311373,0.0208852,0.0676404,0.0326774,0,0,0,0,0,0
mar-90,0.00609677,0.00774238,0.00681935,0.0122661,0.00681935,0,0,0.0021767,0,0.00211965,0,0,0,0,0,0.0446943,0.0117993,0.00332007,0.0456469,0.000557911,0.0042388,0.00316919,0.0198982,0.0117307,0,0.0187925,0.0121612,0.0359819,0.0165995,0,0,0,0,0,0
abr-90,0.0084,0.00800046,0.0107333,0.012675,0.0107333,0,0,0.00153398,0,0.00120827,0,0,0,0,0,0.0273466,0.00720861,0.00189108,0.027278,0.000308997,0.00267199,0.00185607,0.0119669,0.00735966,0.0234218,0.0112897,0.0071477,0.0217514,0.00945804,0,0,0,0,0,0
may-90,0.00808387,0.00774238,0.0103871,0.0122661,0.0103871,0,0,0.000910227,0,0.000619426,0,0,0,0,0,0.00934708,0.00190538,0.000567957,0.0107508,0.000132653,0.00135389,0.000899784,0.00525652,0.00388184,0.0190017,0.00381791,0.00325494,0.0109721,0.00448494,0,0,0,0,0,0
jun-90,0.00828333,0.00800046,0.01057,0.012675,0.01057,0,0,0.000225681,0,0.000160677,0,0,0,0,0,0.00404773,0.000584006,0.000136157,0.00370146,2.17442E-05,0.000606792,0.000166412,0.00137595,0.00125006,0.0171106,0.00105572,0.00125724,0.00302963,0.00149621,0,0,0,0,0,0
jul-90,0.00794839,0.00774238,0.0100258,0.0122661,0.0100258,0,0,0,0,0,0,0,0,0,0,0,0,0,0,0,0,0,0,0,0.00678632,0,0,0,0,0,0,0,0,0,0
ago-90,0.00783548,0.00774238,0.00977742,0.0122661,0.00977742,0,0,0.00103095,0,0.000378066,0,0,0,0,0,0.00709917,0.00229662,0.00063573,0.00654265,0,0.000675058,0.000348778,0.00291447,0.00288475,0.0051576,0.00320972,0.0025356,0.00757933,0.00371717,0,0,0,0,0,0
sept-90,0.00800333,0.00800046,0.0098,0.012675,0.0098,0,0,0.00241033,0,0.00115322,0,0,0,0,0,0.0158948,0.00548614,0.00148841,0.0164925,5.43606E-05,0.00153781,0.00112522,0.00813167,0.00669012,0.00308551,0.00832507,0.00548627,0.0178971,0.00848343,0,0,0,0,0,0
oct-90,0.0075871,0.00774238,0.0092129,0.0122661,0.0092129,0,0,0.00669367,0,0.00362071,0,0,0,0,0,0.0376568,0.0136562,0.00403092,0.0453716,0.000392338,0.00364561,0.00421992,0.0252692,0.0202323,0.00570051,0.0245652,0.0165079,0.0604317,0.0278894,0,0,0,0,0,0
nov-90,0.00767667,0.00800046,0.00921667,0.012675,0.00921667,0,0,0.0130555,0,0.0065079,0,0,0,0,0,0.0643297,0.0263375,0.00777697,0.0793007,0.000720993,0.00518427,0.008071,0.046358,0.0374952,0.00673203,0.0384,0.0303206,0.114169,0.052796,0,0,0,0,0,0
dic-90,0.00718065,0.00774238,0.00849032,0.0122661,0.00849032,0,0,0.014,0,0.00766855,0,0,0,0,0,0.078817,0.0322835,0.00939327,0.096777,0.000933858,0.00601579,0.00970308,0.0551382,0.0435552,0.00963657,0.0384,0.0357288,0.12259,0.06,0,0,0,0,0,0
ene-91,0.00684194,0.00774238,0.00799355,0.0122661,0.00799355,0,0,0.0131734,0,0.00701466,0,0,0,0,0,0.077264,0.0301157,0.00879097,0.0932404,0.000933858,0.00610983,0.0090526,0.05138,0.0398327,0.0138441,0.0384,0.0331015,0.121818,0.0565427,0,0,0,0,0,0
feb-91,0.007225,0.00857192,0.008175,0.0135804,0.008175,0,0,0.00545417,0,0.00413812,0,0,0,0,0,0.0616797,0.0189762,0.00568269,0.0678764,0.000811117,0.00546962,0.00542769,0.0326277,0.0214373,0.018483,0.0311373,0.0208852,0.0676404,0.0326774,0,0,0,0,0,0
mar-91,0.00609677,0.00774238,0.00681935,0.0122661,0.00681935,0,0,0.0021767,0,0.00211965,0,0,0,0,0,0.0446943,0.0117993,0.00332007,0.0456469,0.000557911,0.0042388,0.00316919,0.0198982,0.0117307,0.0219877,0.0187925,0.0121612,0.0359819,0.0165995,0,0,0,0,0,0
abr-91,0.0084,0.00800046,0.0107333,0.012675,0.0107333,0,0,0.00138784,0,0.00112721,0,0,0,0,0,0.0265889,0.00692626,0.00180652,0.0262868,0.000297553,0.00260194,0.00175206,0.0113626,0.00712402,0.0231413,0.0109845,0.00694142,0.0202401,0.00910149,0,0,0,0,0,0
may-91,0.00808387,0.00774238,0.0103871,0.0122661,0.0103871,0,0,0,0,0,0,0,0,0,0,0,0,0,0,0,9.97009E-05,0,0,0,0.0139798,0,0,0,0,0,0,0,0,0,0
jun-91,0.00828333,0.00800046,0.01057,0.012675,0.01057,0,0,0,0,0,0,0,0,0,0,0,0,0,0,0,0,0,0,0,0,0,0,0,0,0,0,0,0,0,0
jul-91,0.00794839,0.00774238,0.0100258,0.0122661,0.0100258,0,0,0,0,0,0,0,0,0,0,0,0,0,0,0,0,0,0,0,0.00556478,0,0,0,0,0,0,0,0,0,0
ago-91,0.00783548,0.00774238,0.00977742,0.0122661,0.00977742,0,0,0.00202096,0,0.000927239,0,0,0,0,0,0.012966,0.00434589,0.00124952,0.0137362,7.96027E-05,0.00118351,0.00110367,0.00700774,0.0056213,0.00732922,0.00675398,0.00453179,0.0163545,0.00716757,0,0,0,0,0,0
sept-91,0.00800333,0.00800046,0.0098,0.012675,0.0098,0,0,0.000802743,0,0.000261473,0,0,0,0,0,0.00755905,0.00280388,0.000685028,0.0055903,0,0.000767216,0,0.00148498,0.00127022,0,0.00130547,0.000741997,0.00051724,0.000282965,0,0,0,0,0,0
oct-91,0.0075871,0.00774238,0.0092129,0.0122661,0.0092129,0,0,0.00669367,0,0.00362071,0,0,0,0,0,0.0376568,0.0136562,0.00403092,0.0453716,0.000392338,0.00364561,0.00421992,0.0252692,0.0202323,0.00570051,0.0245652,0.0165079,0.0604317,0.0278894,0,0,0,0,0,0
nov-91,0.00767667,0.00800046,0.00921667,0.012675,0.00921667,0,0,0.0130555,0,0.0065079,0,0,0,0,0,0.0643297,0.0261964,0.00773469,0.0793007,0.000720993,0.00518427,0.008071,0.046358,0.0374952,0.00673203,0.0384,0.0303206,0.114169,0.052796,0,0,0,0,0,0
dic-91,0.00718065,0.00774238,0.00849032,0.0122661,0.00849032,0,0,0.014,0,0.00766855,0,0,0,0,0,0.078817,0.0322835,0.00939327,0.096777,0.000933858,0.00601579,0.00970308,0.0551382,0.0435552,0.00963657,0.0384,0.0357288,0.12259,0.06,0,0,0,0,0,0
ene-92,0.00684194,0.00774238,0.00799355,0.0122661,0.00799355,0,0,0.0131734,0,0.00701466,0,0,0,0,0,0.077264,0.0301157,0.00879097,0.0932404,0.000933858,0.00610983,0.0090526,0.05138,0.0398327,0.0138441,0.0384,0.0331015,0.121818,0.0565427,0,0,0,0,0,0
feb-92,0.00697586,0.00827634,0.0078931,0.0131121,0.0078931,0,0,0.0052661,0,0.00399543,0,0,0,0,0,0.0591609,0.0181758,0.00544299,0.0655358,0.000777228,0.00528101,0.00524053,0.0315026,0.0206981,0.0177006,0.0300636,0.020165,0.065308,0.0315506,0,0,0,0,0,0
mar-92,0.00609677,0.00774238,0.00681935,0.0122661,0.00681935,0,0,0.00189384,0,0.00196274,0,0,0,0,0,0.0413942,0.0104331,0.00291087,0.0437287,0.000508073,0.00410321,0.00296788,0.0187287,0.0110465,0.0207661,0.0179065,0.0121612,0.0337881,0.0165995,0,0,0,0,0,0
abr-92,0.0084,0.00800046,0.0107333,0.012675,0.0107333,0,0,0.000218684,0,0.000478659,0,0,0,0,0,0.0167376,0.0032558,0.000707159,0.0158802,0.000148776,0.00186637,0.000659983,0.00652867,0.00406059,0.0194948,0.00701692,0.00529124,0.00814976,0.00624916,0,0,0,0,0,0
may-92,0.00808387,0.00774238,0.0103871,0.0122661,0.0103871,0,0,0,0,0,0,0,0,0,0,0,0,0,0,0,0,0,0,0,0.0111296,0,0,0,0,0,0,0,0,0,0
jun-92,0.00828333,0.00800046,0.01057,0.012675,0.01057,0,0,0,0,0,0,0,0,0,0,0,0,0,0,0,0,0,0,0,0,0,0,0,0,0,0,0,0,0,0
jul-92,0.00794839,0.00774238,0.0100258,0.0122661,0.0100258,0,0,0.00136173,0,0.000599887,0,0,0,0,0,0.00660497,0.00230045,0.000635114,0.00785804,0.00004862,0.000747852,0.00073745,0.00440704,0.00385511,0.00990802,0.00407797,0.00263323,0.0109187,0.0043017,0,0,0,0,0,0
ago-92,0.00783548,0.00774238,0.00977742,0.0122661,0.00977742,0,0,0,0,0,0,0,0,0,0,0,0,0,0,0,0,0,0,0,0,0,0,0,0,0,0,0,0,0,0
sept-92,0.00800333,0.00800046,0.0098,0.012675,0.0098,0,0,0.00306798,0,0.00151803,0,0,0,0,0,0.0193048,0.00689785,0.00191124,0.0209525,0.00010586,0.00185305,0.00159325,0.0108508,0.00857531,0.00434777,0.0107667,0.00713645,0.0254535,0.0113358,0,0,0,0,0,0
oct-92,0.0075871,0.00774238,0.0092129,0.0122661,0.0092129,0,0,0.00676439,0,0.00365994,0,0,0,0,0,0.0380234,0.0137928,0.00407184,0.0458512,0.000397875,0.0036795,0.00427025,0.0255615,0.0204604,0.00583623,0.0248606,0.0169072,0.0618942,0.0285795,0,0,0,0,0,0
nov-92,0.00767667,0.00800046,0.00921667,0.012675,0.00921667,0,0,0.0119594,0,0.00589989,0,0,0,0,0,0.0582674,0.0232318,0.00684674,0.0713719,0.000629438,0.00462384,0.00723893,0.0418262,0.0339605,0.00448802,0.0384,0.0266077,0.102834,0.0463782,0,0,0,0,0,0
dic-92,0.00718065,0.00774238,0.00849032,0.0122661,0.00849032,0,0,0.014,0,0.00766855,0,0,0,0,0,0.078817,0.0322835,0.00939327,0.096777,0.000933858,0.00601579,0.00970308,0.0551382,0.0435552,0.00963657,0.0384,0.0357288,0.12259,0.06,0,0,0,0,0,0
ene-93,0.00684194,0.00774238,0.00799355,0.0122661,0.00799355,0,0,0.0131734,0,0.00701466,0,0,0,0,0,0.077264,0.0301157,0.00879097,0.0932404,0.000933858,0.00610983,0.0090526,0.05138,0.0398327,0.0138441,0.0384,0.0331015,0.121818,0.0565427,0,0,0,0,0,0
feb-93,0.007225,0.00857192,0.008175,0.0135804,0.008175,0,0,0.00545417,0,0.00413812,0,0,0,0,0,0.0616797,0.0189762,0.00568269,0.0678764,0.000811117,0.00546962,0.00542769,0.0326277,0.0214373,0.018483,0.0311373,0.0208852,0.0676404,0.0326774,0,0,0,0,0,0
mar-93,0.00609677,0.00774238,0.00681935,0.0122661,0.00681935,0,0,0.0021767,0,0.00211965,0,0,0,0,0,0.0446943,0.0117993,0.00332007,0.0456469,0.000557911,0.0042388,0.00316919,0.0198982,0.0117307,0.0219877,0.0187925,0.0121612,0.0359819,0.0165995,0,0,0,0,0,0
abr-93,0.0084,0.00800046,0.0107333,0.012675,0.0107333,0,0,0.000364828,0,0.000559728,0,0,0,0,0,0.018632,0.00396166,0.000918574,0.0173669,0.000177387,0.00197146,0.000815995,0.00713291,0.00453189,0.0201961,0.00762732,0.00549751,0.00966105,0.0066057,0,0,0,0,0,0
may-93,0.00808387,0.00774238,0.0103871,0.0122661,0.0103871,0,0,0,0,0,0,0,0,0,0,0,0,0,0,0,0,0,0,0,0.00678632,0,0,0,0,0,0,0,0,0,0
jun-93,0.00828333,0.00800046,0.01057,0.012675,0.01057,0,0,0.000225681,0,0.000160677,0,0,0,0,0,0.00366883,0.000584006,0.000136157,0.00370146,1.60221E-05,0.000606792,0.000166412,0.00137595,0.00101441,0.0169703,0.000750523,0.00105097,0.00227398,0.00113966,0,0,0,0,0,0
jul-93,0.00794839,0.00774238,0.0100258,0.0122661,0.0100258,0,0,0,0,0,0,0,0,0,0,0,0,0,0,0,0,0,0,0,0.00678632,0,0,0,0,0,0,0,0,0,0
ago-93,0.00783548,0.00774238,0.00977742,0.0122661,0.00977742,0,0,0.000111656,0,0,0,0,0,0,0,0.00269909,0.000657212,0.000144701,0.000787828,0,0.000268294,0,0,0.000148187,0.00352888,0,0.000339793,0,0,0,0,0,0,0,0
sept-93,0.00800333,0.00800046,0.0098,0.012675,0.0098,0,0,0.00328719,0,0.00163964,0,0,0,0,0,0.0204415,0.00703903,0.00195352,0.0224391,0.000123027,0.00195813,0.00174927,0.0117571,0.00928225,0.00476852,0.0116823,0.00775527,0.0277204,0.0124054,0,0,0,0,0,0
oct-93,0.0075871,0.00774238,0.0092129,0.0122661,0.0092129,0,0,0.0068351,0,0.00369917,0,0,0,0,0,0.0383901,0.0139295,0.00411276,0.0463308,0.000403413,0.0037134,0.00432057,0.0258539,0.0206884,0.00597196,0.0251559,0.0171068,0.0626255,0.0289245,0,0,0,0,0,0
nov-93,0.00767667,0.00800046,0.00921667,0.012675,0.00921667,0,0,0.0130555,0,0.0065079,0,0,0,0,0,0.0643297,0.0263375,0.00777697,0.0793007,0.000720993,0.00518427,0.008071,0.046358,0.0374952,0.00673203,0.0384,0.0303206,0.114169,0.052796,0,0,0,0,0,0
dic-93,0.00718065,0.00774238,0.00849032,0.0122661,0.00849032,0,0,0.014,0,0.00766855,0,0,0,0,0,0.078817,0.0322835,0.00939327,0.096777,0.000933858,0.00601579,0.00970308,0.0551382,0.0435552,0.00963657,0.0384,0.0357288,0.12259,0.06,0,0,0,0,0,0
ene-94,0.00684194,0.00774238,0.00799355,0.0122661,0.00799355,0,0,0.0131734,0,0.00701466,0,0,0,0,0,0.077264,0.0301157,0.00879097,0.0932404,0.000933858,0.00610983,0.0090526,0.05138,0.0398327,0.0138441,0.0384,0.0331015,0.121818,0.0565427,0,0,0,0,0,0
feb-94,0.007225,0.00857192,0.008175,0.0135804,0.008175,0,0,0.00545417,0,0.00413812,0,0,0,0,0,0.0616797,0.0189762,0.00568269,0.0678764,0.000811117,0.00546962,0.00542769,0.0326277,0.0214373,0.018483,0.0311373,0.0208852,0.0676404,0.0326774,0,0,0,0,0,0
mar-94,0.00609677,0.00774238,0.00681935,0.0122661,0.00681935,0,0,0.0021767,0,0.00211965,0,0,0,0,0,0.0446943,0.0117993,0.00332007,0.0456469,0.000557911,0.0042388,0.00316919,0.0198982,0.0117307,0.0219877,0.0187925,0.0121612,0.0359819,0.0165995,0,0,0,0,0,0
abr-94,0.0084,0.00800046,0.0107333,0.012675,0.0107333,0,0,0.00138784,0,0.00112721,0,0,0,0,0,0.0265889,0.00692626,0.00180652,0.0262868,0.000297553,0.00260194,0.00175206,0.0113626,0.00712402,0.0231413,0.0109845,0.00694142,0.0202401,0.00910149,0,0,0,0,0,0
may-94,0.00808387,0.00774238,0.0103871,0.0122661,0.0103871,0,0,0.000273792,0,0.000266386,0,0,0,0,0,0.00568034,0.000539205,0.000158766,0.00595507,7.72769E-05,0.00101492,0.000396521,0.00262514,0.00182942,0.0176444,0.00115971,0.00165798,0.00439065,0.00172462,0,0,0,0,0,0
jun-94,0.00828333,0.00800046,0.01057,0.012675,0.01057,0,0,0,0,0,0,0,0,0,0,0,0,0,0,0,0.000221497,0,0,0,0.0155678,0,0,0,0,0,0,0,0,0,0
jul-94,0.00794839,0.00774238,0.0100258,0.0122661,0.0100258,0,0,0,0,0,0,0,0,0,0,0,0,0,0,0,0,0,0,0,0.00637914,0,0,0,0,0,0,0,0,0,0
ago-94,0.00783548,0.00774238,0.00977742,0.0122661,0.00977742,0,0,0.00187953,0,0.000848786,0,0,0,0,0,0.0122326,0.00407265,0.00116768,0.012777,6.85276E-05,0.00111572,0.00100302,0.00642299,0.00539326,0.00705777,0.00645863,0.00453179,0.0156233,0.00716757,0,0,0,0,0,0
sept-94,0.00800333,0.00800046,0.0098,0.012675,0.0098,0,0,0.0037987,0,0.00192337,0,0,0,0,0,0.0234727,0.0081684,0.00229178,0.0264036,0.000168804,0.00223834,0.0021653,0.013872,0.0109318,0.00589052,0.0138187,0.00919918,0.0330099,0.0149012,0,0,0,0,0,0
oct-94,0.0075871,0.00774238,0.0092129,0.0122661,0.0092129,0,0,0.0068351,0,0.00369917,0,0,0,0,0,0.0380234,0.0137928,0.00407184,0.0458512,0.000397875,0.0036795,0.00427025,0.0258539,0.0206884,0.00583623,0.0251559,0.0169072,0.0626255,0.0285795,0,0,0,0,0,0
nov-94,0.00767667,0.00800046,0.00921667,0.012675,0.00921667,0,0,0.00901832,0,0.0065079,0,0,0,0,0,0.0643297,0.0263375,0.00777697,0.0793007,0.000720993,0.00518427,0.008071,0.046358,0.0304819,0.00673203,0.024736,0.0303206,0.0789683,0.03865,0,0,0,0,0,0
dic-94,0.00718065,0.00774238,0.00849032,0.0122661,0.00849032,0,0,0.00813361,0,0.00766855,0,0,0,0,0,0.0629568,0.0314003,0.00806305,0.096777,0.000933858,0.00601579,0.00970308,0.0458968,0.0274916,0.00963657,0.0223093,0.0286222,0.0712213,0.0348583,0,0,0,0,0,0
ene-95,0.00684194,0.00774238,0.00799355,0.0122661,0.00799355,0,0,0.00843802,0,0.00701466,0,0,0,0,0,0.0614663,0.0301157,0.00836483,0.0932404,0.000933858,0.00610983,0.0090526,0.0476145,0.0285205,0.0138441,0.0231443,0.0296934,0.0738869,0.0361629,0,0,0,0,0,0
feb-95,0.007225,0.00857192,0.008175,0.0135804,0.008175,0,0,0.00545417,0,0.00413812,0,0,0,0,0,0.0504164,0.0189762,0.00568269,0.0678764,0.000811117,0.00546962,0.00542769,0.0326277,0.0214373,0.018483,0.0211741,0.0208852,0.0675971,0.0326774,0,0,0,0,0,0
mar-95,0.00609677,0.00774238,0.00681935,0.0122661,0.00681935,0,0,0.0021767,0,0.00211965,0,0,0,0,0,0.0374001,0.0117993,0.00332007,0.0456469,0.000557911,0.0042388,0.00316919,0.0198982,0.0117307,0.0219877,0.018251,0.0121612,0.0359819,0.0165995,0,0,0,0,0,0
abr-95,0.0084,0.00800046,0.0107333,0.012675,0.0107333,0,0,0.00102248,0,0.000924535,0,0,0,0,0,0.0231788,0.00565572,0.00142597,0.022818,0.000246053,0.00235675,0.00138804,0.00985201,0.00618142,0.0218791,0.00976372,0.0063226,0.0164618,0.00803187,0,0,0,0,0,0
may-95,0.00808387,0.00774238,0.0103871,0.0122661,0.0103871,0,0,0.000839512,0,0.000580199,0,0,0,0,0,0.00898041,0.00176876,0.000527038,0.0102712,0.000127115,0.00131999,0.000849457,0.00496415,0.00365379,0.018866,0.00352255,0.00325494,0.0102408,0.00448494,0,0,0,0,0,0
jun-95,0.00828333,0.00800046,0.01057,0.012675,0.01057,0,0,0,0,0,0,0,0,0,0,0,0,0,0,0,0.000116416,0,0,0,0.0150068,0,0,0,0,0,0,0,0,0,0
jul-95,0.00794839,0.00774238,0.0100258,0.0122661,0.0100258,0,0,0,0,0,0,0,0,0,0,4.8391E-06,0.000114562,0,0,0,6.99127E-05,0,0,0,0.00746495,0,0,0,0,0,0,0,0,0,0
ago-95,0.00783548,0.00774238,0.00977742,0.0122661,0.00977742,0,0,0.00103095,0,0.000378066,0,0,0,0,0,0.00746584,0.00243324,0.000676649,0.00654265,0,0.000675058,0.000348778,0.00291447,0.0026567,0.00529333,0.00291437,0.00213636,0.00611679,0.00302709,0,0,0,0,0,0
sept-95,0.00800333,0.00800046,0.0098,0.012675,0.0098,0,0,0.00284876,0,0.00139643,0,0,0,0,0,0.0181681,0.00633317,0.0017421,0.0194658,8.86936E-05,0.00174797,0.00143724,0.0099444,0.00810401,0.00392702,0.0101563,0.00672391,0.0231866,0.0106227,0,0,0,0,0,0
oct-95,0.0075871,0.00774238,0.0092129,0.0122661,0.0092129,0,0,0.00628818,0,0.00365994,0,0,0,0,0,0.0380234,0.0137928,0.00407184,0.0458512,0.000397875,0.0036795,0.00427025,0.0255615,0.0204604,0.00583623,0.0172476,0.0169072,0.055062,0.0269493,0,0,0,0,0,0
nov-95,0.00767667,0.00800046,0.00921667,0.012675,0.00921667,0,0,0.00512613,0,0.0065079,0,0,0,0,0,0.0390193,0.0197897,0.00508167,0.0789756,0.000720993,0.00518427,0.008071,0.028926,0.0173263,0.00673203,0.0140603,0.0180389,0.0448866,0.0219691,0,0,0,0,0,0
dic-95,0.00718065,0.00774238,0.00849032,0.0122661,0.00849032,0,0,0.00603014,0,0.00766855,0,0,0,0,0,0.0441832,0.0232797,0.00597784,0.0929032,0.000933858,0.00601579,0.00970308,0.0340272,0.0203819,0.00963657,0.0165398,0.0212201,0.0528025,0.0258435,0,0,0,0,0,0
ene-96,0.00684194,0.00774238,0.00799355,0.0122661,0.00799355,0,0,0.00629928,0,0.00701466,0,0,0,0,0,0.0423778,0.0243187,0.00624464,0.0932404,0.000933858,0.00610983,0.0090526,0.0355459,0.0212916,0.0138441,0.017278,0.0221672,0.0551592,0.0269969,0,0,0,0,0,0
feb-96,0.00697586,0.00827634,0.0078931,0.0131121,0.0078931,0,0,0.0052661,0,0.00399543,0,0,0,0,0,0.0322381,0.0183219,0.00548674,0.0655358,0.000783148,0.00528101,0.00524053,0.0315026,0.018967,0.0178457,0.0153917,0.019747,0.0491371,0.0240495,0,0,0,0,0,0
mar-96,0.00609677,0.00774238,0.00681935,0.0122661,0.00681935,0,0,0.0021767,0,0.00211965,0,0,0,0,0,0.0275002,0.0117993,0.00332007,0.0456469,0.000557911,0.0042388,0.00316919,0.0198982,0.0117307,0.0219877,0.0152085,0.0121612,0.0359819,0.0165995,0,0,0,0,0,0
abr-96,0.0084,0.00800046,0.0107333,0.012675,0.0107333,0,0,0.000657116,0,0.000721864,0,0,0,0,0,0.0167508,0.00480869,0.00117227,0.0198446,0.000205998,0.00214659,0.00107601,0.0083414,0.00523883,0.0208973,0.00854292,0.00591006,0.0126836,0.00731878,0,0,0,0,0,0
may-96,0.00808387,0.00774238,0.0103871,0.0122661,0.0103871,0,0,0.000839512,0,0.000580199,0,0,0,0,0,0.00898041,0.00176876,0.000527038,0.0102712,0.000127115,0.00131999,0.000849457,0.00496415,0.00388184,0.018866,0.00381791,0.00325494,0.0109721,0.00448494,0,0,0,0,0,0
jun-96,0.00828333,0.00800046,0.01057,0.012675,0.01057,0,0,0,0,0,0,0,0,0,0,0,0,0,0,0,0.000256524,0,0,0,0.0154276,0,0,0,0,0,0,0,0,0,0
jul-96,0.00794839,0.00774238,0.0100258,0.0122661,0.0100258,0,0,0,0,0,0,0,0,0,0,0,0,0,0,0,0,0,0,0,0.00475042,0,0,0,0,0,0,0,0,0,0
ago-96,0.00783548,0.00774238,0.00977742,0.0122661,0.00977742,0,0,0.000465231,0,6.42531E-05,0,0,0,0,0,0.00416578,0.00106706,0.000267458,0.0027061,0,0.000403882,0,0.000575465,0.00106037,0.00407179,0.000846882,0.00133789,0.000997909,0.00164692,0,0,0,0,0,0
sept-96,0.00800333,0.00800046,0.0098,0.012675,0.0098,0,0,0.00401791,0,0.00204498,0,0,0,0,0,0.0242305,0.00845074,0.00237635,0.0273947,0.000180248,0.0023084,0.0022693,0.0147784,0.0116387,0.00617102,0.0143213,0.009818,0.0352769,0.0159708,0,0,0,0,0,0
oct-96,0.0075871,0.00774238,0.0092129,0.0122661,0.0092129,0,0,0.00626335,0,0.00365994,0,0,0,0,0,0.0376568,0.0136562,0.00403092,0.0453716,0.000392338,0.00364561,0.00421992,0.0255615,0.0202323,0.00570051,0.0171795,0.0167076,0.0548446,0.0268429,0,0,0,0,0,0
nov-96,0.00767667,0.00800046,0.00921667,0.012675,0.00921667,0,0,0.00595506,0,0.0065079,0,0,0,0,0,0.0464176,0.0229899,0.00590341,0.0793007,0.000720993,0.00518427,0.008071,0.0336036,0.0201281,0.00673203,0.0163339,0.0209559,0.0521451,0.0255217,0,0,0,0,0,0
dic-96,0.00718065,0.00774238,0.00849032,0.0122661,0.00849032,0,0,0.0047648,0,0.00766855,0,0,0,0,0,0.0328898,0.0183948,0.00472347,0.0734087,0.000933858,0.00601579,0.00880061,0.0268871,0.016105,0.00963657,0.0130692,0.0167673,0.0417226,0.0204206,0,0,0,0,0,0
ene-97,0.00684194,0.00774238,0.00799355,0.0122661,0.00799355,0,0,0.00546835,0,0.00701466,0,0,0,0,0,0.0349616,0.0211109,0.00542092,0.0842479,0.000933858,0.00610983,0.0090526,0.0308571,0.018483,0.0138441,0.0149989,0.0192431,0.0478832,0.0234358,0,0,0,0,0,0
feb-97,0.007225,0.00857192,0.008175,0.0135804,0.008175,0,0,0.00539926,0,0.00413812,0,0,0,0,0,0.0297061,0.0189762,0.00535243,0.0678764,0.000811117,0.00546962,0.00542769,0.0304673,0.0182495,0.018483,0.0148094,0.019,0.0472783,0.0231397,0,0,0,0,0,0
mar-97,0.00609677,0.00774238,0.00681935,0.0122661,0.00681935,0,0,0.00203527,0,0.00204119,0,0,0,0,0,0.0200555,0.0111162,0.00311547,0.0446878,0.000535761,0.004171,0.00306854,0.0193134,0.0112746,0.0214448,0.0127538,0.0121612,0.0352507,0.0165995,0,0,0,0,0,0
abr-97,0.0084,0.00800046,0.0107333,0.012675,0.0107333,0,0,0.00153398,0,0.00120827,0,0,0,0,0,0.00965361,0.00720861,0.00189108,0.027278,0.000308997,0.00267199,0.00185607,0.0119669,0.00735966,0.0234218,0.0101647,0.0071477,0.0217514,0.00945804,0,0,0,0,0,0
may-97,0.00808387,0.00774238,0.0103871,0.0122661,0.0103871,0,0,0,0,0,0,0,0,0,0,0,0,0,0,0,0,0,0,0,0.0135726,0,0,0,0,0,0,0,0,0,0
jun-97,0.00828333,0.00800046,0.01057,0.012675,0.01057,0,0,0,0,0,0,0,0,0,0,0,0,0,0,0,0,0,0,0,0,0,0,0,0,0,0,0,0,0,0
jul-97,0.00794839,0.00774238,0.0100258,0.0122661,0.0100258,0,0,0.000230289,0,0,0,0,0,0,0,0.00147153,0.000524415,0.000103166,0.000184949,0,0.000205501,0,0,0,0.00800785,0,0,0,0,0,0,0,0,0,0
ago-97,0.00783548,0.00774238,0.00977742,0.0122661,0.00977742,0,0,0,0,0,0,0,0,0,0,0,0,0,0,0,0,0,0,0,0,0,0,0,0,0,0,0,0,0,0
sept-97,0.00800333,0.00800046,0.0098,0.012675,0.0098,0,0,0.00299491,0,0.0014775,0,0,0,0,0,0.0189259,0.00661551,0.00182667,0.0204569,0.000100138,0.00181802,0.00154125,0.0105486,0.00833966,0.00420752,0.0104615,0.00693018,0.0239422,0.0109792,0,0,0,0,0,0
oct-97,0.0075871,0.00774238,0.0092129,0.0122661,0.0092129,0,0,0.00400651,0,0.0021301,0,0,0,0,0,0.0215231,0.00764505,0.00223048,0.0247502,0.000148684,0.00218804,0.00205589,0.0141589,0.0104263,0,0.0118649,0.00812396,0.0297184,0.0133977,0,0,0,0,0,0
nov-97,0.00767667,0.00800046,0.00921667,0.012675,0.00921667,0,0,0.0129824,0,0.00646737,0,0,0,0,0,0.0639508,0.0261964,0.00773469,0.0788052,0.000715271,0.00514924,0.00801899,0.0460559,0.0372596,0.00659178,0.0384,0.029908,0.113413,0.0520829,0,0,0,0,0,0
dic-97,0.00718065,0.00774238,0.00849032,0.0122661,0.00849032,0,0,0.014,0,0.00766855,0,0,0,0,0,0.078817,0.0322835,0.00939327,0.096777,0.000933858,0.00601579,0.00970308,0.0551382,0.0435552,0.00963657,0.0384,0.0357288,0.12259,0.06,0,0,0,0,0,0
ene-98,0.00684194,0.00774238,0.00799355,0.0122661,0.00799355,0,0,0.0131734,0,0.00701466,0,0,0,0,0,0.077264,0.0301157,0.00879097,0.0932404,0.000933858,0.00610983,0.0090526,0.05138,0.0398327,0.0138441,0.0384,0.0331015,0.121818,0.0565427,0,0,0,0,0,0
feb-98,0.007225,0.00857192,0.008175,0.0135804,0.008175,0,0,0.00506272,0,0.00392097,0,0,0,0,0,0.0584321,0.0176149,0.00527496,0.0652216,0.00076207,0.00528198,0.0051491,0.0310092,0.0209323,0.0172809,0.0304833,0.0208852,0.0660212,0.0326774,0,0,0,0,0,0
mar-98,0.00609677,0.00774238,0.00681935,0.0122661,0.00681935,0,0,0.0021767,0,0.00211965,0,0,0,0,0,0.0446943,0.0116627,0.00327915,0.0456469,0.000557911,0.0042388,0.00316919,0.0198982,0.0117307,0.0219877,0.0187925,0.0121612,0.0359819,0.0165995,0,0,0,0,0,0
abr-98,0.0084,0.00800046,0.0107333,0.012675,0.0107333,0,0,0.000584044,0,0.00068133,0,0,0,0,0,0.0197687,0.00438517,0.00104542,0.0188535,0.000194554,0.00207654,0.000972006,0.00803928,0.00500318,0.0206168,0.00823772,0.00570379,0.011928,0.00696224,0,0,0,0,0,0
may-98,0.00808387,0.00774238,0.0103871,0.0122661,0.0103871,0,0,0.000768797,0,0.000540973,0,0,0,0,0,0.00824706,0.00149553,0.0004452,0.00931205,0.00011604,0.0012522,0.000748805,0.00467177,0.00342575,0.0185945,0.0032272,0.0028557,0.00950953,0.00379486,0,0,0,0,0,0
jun-98,0.00828333,0.00800046,0.01057,0.012675,0.01057,0,0,0,0,0,0,0,0,0,0,0.00101656,0,0,0.000232581,0,0.000361604,0,0,0,0.0159886,0,1.96081E-05,0,0,0,0,0,0,0,0
jul-98,0.00794839,0.00774238,0.0100258,0.0122661,0.0100258,0,0,0.00157387,0,0.000717567,0,0,0,0,0,0.00770499,0.0027103,0.000757871,0.00929675,6.52327E-05,0.000849543,0.000888429,0.00528416,0.00453925,0.0103152,0.00496403,0.0034317,0.0131125,0.00568186,0,0,0,0,0,0
ago-98,0.00783548,0.00774238,0.00977742,0.0122661,0.00977742,0,0,0.00237453,0,0.00112337,0,0,0,0,0,0.0147993,0.00502898,0.00145411,0.016134,0.000107291,0.001353,0.0013553,0.00846962,0.00676154,0.00800785,0.00823076,0.00552988,0.0200109,0.00889278,0,0,0,0,0,0
sept-98,0.00800333,0.00800046,0.0098,0.012675,0.0098,0,0,0.00365255,0,0.00184231,0,0,0,0,0,0.022336,0.00788606,0.00220722,0.0249169,0.000151637,0.00213326,0.00200929,0.0132677,0.0104605,0.00546977,0.0132083,0.00878664,0.0314987,0.0141881,0,0,0,0,0,0
oct-98,0.0075871,0.00774238,0.0092129,0.0122661,0.0092129,0,0,0.0068351,0,0.00369917,0,0,0,0,0,0.0383901,0.0139295,0.00411276,0.0463308,0.000403413,0.0037134,0.00432057,0.0258539,0.0206884,0.00597196,0.0251559,0.0171068,0.0626255,0.0289245,0,0,0,0,0,0
nov-98,0.00767667,0.00800046,0.00921667,0.012675,0.00921667,0,0,0.0130555,0,0.0065079,0,0,0,0,0,0.0643297,0.0263375,0.00777697,0.0793007,0.000720993,0.00518427,0.008071,0.046358,0.0374952,0.00673203,0.0384,0.0303206,0.114169,0.052796,0,0,0,0,0,0
dic-98,0.00718065,0.00774238,0.00849032,0.0122661,0.00849032,0,0,0.014,0,0.00766855,0,0,0,0,0,0.078817,0.0322835,0.00939327,0.096777,0.000933858,0.00601579,0.00970308,0.0551382,0.0435552,0.00963657,0.0384,0.0357288,0.12259,0.06,0,0,0,0,0,0
ene-99,0.00684194,0.00774238,0.00799355,0.0122661,0.00799355,0,0,0.011848,0,0.00701466,0,0,0,0,0,0.077264,0.0301157,0.00879097,0.0932404,0.000933858,0.00610983,0.0090526,0.05138,0.0398327,0.0138441,0.0324973,0.0331015,0.103746,0.0507771,0,0,0,0,0,0
feb-99,0.007225,0.00857192,0.008175,0.0135804,0.008175,0,0,0.00545417,0,0.00413812,0,0,0,0,0,0.0616797,0.0189762,0.00568269,0.0678764,0.000811117,0.00546962,0.00542769,0.0326277,0.0214373,0.018483,0.025157,0.0208852,0.0676404,0.0326774,0,0,0,0,0,0
mar-99,0.00609677,0.00774238,0.00681935,0.0122661,0.00681935,0,0,0.00203527,0,0.00204119,0,0,0,0,0,0.0428609,0.0109796,0.00307455,0.0446878,0.000530223,0.004171,0.00306854,0.0193134,0.0112746,0.021309,0.0182018,0.0121612,0.0345194,0.0165995,0,0,0,0,0,0
abr-99,0.0084,0.00800046,0.0107333,0.012675,0.0107333,0,0,0.00116862,0,0.0010056,0,0,0,0,0,0.0246944,0.00622041,0.0015951,0.0243046,0.000268942,0.00246183,0.00154405,0.0104563,0.00641707,0.0224401,0.0100689,0.00673515,0.0179731,0.00874495,0,0,0,0,0,0
may-99,0.00808387,0.00774238,0.0103871,0.0122661,0.0103871,0,0,0.000344507,0,0.000305613,0,0,0,0,0,0.00604702,0.000539205,0.000158766,0.00643464,8.28145E-05,0.00104882,0.000446847,0.00291751,0.00205747,0.0177801,0.00145507,0.0018576,0.00512192,0.00206966,0,0,0,0,0,0
jun-99,0.00828333,0.00800046,0.01057,0.012675,0.01057,0,0,0,0,0,0,0,0,0,0,0,0,0,0,0,0,0,0,0,0.0136043,0,0,0,0,0,0,0,0,0,0
jul-99,0.00794839,0.00774238,0.0100258,0.0122661,0.0100258,0,0,0.00143244,0,0.000639114,0,0,0,0,0,0.00697164,0.00257368,0.000716952,0.00833761,5.41575E-05,0.000781749,0.000787776,0.00469941,0.00408316,0.0100437,0.00437332,0.00283285,0.0109187,0.00464674,0,0,0,0,0,0
ago-99,0.00783548,0.00774238,0.00977742,0.0122661,0.00977742,0,0,0,0,0,0,0,0,0,0,0,0,0,0,0,0,0,0,0,0,0,0,0,0,0,0,0,0,0,0
sept-99,0.00800333,0.00800046,0.0098,0.012675,0.0098,0,0,0,0,0,0,0,0,0,0,0.0026334,0.000686302,5.07815E-05,0,0,0.000311867,0,0,0,0,0,0,0,0,0,0,0,0,0,0
oct-99,0.0075871,0.00774238,0.0092129,0.0122661,0.0092129,0,0,0.00605724,0,0.00326767,0,0,0,0,0,0.0336234,0.0121534,0.00358081,0.0400964,0.000331424,0.00327274,0.00366633,0.0226378,0.0177238,0.00420752,0.0213163,0.0145118,0.053119,0.024439,0,0,0,0,0,0
nov-99,0.00767667,0.00800046,0.00921667,0.012675,0.00921667,0,0,0.0129824,0,0.00646737,0,0,0,0,0,0.0643297,0.0263375,0.00777697,0.0788052,0.000720993,0.00514924,0.00801899,0.0460559,0.0372596,0.00673203,0.0384,0.029908,0.113413,0.0520829,0,0,0,0,0,0
dic-99,0.00718065,0.00774238,0.00849032,0.0122661,0.00849032,0,0,0.0116559,0,0.00766855,0,0,0,0,0,0.078817,0.0322835,0.00939327,0.096777,0.000933858,0.00601579,0.00970308,0.0551382,0.039397,0.00963657,0.0319705,0.0357288,0.102064,0.049954,0,0,0,0,0,0
ene-00,0.00684194,0.00774238,0.00799355,0.0122661,0.00799355,0,0,0.00631692,0,0.00701466,0,0,0,0,0,0.0425352,0.0243868,0.00626213,0.0932404,0.000933858,0.00610983,0.0090526,0.0356455,0.0213512,0.0138441,0.0173264,0.0222292,0.0553137,0.0270725,0,0,0,0,0,0
feb-00,0.00697586,0.00827634,0.0078931,0.0131121,0.0078931,0,0,0.0052661,0,0.00399543,0,0,0,0,0,0.0591609,0.0181758,0.00544299,0.0655358,0.000777228,0.00528101,0.00524053,0.0315026,0.0206981,0.0177006,0.027425,0.020165,0.065308,0.0315506,0,0,0,0,0,0
mar-00,0.00609677,0.00774238,0.00681935,0.0122661,0.00681935,0,0,0.0021767,0,0.00211965,0,0,0,0,0,0.0446943,0.0117993,0.00332007,0.0456469,0.000557911,0.0042388,0.00316919,0.0198982,0.0117307,0.0219877,0.0187925,0.0121612,0.0359819,0.0165995,0,0,0,0,0,0
abr-00,0.0084,0.00800046,0.0107333,0.012675,0.0107333,0,0,0.00109555,0,0.000965069,0,0,0,0,0,0.0239366,0.00593806,0.00151054,0.0238091,0.000257497,0.0024268,0.00149204,0.0101541,0.00641707,0.0221596,0.0100689,0.00652888,0.0172175,0.00838841,0,0,0,0,0,0
may-00,0.00808387,0.00774238,0.0103871,0.0122661,0.0103871,0,0,0,0,0,0,0,0,0,0,0.00128026,0,0,0.000200246,0.000010826,0.000608155,0,0,0,0.0160157,0,0,0,0,0,0,0,0,0,0
jun-00,0.00828333,0.00800046,0.01057,0.012675,0.01057,0,0,0,0,0,0,0,0,0,0,0,0,0,0,0,0,0,0,0,0,0,0,0,0,0,0,0,0,0,0
jul-00,0.00794839,0.00774238,0.0100258,0.0122661,0.0100258,0,0,0,0,0,0,0,0,0,0,0,0,0,0,0,0,0,0,0,0.00610769,0,0,0,0,0,0,0,0,0,0
ago-00,0.00783548,0.00774238,0.00977742,0.0122661,0.00977742,0,0,0.00237453,0,0.00112337,0,0,0,0,0,0.0147993,0.00502898,0.00145411,0.016134,0.000107291,0.001353,0.0013553,0.00846962,0.00676154,0.00800785,0.00823076,0.00552988,0.0200109,0.00889278,0,0,0,0,0,0
sept-00,0.00800333,0.00800046,0.0098,0.012675,0.0098,0,0,0,0,0,0,0,0,0,0,0,0,0,0,0,6.66791E-05,0,0,0,0,0,0,0,0,0,0,0,0,0,0
oct-00,0.0075871,0.00774238,0.0092129,0.0122661,0.0092129,0,0,0.0068351,0,0.00369917,0,0,0,0,0,0.0383901,0.0139295,0.00411276,0.0458512,0.000403413,0.0036795,0.00427025,0.0258539,0.0204604,0.00597196,0.0248606,0.0169072,0.0618942,0.0285795,0,0,0,0,0,0
nov-00,0.00767667,0.00800046,0.00921667,0.012675,0.00921667,0,0,0.0130555,0,0.0065079,0,0,0,0,0,0.0643297,0.0263375,0.00777697,0.0793007,0.000720993,0.00518427,0.008071,0.046358,0.0374952,0.00673203,0.0384,0.0303206,0.114169,0.052796,0,0,0,0,0,0
dic-00,0.00718065,0.00774238,0.00849032,0.0122661,0.00849032,0,0,0.014,0,0.00766855,0,0,0,0,0,0.078817,0.0322835,0.00939327,0.096777,0.000933858,0.00601579,0.00970308,0.0551382,0.0435552,0.00963657,0.0384,0.0357288,0.12259,0.06,0,0,0,0,0,0
ene-01,0.00684194,0.00774238,0.00799355,0.0122661,0.00799355,0,0,0.0131734,0,0.00701466,0,0,0,0,0,0.077264,0.0301157,0.00879097,0.0932404,0.000933858,0.00610983,0.0090526,0.05138,0.0398327,0.0138441,0.0384,0.0331015,0.121818,0.0565427,0,0,0,0,0,0
feb-01,0.007225,0.00857192,0.008175,0.0135804,0.008175,0,0,0.00545417,0,0.00413812,0,0,0,0,0,0.0616797,0.0189762,0.00568269,0.0678764,0.000811117,0.00546962,0.00542769,0.0326277,0.0214373,0.018483,0.0311373,0.0208852,0.0676404,0.0326774,0,0,0,0,0,0
mar-01,0.00609677,0.00774238,0.00681935,0.0122661,0.00681935,0,0,0.00189384,0,0.00196274,0,0,0,0,0,0.0413942,0.0104331,0.00291087,0.0437287,0.000508073,0.00410321,0.00296788,0.0187287,0.0110465,0.0207661,0.0179065,0.0121612,0.0337881,0.0165995,0,0,0,0,0,0
abr-01,0.0084,0.00800046,0.0107333,0.012675,0.0107333,0,0,0.00124169,0,0.00104614,0,0,0,0,0,0.0250733,0.00650275,0.00167967,0.0248002,0.000274664,0.00249686,0.00159605,0.0107584,0.00665272,0.0225803,0.0103741,0.00673515,0.0187288,0.00874495,0,0,0,0,0,0
may-01,0.00808387,0.00774238,0.0103871,0.0122661,0.0103871,0,0,0,0,0,0,0,0,0,0,0,0,0,0,0,0.000235289,0,0,0,0.0145227,0,0,0,0,0,0,0,0,0,0
jun-01,0.00828333,0.00800046,0.01057,0.012675,0.01057,0,0,0.000737186,0,0.000444416,0,0,0,0,0,0.0067,0.00157221,0.000432139,0.00717034,6.17994E-05,0.00085198,0.000530439,0.00349081,0.00266395,0.0180923,0.00288693,0.00228861,0.00756349,0.00327892,0,0,0,0,0,0
jul-01,0.00794839,0.00774238,0.0100258,0.0122661,0.0100258,0,0,0,0,0,0,0,0,0,0,0,0,0,0,0,0,0,0,0,0,0,0,0,0,0,0,0,0,0,0
ago-01,0.00783548,0.00774238,0.00977742,0.0122661,0.00977742,0,0,0,0,0,0,0,0,0,0,0,0,0,0,0,0,0,0,0,0.00108581,0,0,0,0,0,0,0,0,0,0
sept-01,0.00800333,0.00800046,0.0098,0.012675,0.0098,0,0,0.00314105,0,0.00155857,0,0,0,0,0,0.0196837,0.00675668,0.00186895,0.021448,0.000111582,0.00188808,0.00164526,0.0111529,0.00881096,0.00448802,0.0110719,0.00734273,0.0254535,0.0116923,0,0,0,0,0,0
oct-01,0.0075871,0.00774238,0.0092129,0.0122661,0.0092129,0,0,0.00598652,0,0.00322845,0,0,0,0,0,0.0332567,0.0120168,0.00353989,0.0396168,0.000325887,0.00323884,0.003616,0.0223454,0.0174958,0.00407179,0.0210209,0.0143121,0.053119,0.024094,0,0,0,0,0,0
nov-01,0.00767667,0.00800046,0.00921667,0.012675,0.00921667,0,0,0.0130555,0,0.0065079,0,0,0,0,0,0.0643297,0.0263375,0.00777697,0.0793007,0.000720993,0.00518427,0.008071,0.046358,0.0374952,0.00673203,0.0384,0.0303206,0.114169,0.052796,0,0,0,0,0,0
dic-01,0.00718065,0.00774238,0.00849032,0.0122661,0.00849032,0,0,0.014,0,0.00766855,0,0,0,0,0,0.078817,0.0322835,0.00939327,0.096777,0.000933858,0.00601579,0.00970308,0.0551382,0.0435552,0.00963657,0.0384,0.0357288,0.12259,0.06,0,0,0,0,0,0
ene-02,0.00684194,0.00774238,0.00799355,0.0122661,0.00799355,0,0,0.0131734,0,0.00701466,0,0,0,0,0,0.077264,0.0301157,0.00879097,0.0932404,0.000933858,0.00610983,0.0090526,0.05138,0.0398327,0.0138441,0.0384,0.0331015,0.121818,0.0565427,0,0,0,0,0,0
feb-02,0.007225,0.00857192,0.008175,0.0135804,0.008175,0,0,0.00545417,0,0.00413812,0,0,0,0,0,0.0616797,0.0189762,0.00568269,0.0678764,0.000811117,0.00546962,0.00542769,0.0326277,0.0214373,0.018483,0.0311373,0.0208852,0.0676404,0.0326774,0,0,0,0,0,0
mar-02,0.00609677,0.00774238,0.00681935,0.0122661,0.00681935,0,0,0.00210598,0,0.00208042,0,0,0,0,0,0.0443276,0.0116627,0.00327915,0.0451674,0.000552374,0.0042049,0.00311886,0.0196058,0.0117307,0.0218519,0.0187925,0.0121612,0.0359819,0.0165995,0,0,0,0,0,0
abr-02,0.0084,0.00800046,0.0107333,0.012675,0.0107333,0,0,0.000657116,0,0.000721864,0,0,0,0,0,0.0205265,0.00466752,0.00112999,0.0203402,0.000205998,0.00218162,0.00112802,0.0083414,0.00523883,0.0208973,0.00854292,0.00611633,0.0134393,0.00767533,0,0,0,0,0,0
may-02,0.00808387,0.00774238,0.0103871,0.0122661,0.0103871,0,0,0,0,0,0,0,0,0,0,0,0,0,0,0,0,0,0,0,0.00285025,0,0,0,0,0,0,0,0,0,0
jun-02,0.00828333,0.00800046,0.01057,0.012675,0.01057,0,0,0,0,0,0,0,0,0,0,0,0,0,0,0,0,0,0,0,0,0,0,0,0,0,0,0,0,0,0
jul-02,0.00794839,0.00774238,0.0100258,0.0122661,0.0100258,0,0,0,0,0,0,0,0,0,0,0,0,0,0,0,0,0,0,0,0,0,0,0,0,0,0,0,0,0,0
ago-02,0.00783548,0.00774238,0.00977742,0.0122661,0.00977742,0,0,0,0,0,0,0,0,0,0,0,0,0,0,0,0,0,0,0,0,0,0,0,0,0,0,0,0,0,0
sept-02,0.00800333,0.00800046,0.0098,0.012675,0.0098,0,0,0.00336027,0,0.00168017,0,0,0,0,0,0.0204415,0.0071802,0.0019958,0.0229347,0.000123027,0.00199316,0.00180127,0.0120593,0.0095179,0.00476852,0.0119875,0.00796154,0.0284761,0.0127619,0,0,0,0,0,0
oct-02,0.0075871,0.00774238,0.0092129,0.0122661,0.0092129,0,0,0.0068351,0,0.00369917,0,0,0,0,0,0.0383901,0.0139295,0.00411276,0.0463308,0.000403413,0.0037134,0.00432057,0.0258539,0.0206884,0.00597196,0.0251559,0.0171068,0.0626255,0.0289245,0,0,0,0,0,0
nov-02,0.00767667,0.00800046,0.00921667,0.012675,0.00921667,0,0,0.0130555,0,0.0065079,0,0,0,0,0,0.0643297,0.0263375,0.00777697,0.0793007,0.000720993,0.00518427,0.008071,0.046358,0.0374952,0.00673203,0.0384,0.0303206,0.114169,0.052796,0,0,0,0,0,0
dic-02,0.00718065,0.00774238,0.00849032,0.0122661,0.00849032,0,0,0.014,0,0.00766855,0,0,0,0,0,0.078817,0.0322835,0.00939327,0.096777,0.000933858,0.00601579,0.00970308,0.0551382,0.0435552,0.00963657,0.0384,0.0357288,0.12259,0.06,0,0,0,0,0,0
ene-03,0.00684194,0.00774238,0.00799355,0.0122661,0.00799355,0,0,0.0131734,0,0.00701466,0,0,0,0,0,0.077264,0.0301157,0.00879097,0.0932404,0.000933858,0.00610983,0.0090526,0.05138,0.0398327,0.0138441,0.0384,0.0331015,0.121818,0.0565427,0,0,0,0,0,0
feb-03,0.007225,0.00857192,0.008175,0.0135804,0.008175,0,0,0.00545417,0,0.00413812,0,0,0,0,0,0.0616797,0.0189762,0.00568269,0.0678764,0.000811117,0.00546962,0.00542769,0.0326277,0.0214373,0.018483,0.0311373,0.0208852,0.0676404,0.0326774,0,0,0,0,0,0
mar-03,0.00609677,0.00774238,0.00681935,0.0122661,0.00681935,0,0,0.0021767,0,0.00211965,0,0,0,0,0,0.0446943,0.0117993,0.00332007,0.0456469,0.000557911,0.0042388,0.00316919,0.0198982,0.0117307,0.0219877,0.0187925,0.0121612,0.0359819,0.0165995,0,0,0,0,0,0
abr-03,0.0084,0.00800046,0.0107333,0.012675,0.0107333,0,0,0.00146091,0,0.00116774,0,0,0,0,0,0.0269678,0.00706744,0.0018488,0.0267824,0.000303275,0.00263697,0.00180407,0.0116647,0.00712402,0.0232816,0.0109845,0.00694142,0.0209957,0.00910149,0,0,0,0,0,0
may-03,0.00808387,0.00774238,0.0103871,0.0122661,0.0103871,0,0,0,0,0,0,0,0,0,0,0,0,0,0,0,0,0,0,0,0.00990802,0,0,0,0,0,0,0,0,0,0
jun-03,0.00828333,0.00800046,0.01057,0.012675,0.01057,0,0,0,0,0,0,0,0,0,0,0,0,0,0,0,0,0,0,0,0.0138848,0,0,0,0,0,0,0,0,0,0
jul-03,0.00794839,0.00774238,0.0100258,0.0122661,0.0100258,0,0,0.000159574,0,0,0,0,0,0,0,0.000738187,0.000387797,6.22465E-05,0,0,0.000171604,0,0,0,0.0077364,0,0,0,0,0,0,0,0,0,0
ago-03,0.00783548,0.00774238,0.00977742,0.0122661,0.00977742,0,0,0.00195024,0,0.000888012,0,0,0,0,0,0.0125993,0.00434589,0.00124952,0.0132566,7.40651E-05,0.00114962,0.00105335,0.00671537,0.00539326,0.0071935,0.00645863,0.00453179,0.0156233,0.00716757,0,0,0,0,0,0
sept-03,0.00800333,0.00800046,0.0098,0.012675,0.0098,0,0,0.00401791,0,0.00204498,0,0,0,0,0,0.0238516,0.00845074,0.00237635,0.0268991,0.000174526,0.00227337,0.0022173,0.0147784,0.0116387,0.00603077,0.0147343,0.009818,0.0352769,0.0159708,0,0,0,0,0,0
oct-03,0.0075871,0.00774238,0.0092129,0.0122661,0.0092129,0,0,0.0068351,0,0.00369917,0,0,0,0,0,0.0383901,0.0139295,0.00411276,0.0463308,0.000403413,0.0037134,0.00432057,0.0258539,0.0206884,0.00597196,0.0251559,0.0171068,0.0626255,0.0289245,0,0,0,0,0,0
nov-03,0.00767667,0.00800046,0.00921667,0.012675,0.00921667,0,0,0.0129824,0,0.00646737,0,0,0,0,0,0.0635719,0.0260552,0.0076924,0.0788052,0.000709549,0.00514924,0.00801899,0.0460559,0.0372596,0.00645153,0.0384,0.029908,0.113413,0.0520829,0,0,0,0,0,0
dic-03,0.00718065,0.00774238,0.00849032,0.0122661,0.00849032,0,0,0.014,0,0.00766855,0,0,0,0,0,0.078817,0.0322835,0.00939327,0.096777,0.000933858,0.00601579,0.00970308,0.0551382,0.0435552,0.00963657,0.0384,0.0357288,0.12259,0.06,0,0,0,0,0,0
ene-04,0.00684194,0.00774238,0.00799355,0.0122661,0.00799355,0,0,0.0131734,0,0.00701466,0,0,0,0,0,0.077264,0.0301157,0.00879097,0.0932404,0.000933858,0.00610983,0.0090526,0.05138,0.0398327,0.0138441,0.0384,0.0331015,0.121818,0.0565427,0,0,0,0,0,0
feb-04,0.00697586,0.00827634,0.0078931,0.0131121,0.0078931,0,0,0.00473696,0,0.0037019,0,0,0,0,0,0.0548493,0.0162773,0.00487436,0.0619473,0.000712114,0.00502737,0.00486395,0.0293148,0.0199668,0.0161046,0.0291165,0.020165,0.0629629,0.0315506,0,0,0,0,0,0
mar-04,0.00609677,0.00774238,0.00681935,0.0122661,0.00681935,0,0,0.00189384,0,0.00196274,0,0,0,0,0,0.0413942,0.0104331,0.00291087,0.0437287,0.000508073,0.00410321,0.00296788,0.0187287,0.0110465,0.0207661,0.0179065,0.0121612,0.0337881,0.0165995,0,0,0,0,0,0
abr-04,0.0084,0.00800046,0.0107333,0.012675,0.0107333,0,0,0.000510972,0,0.000640796,0,0,0,0,0,0.0193898,0.004244,0.00100314,0.0188535,0.000188831,0.00207654,0.000972006,0.00773716,0.00500318,0.0204766,0.00823772,0.00570379,0.0111723,0.00696224,0,0,0,0,0,0
may-04,0.00808387,0.00774238,0.0103871,0.0122661,0.0103871,0,0,0.000910227,0,0.000619426,0,0,0,0,0,0.00934708,0.00190538,0.000567957,0.0107508,0.000132653,0.00135389,0.000899784,0.00525652,0.00388184,0.0190017,0.00381791,0.00325494,0.0109721,0.00448494,0,0,0,0,0,0
jun-04,0.00828333,0.00800046,0.01057,0.012675,0.01057,0,0,0,0,0,0,0,0,0,0,0,0,0,0,0,0,0,0,0,0.0141653,0,0,0,0,0,0,0,0,0,0
jul-04,0.00794839,0.00774238,0.0100258,0.0122661,0.0100258,0,0,0,0,0,0,0,0,0,0,0,0,0,0,0,0,0,0,0,0.00434324,0,0,0,0,0,0,0,0,0,0
ago-04,0.00783548,0.00774238,0.00977742,0.0122661,0.00977742,0,0,0,0,0,0,0,0,0,0,0,0,0,0,0,0,0,0,0,0,0,0,0,0,0,0,0,0,0,0
sept-04,0.00800333,0.00800046,0.0098,0.012675,0.0098,0,0,0.00314105,0,0.00155857,0,0,0,0,0,0.0196837,0.00689785,0.00191124,0.021448,0.000111582,0.00188808,0.00164526,0.0111529,0.0090466,0.00448802,0.0113771,0.00734273,0.0262091,0.0116923,0,0,0,0,0,0
oct-04,0.0075871,0.00774238,0.0092129,0.0122661,0.0092129,0,0,0.00669367,0,0.00362071,0,0,0,0,0,0.0376568,0.0136562,0.00403092,0.0453716,0.000392338,0.00364561,0.00421992,0.0252692,0.0202323,0.00570051,0.0245652,0.0167076,0.061163,0.0282344,0,0,0,0,0,0
nov-04,0.00767667,0.00800046,0.00921667,0.012675,0.00921667,0,0,0.0118863,0,0.00585935,0,0,0,0,0,0.0578885,0.0230906,0.00680446,0.0713719,0.000623716,0.00462384,0.00723893,0.0415241,0.0337248,0.00434777,0.0346081,0.0264014,0.102834,0.0460217,0,0,0,0,0,0
dic-04,0.00718065,0.00774238,0.00849032,0.0122661,0.00849032,0,0,0.0115677,0,0.00766855,0,0,0,0,0,0.078817,0.0322835,0.00939327,0.096777,0.000933858,0.00601579,0.00970308,0.0551382,0.0390989,0.00963657,0.0317286,0.0357288,0.101292,0.049576,0,0,0,0,0,0
ene-05,0.00684194,0.00774238,0.00799355,0.0122661,0.00799355,0,0,0.0115756,0,0.00701466,0,0,0,0,0,0.077264,0.0301157,0.00879097,0.0932404,0.000933858,0.00610983,0.0090526,0.05138,0.0391254,0.0138441,0.0317501,0.0331015,0.101361,0.0496096,0,0,0,0,0,0
feb-05,0.007225,0.00857192,0.008175,0.0135804,0.008175,0,0,0.00545417,0,0.00413812,0,0,0,0,0,0.0616797,0.0189762,0.00568269,0.0678764,0.000811117,0.00546962,0.00542769,0.0326277,0.0214373,0.018483,0.0289168,0.0208852,0.0676404,0.0326774,0,0,0,0,0,0
mar-05,0.00609677,0.00774238,0.00681935,0.0122661,0.00681935,0,0,0.00196455,0,0.00200197,0,0,0,0,0,0.0417609,0.0107064,0.00299271,0.0437287,0.000513611,0.00410321,0.00296788,0.019021,0.0110465,0.0209019,0.0179065,0.0121612,0.0345194,0.0165995,0,0,0,0,0,0
abr-05,0.0084,0.00800046,0.0107333,0.012675,0.0107333,0,0,0.00124169,0,0.00104614,0,0,0,0,0,0.0246944,0.00622041,0.0015951,0.0243046,0.000268942,0.00246183,0.00154405,0.0107584,0.00665272,0.0224401,0.0103741,0.00673515,0.0187288,0.00874495,0,0,0,0,0,0
may-05,0.00808387,0.00774238,0.0103871,0.0122661,0.0103871,0,0,0,0,0,0,0,0,0,0,0,0,0,0,0,0.000303083,0,0,0,0.0147942,0,0,0,0,0,0,0,0,0,0
jun-05,0.00828333,0.00800046,0.01057,0.012675,0.01057,0,0,0,0,0,0,0,0,0,0,0,0,0,0,0,0,0,0,0,0.0113603,0,0,0,0,0,0,0,0,0,0
jul-05,0.00794839,0.00774238,0.0100258,0.0122661,0.0100258,0,0,0.00100815,0,0.000403754,0,0,0,0,0,0.00513827,0.00175397,0.000471437,0.00593977,2.64696E-05,0.000612264,0.000536145,0.00294515,0.00271488,0.00936512,0.00260119,0.00163513,0.00726236,0.0025765,0,0,0,0,0,0
ago-05,0.00783548,0.00774238,0.00977742,0.0122661,0.00977742,0,0,0,0,0,0,0,0,0,0,0,0,0,0,0,0,0,0,0,0,0,0,0,0,0,0,0,0,0,0
sept-05,0.00800333,0.00800046,0.0098,0.012675,0.0098,0,0,0.00204497,0,0.000950554,0,0,0,0,0,0.0136214,0.00463911,0.00123471,0.0140147,2.00276E-05,0.00136267,0.000865201,0.00662106,0.00527624,0.00224401,0.00649387,0.00445491,0.0141188,0.00670072,0,0,0,0,0,0
oct-05,0.0075871,0.00774238,0.0092129,0.0122661,0.0092129,0,0,0.00584509,0,0.00314999,0,0,0,0,0,0.0321567,0.011607,0.00341713,0.0386577,0.000309274,0.00317105,0.00351535,0.0217606,0.0170397,0.00366461,0.0204302,0.0141125,0.0516565,0.0237489,0,0,0,0,0,0
nov-05,0.00767667,0.00800046,0.00921667,0.012675,0.00921667,0,0,0.0123979,0,0.00614309,0,0,0,0,0,0.0605408,0.0247846,0.00731186,0.0748407,0.000663771,0.00486903,0.00760296,0.0436389,0.0353744,0.00532952,0.0384,0.0278453,0.107368,0.0485175,0,0,0,0,0,0
dic-05,0.00718065,0.00774238,0.00849032,0.0122661,0.00849032,0,0,0.014,0,0.00766855,0,0,0,0,0,0.078817,0.0322835,0.00939327,0.096777,0.000933858,0.00601579,0.00970308,0.0551382,0.0435552,0.00963657,0.0384,0.0357288,0.12259,0.06,0,0,0,0,0,0
ene-06,0.00684194,0.00774238,0.00799355,0.0122661,0.00799355,0,0,0.0131734,0,0.00701466,0,0,0,0,0,0.077264,0.0301157,0.00879097,0.0932404,0.000933858,0.00610983,0.0090526,0.05138,0.0398327,0.0138441,0.0384,0.0331015,0.121818,0.0565427,0,0,0,0,0,0
feb-06,0.007225,0.00857192,0.008175,0.0135804,0.008175,0,0,0.00341859,0,0.00300895,0,0,0,0,0,0.0421937,0.0109597,0.00328162,0.0524788,0.000516834,0.00438129,0.00381186,0.0242114,0.01866,0.0112701,0.0275403,0.0208852,0.0595442,0.0326774,0,0,0,0,0,0
mar-06,0.00609677,0.00774238,0.00681935,0.0122661,0.00681935,0,0,0.0021767,0,0.00211965,0,0,0,0,0,0.0446943,0.0117993,0.00332007,0.0456469,0.000557911,0.0042388,0.00316919,0.0198982,0.0117307,0.0219877,0.0187925,0.0121612,0.0359819,0.0165995,0,0,0,0,0,0
abr-06,0.0084,0.00800046,0.0107333,0.012675,0.0107333,0,0,0.00153398,0,0.00120827,0,0,0,0,0,0.0273466,0.00720861,0.00189108,0.027278,0.000308997,0.00267199,0.00185607,0.0119669,0.00735966,0.0234218,0.0112897,0.0071477,0.0217514,0.00945804,0,0,0,0,0,0
may-06,0.00808387,0.00774238,0.0103871,0.0122661,0.0103871,0,0,0.000910227,0,0.000619426,0,0,0,0,0,0.00934708,0.00190538,0.000567957,0.0107508,0.000132653,0.00135389,0.000899784,0.00525652,0.00388184,0.0190017,0.00381791,0.00325494,0.0109721,0.00448494,0,0,0,0,0,0
jun-06,0.00828333,0.00800046,0.01057,0.012675,0.01057,0,0,0,0,0,0,0,0,0,0,0,0,0,0,0,0,0,0,0,0.00995779,0,0,0,0,0,0,0,0,0,0
jul-06,0.00794839,0.00774238,0.0100258,0.0122661,0.0100258,0,0,0,0,0,0,0,0,0,0,0,0,0,0,0,0,0,0,0,0.00149299,0,0,0,0,0,0,0,0,0,0
ago-06,0.00783548,0.00774238,0.00977742,0.0122661,0.00977742,0,0,0.00187953,0,0.000848786,0,0,0,0,0,0.0118659,0.00407265,0.00116768,0.012777,0.00006299,0.00111572,0.00100302,0.00642299,0.00516521,0.00692204,0.00616327,0.00433217,0.014892,0.00682253,0,0,0,0,0,0
sept-06,0.00800333,0.00800046,0.0098,0.012675,0.0098,0,0,0.00401791,0,0.00204498,0,0,0,0,0,0.0242305,0.00845074,0.00237635,0.0273947,0.000180248,0.0023084,0.0022693,0.0147784,0.0116387,0.00617102,0.0147343,0.009818,0.0352769,0.0159708,0,0,0,0,0,0
oct-06,0.0075871,0.00774238,0.0092129,0.0122661,0.0092129,0,0,0.00436008,0,0.00232624,0,0,0,0,0,0.0237232,0.00873799,0.00255783,0.027148,0.00018191,0.00235752,0.00230752,0.0156207,0.0115666,0.000542905,0.0133417,0.00892243,0.0333747,0.0147779,0,0,0,0,0,0
nov-06,0.00767667,0.00800046,0.00921667,0.012675,0.00921667,0,0,0.0130555,0,0.0065079,0,0,0,0,0,0.0643297,0.0263375,0.00777697,0.0793007,0.000720993,0.00518427,0.008071,0.046358,0.0374952,0.00673203,0.0384,0.0303206,0.114169,0.052796,0,0,0,0,0,0
dic-06,0.00718065,0.00774238,0.00849032,0.0122661,0.00849032,0,0,0.014,0,0.00766855,0,0,0,0,0,0.078817,0.0322835,0.00939327,0.096777,0.000933858,0.00601579,0.00970308,0.0551382,0.0435552,0.00963657,0.0384,0.0357288,0.12259,0.06,0,0,0,0,0,0
ene-07,0.00684194,0.00774238,0.00799355,0.0122661,0.00799355,0,0,0.0129448,0,0.00701466,0,0,0,0,0,0.077264,0.0301157,0.00879097,0.0932404,0.000933858,0.00610983,0.0090526,0.05138,0.0398327,0.0138441,0.0355057,0.0331015,0.11335,0.0554776,0,0,0,0,0,0
feb-07,0.007225,0.00857192,0.008175,0.0135804,0.008175,0,0,0.00537588,0,0.00409469,0,0,0,0,0,0.0608678,0.0186737,0.00559208,0.0673454,0.000798855,0.00543209,0.00537197,0.032304,0.0214373,0.0181825,0.0311373,0.0208852,0.0676404,0.0326774,0,0,0,0,0,0
mar-07,0.00609677,0.00774238,0.00681935,0.0122661,0.00681935,0,0,0.0021767,0,0.00211965,0,0,0,0,0,0.0446943,0.0117993,0.00332007,0.0456469,0.000557911,0.0042388,0.00316919,0.0198982,0.0117307,0.0219877,0.0187925,0.0121612,0.0359819,0.0165995,0,0,0,0,0,0
abr-07,0.0084,0.00800046,0.0107333,0.012675,0.0107333,0,0,0.00153398,0,0.00120827,0,0,0,0,0,0.0273466,0.00720861,0.00189108,0.027278,0.000308997,0.00267199,0.00185607,0.0119669,0.00735966,0.0234218,0.0112897,0.0071477,0.0217514,0.00945804,0,0,0,0,0,0
may-07,0.00808387,0.00774238,0.0103871,0.0122661,0.0103871,0,0,0.000768797,0,0.000540973,0,0,0,0,0,0.00861373,0.00176876,0.000527038,0.00979161,0.000121578,0.00128609,0.000799131,0.00467177,0.00342575,0.0187302,0.0032272,0.0028557,0.00950953,0.00379486,0,0,0,0,0,0
jun-07,0.00828333,0.00800046,0.01057,0.012675,0.01057,0,0,0,0,0,0,0,0,0,0,0,0,0,0,0,0,0,0,0,0.00561002,0,0,0,0,0,0,0,0,0,0
jul-07,0.00794839,0.00774238,0.0100258,0.0122661,0.0100258,0,0,0.000866723,0,0.000325301,0,0,0,0,0,0.00440492,0.00148074,0.000389599,0.00450107,1.53945E-05,0.000510573,0.000385166,0.0023604,0.00225878,0.00909366,0.00201048,0.00123589,0.00579982,0.00188641,0,0,0,0,0,0
ago-07,0.00783548,0.00774238,0.00977742,0.0122661,0.00977742,0,0,0.000182371,0,0,0,0,0,0,0,0.00269909,0.000657212,0.000144701,0.000787828,0,0.000268294,0,0,0.000148187,0.00352888,0,0.000339793,0,0,0,0,0,0,0,0
sept-07,0.00800333,0.00800046,0.0098,0.012675,0.0098,0,0,0.00401791,0,0.00204498,0,0,0,0,0,0.0242305,0.00845074,0.00237635,0.0273947,0.000180248,0.0023084,0.0022693,0.0147784,0.0116387,0.00617102,0.0147343,0.009818,0.0352769,0.0159708,0,0,0,0,0,0
oct-07,0.0075871,0.00774238,0.0092129,0.0122661,0.0092129,0,0,0.0068351,0,0.00369917,0,0,0,0,0,0.0383901,0.0139295,0.00411276,0.0463308,0.000403413,0.0037134,0.00432057,0.0258539,0.0206884,0.00597196,0.0251559,0.0171068,0.0626255,0.0289245,0,0,0,0,0,0
nov-07,0.00767667,0.00800046,0.00921667,0.012675,0.00921667,0,0,0.0129824,0,0.00646737,0,0,0,0,0,0.0643297,0.0263375,0.00777697,0.0788052,0.000720993,0.00514924,0.00801899,0.0460559,0.0372596,0.00673203,0.0384,0.0301143,0.113413,0.0524394,0,0,0,0,0,0
dic-07,0.00718065,0.00774238,0.00849032,0.0122661,0.00849032,0,0,0.0118813,0,0.00766855,0,0,0,0,0,0.078817,0.0322835,0.00939327,0.096777,0.000933858,0.00601579,0.00970308,0.0551382,0.0401588,0.00963657,0.0325887,0.0357288,0.104038,0.0509198,0,0,0,0,0,0
ene-08,0.00684194,0.00774238,0.00799355,0.0122661,0.00799355,0,0,0.0108577,0,0.00701466,0,0,0,0,0,0.077264,0.0301157,0.00879097,0.0932404,0.000933858,0.00610983,0.0090526,0.05138,0.0366989,0.0138441,0.029781,0.0331015,0.0950743,0.0465328,0,0,0,0,0,0
feb-08,0.00697586,0.00827634,0.0078931,0.0131121,0.0078931,0,0,0.00481255,0,0.00374383,0,0,0,0,0,0.0548493,0.0164234,0.0049181,0.0619473,0.000712114,0.00502737,0.00486395,0.0296274,0.0199668,0.0161046,0.0273817,0.020165,0.0637446,0.0315506,0,0,0,0,0,0
mar-08,0.00609677,0.00774238,0.00681935,0.0122661,0.00681935,0,0,0.0021767,0,0.00211965,0,0,0,0,0,0.0446943,0.0117993,0.00332007,0.0456469,0.000557911,0.0042388,0.00316919,0.0198982,0.0117307,0.0219877,0.0187925,0.0121612,0.0359819,0.0165995,0,0,0,0,0,0
abr-08,0.0084,0.00800046,0.0107333,0.012675,0.0107333,0,0,0.00124169,0,0.00104614,0,0,0,0,0,0.0254522,0.00650275,0.00167967,0.0252957,0.000280386,0.00253189,0.00164806,0.0107584,0.00665272,0.0227206,0.0103741,0.00673515,0.0187288,0.00874495,0,0,0,0,0,0
may-08,0.00808387,0.00774238,0.0103871,0.0122661,0.0103871,0,0,0,0,0,0,0,0,0,0,0,0,0,0,0,6.58039E-05,0,0,0,0.0138441,0,0,0,0,0,0,0,0,0,0
jun-08,0.00828333,0.00800046,0.01057,0.012675,0.01057,0,0,0,0,0,0,0,0,0,0,0,0,0,0,0,0,0,0,0,0.0119213,0,0,0,0,0,0,0,0,0,0
jul-08,0.00794839,0.00774238,0.0100258,0.0122661,0.0100258,0,0,0,0,0,0,0,0,0,0,0,0,0,0,0,0,0,0,0,0.00665059,0,0,0,0,0,0,0,0,0,0
ago-08,0.00783548,0.00774238,0.00977742,0.0122661,0.00977742,0,0,0,0,0,0,0,0,0,0,0,0,0,0,0,0,0,0,0,0,0,0,0,0,0,0,0,0,0,0
sept-08,0.00800333,0.00800046,0.0098,0.012675,0.0098,0,0,0.00387177,0,0.00196391,0,0,0,0,0,0.0234727,0.0081684,0.00229178,0.0264036,0.000168804,0.00223834,0.0021653,0.0141741,0.0111674,0.00589052,0.0141239,0.00940545,0.0337656,0.0152577,0,0,0,0,0,0
oct-08,0.0075871,0.00774238,0.0092129,0.0122661,0.0092129,0,0,0.0068351,0,0.00369917,0,0,0,0,0,0.0383901,0.0139295,0.00411276,0.0463308,0.000403413,0.0037134,0.00432057,0.0258539,0.0206884,0.00597196,0.0251559,0.0171068,0.0626255,0.0289245,0,0,0,0,0,0
nov-08,0.00767667,0.00800046,0.00921667,0.012675,0.00921667,0,0,0.0130555,0,0.0065079,0,0,0,0,0,0.0643297,0.0263375,0.00777697,0.0793007,0.000720993,0.00518427,0.008071,0.046358,0.0374952,0.00673203,0.0384,0.0303206,0.114169,0.052796,0,0,0,0,0,0
dic-08,0.00718065,0.00774238,0.00849032,0.0122661,0.00849032,0,0,0.014,0,0.00766855,0,0,0,0,0,0.078817,0.0322835,0.00939327,0.096777,0.000933858,0.00601579,0.00970308,0.0551382,0.0435552,0.00963657,0.0384,0.0357288,0.12259,0.06,0,0,0,0,0,0
ene-09,0.00684194,0.00774238,0.00799355,0.0122661,0.00799355,0,0,0.0131734,0,0.00701466,0,0,0,0,0,0.077264,0.0301157,0.00879097,0.0932404,0.000933858,0.00610983,0.0090526,0.05138,0.0398327,0.0138441,0.0384,0.0331015,0.121818,0.0565427,0,0,0,0,0,0
feb-09,0.007225,0.00857192,0.008175,0.0135804,0.008175,0,0,0.00506272,0,0.00392097,0,0,0,0,0,0.0584321,0.0176149,0.00527496,0.0652216,0.00076207,0.00528198,0.0051491,0.0310092,0.0209323,0.0172809,0.0304833,0.0208852,0.0660212,0.0326774,0,0,0,0,0,0
mar-09,0.00609677,0.00774238,0.00681935,0.0122661,0.00681935,0,0,0.0021767,0,0.00211965,0,0,0,0,0,0.0446943,0.0117993,0.00332007,0.0456469,0.000557911,0.0042388,0.00316919,0.0198982,0.0117307,0.0219877,0.0187925,0.0121612,0.0359819,0.0165995,0,0,0,0,0,0
abr-09,0.0084,0.00800046,0.0107333,0.012675,0.0107333,0,0,0.00153398,0,0.00120827,0,0,0,0,0,0.0273466,0.00720861,0.00189108,0.027278,0.000308997,0.00267199,0.00185607,0.0119669,0.00735966,0.0234218,0.0112897,0.0071477,0.0217514,0.00945804,0,0,0,0,0,0
may-09,0.00808387,0.00774238,0.0103871,0.0122661,0.0103871,0,0,0.000910227,0,0.000619426,0,0,0,0,0,0.00898041,0.00176876,0.000527038,0.0102712,0.000127115,0.00131999,0.000849457,0.00525652,0.00388184,0.018866,0.00381791,0.00325494,0.0109721,0.00448494,0,0,0,0,0,0
jun-09,0.00828333,0.00800046,0.01057,0.012675,0.01057,0,0,0,0,0,0,0,0,0,0,0,0,0,0,0,0,0,0,0,0.00631127,0,0,0,0,0,0,0,0,0,0
jul-09,0.00794839,0.00774238,0.0100258,0.0122661,0.0100258,0,0,1.81443E-05,0,0,0,0,0,0,0,4.8391E-06,0,0,0,0,0.00010381,0,0,0,0.00746495,0,0,0,0,0,0,0,0,0,0
ago-09,0.00783548,0.00774238,0.00977742,0.0122661,0.00977742,0,0,0,0,0,0,0,0,0,0,0,0,0,0,0,0,0,0,0,0,0,0,0,0,0,0,0,0,0,0
sept-09,0.00800333,0.00800046,0.0098,0.012675,0.0098,0,0,0.00365255,0,0.00184231,0,0,0,0,0,0.022336,0.00788606,0.00220722,0.0249169,0.000151637,0.00213326,0.00200929,0.0132677,0.0104605,0.00546977,0.0132083,0.00878664,0.0314987,0.0141881,0,0,0,0,0,0
oct-09,0.0075871,0.00774238,0.0092129,0.0122661,0.0092129,0,0,0.0068351,0,0.00369917,0,0,0,0,0,0.0383901,0.0139295,0.00411276,0.0463308,0.000403413,0.0037134,0.00432057,0.0258539,0.0206884,0.00597196,0.0251559,0.0171068,0.0626255,0.0289245,0,0,0,0,0,0
nov-09,0.00767667,0.00800046,0.00921667,0.012675,0.00921667,0,0,0.0130555,0,0.0065079,0,0,0,0,0,0.0643297,0.0263375,0.00777697,0.0793007,0.000720993,0.00518427,0.008071,0.046358,0.0374952,0.00673203,0.0384,0.0303206,0.114169,0.052796,0,0,0,0,0,0
dic-09,0.00718065,0.00774238,0.00849032,0.0122661,0.00849032,0,0,0.014,0,0.00766855,0,0,0,0,0,0.078817,0.0322835,0.00939327,0.096777,0.000933858,0.00601579,0.00970308,0.0551382,0.0435552,0.00963657,0.0384,0.0357288,0.12259,0.06,0,0,0,0,0,0
ene-10,0.00684194,0.00774238,0.00799355,0.0122661,0.00799355,0,0,0.0123536,0,0.00701466,0,0,0,0,0,0.077264,0.0301157,0.00879097,0.0932404,0.000933858,0.00610983,0.0090526,0.05138,0.0398327,0.0138441,0.0338841,0.0331015,0.108173,0.052944,0,0,0,0,0,0
feb-10,0.007225,0.00857192,0.008175,0.0135804,0.008175,0,0,0.00545417,0,0.00413812,0,0,0,0,0,0.0616797,0.0189762,0.00568269,0.0678764,0.000811117,0.00546962,0.00542769,0.0326277,0.0214373,0.018483,0.0311373,0.0208852,0.0676404,0.0326774,0,0,0,0,0,0
mar-10,0.00609677,0.00774238,0.00681935,0.0122661,0.00681935,0,0,0.0021767,0,0.00211965,0,0,0,0,0,0.0446943,0.0117993,0.00332007,0.0456469,0.000557911,0.0042388,0.00316919,0.0198982,0.0117307,0.0219877,0.0187925,0.0121612,0.0359819,0.0165995,0,0,0,0,0,0
abr-10,0.0084,0.00800046,0.0107333,0.012675,0.0107333,0,0,0.00153398,0,0.00120827,0,0,0,0,0,0.0273466,0.00720861,0.00189108,0.027278,0.000308997,0.00267199,0.00185607,0.0119669,0.00735966,0.0234218,0.0112897,0.0071477,0.0217514,0.00945804,0,0,0,0,0,0
may-10,0.00808387,0.00774238,0.0103871,0.0122661,0.0103871,0,0,0,0,0,0,0,0,0,0,0,0,0,0,0,6.58039E-05,0,0,0,0.0138441,0,0,0,0,0,0,0,0,0,0
jun-10,0.00828333,0.00800046,0.01057,0.012675,0.01057,0,0,0,0,0,0,0,0,0,0,0,0,0,0,0,0,0,0,0,0.0113603,0,0,0,0,0,0,0,0,0,0
jul-10,0.00794839,0.00774238,0.0100258,0.0122661,0.0100258,0,0,0.000301004,0,1.14877E-05,0,0,0,0,0,0.00183821,0.000661033,0.000144085,0.00114409,0,0.000273294,3.28814E-05,2.13919E-05,0.000206365,0.00814358,0,0,0,0,0,0,0,0,0,0
ago-10,0.00783548,0.00774238,0.00977742,0.0122661,0.00977742,0,0,0.0017381,0,0.000770333,0,0,0,0,0,0.0111326,0.0036628,0.00104492,0.0113383,5.19148E-05,0.00101403,0.000852041,0.00583824,0.00493716,0.00665059,0.00586792,0.00413255,0.0134295,0.00647749,0,0,0,0,0,0
sept-10,0.00800333,0.00800046,0.0098,0.012675,0.0098,0,0,0.00270262,0,0.00131536,0,0,0,0,0,0.0174103,0.00605082,0.00165754,0.0184747,7.72492E-05,0.00167791,0.00133324,0.00934016,0.00739707,0.00364651,0.00924067,0.00610509,0.0209196,0.00955306,0,0,0,0,0,0
oct-10,0.0075871,0.00774238,0.0092129,0.0122661,0.0092129,0,0,0.00626938,0,0.00338535,0,0,0,0,0,0.03509,0.0126999,0.00374449,0.0420147,0.000353575,0.00340833,0.00386764,0.0235149,0.018636,0.00475042,0.0224977,0.0151106,0.0560441,0.0254741,0,0,0,0,0,0
nov-10,0.00767667,0.00800046,0.00921667,0.012675,0.00921667,0,0,0.0104764,0,0.00602149,0,0,0,0,0,0.0594041,0.0240788,0.00710044,0.0733541,0.000646605,0.00476394,0.00744695,0.0427326,0.0346674,0.00490877,0.0287352,0.0272265,0.0917356,0.0448987,0,0,0,0,0,0
dic-10,0.00718065,0.00774238,0.00849032,0.0122661,0.00849032,0,0,0.00825838,0,0.00766855,0,0,0,0,0,0.0640704,0.0318819,0.00818674,0.096777,0.000933858,0.00601579,0.00970308,0.0466008,0.0279133,0.00963657,0.0226515,0.0290612,0.0723139,0.035393,0,0,0,0,0,0
ene-11,0.00684194,0.00774238,0.00799355,0.0122661,0.00799355,0,0,0.00676766,0,0.00701466,0,0,0,0,0,0.0465581,0.0261269,0.00670896,0.0932404,0.000933858,0.00610983,0.0090526,0.0381889,0.0228747,0.0138441,0.0185627,0.0238154,0.0592605,0.0290043,0,0,0,0,0,0
feb-11,0.007225,0.00857192,0.008175,0.0135804,0.008175,0,0,0.00381005,0,0.0032261,0,0,0,0,0,0.0450765,0.0126235,0.00377995,0.0556645,0.000578143,0.00460646,0.00414617,0.0258299,0.019165,0.0127728,0.0177782,0.0208852,0.0567559,0.0277784,0,0,0,0,0,0
mar-11,0.00609677,0.00774238,0.00681935,0.0122661,0.00681935,0,0,0.0021767,0,0.00211965,0,0,0,0,0,0.0334471,0.0117993,0.00332007,0.0456469,0.000557911,0.0042388,0.00316919,0.0198982,0.0117307,0.0219877,0.0170361,0.0121612,0.0359819,0.0165995,0,0,0,0,0,0
abr-11,0.0084,0.00800046,0.0107333,0.012675,0.0107333,0,0,0.00153398,0,0.00120827,0,0,0,0,0,0.0273466,0.00720861,0.00189108,0.027278,0.000308997,0.00267199,0.00185607,0.0119669,0.00735966,0.0234218,0.0112897,0.0071477,0.0217514,0.00945804,0,0,0,0,0,0
may-11,0.00808387,0.00774238,0.0103871,0.0122661,0.0103871,0,0,0.000980941,0,0.000658653,0,0,0,0,0,0.00971375,0.002042,0.000608876,0.0112303,0.00013819,0.00138779,0.00095011,0.0055489,0.00410989,0.0191374,0.00411326,0.00345455,0.0117033,0.00482999,0,0,0,0,0,0
jun-11,0.00828333,0.00800046,0.01057,0.012675,0.01057,0,0,0,0,0,0,0,0,0,0,0,0,0,0,0,0,0,0,0,0.000981754,0,0,0,0,0,0,0,0,0,0
jul-11,0.00794839,0.00774238,0.0100258,0.0122661,0.0100258,0,0,0,0,0,0,0,0,0,0,0,0,0,0,0,0,0,0,0,0.00570051,0,0,0,0,0,0,0,0,0,0
ago-11,0.00783548,0.00774238,0.00977742,0.0122661,0.00977742,0,0,4.09415E-05,0,0,0,0,0,0,0,0.00233241,0.000520594,0.000103782,0.000308259,0,0.000234398,0,0,0,0.00339316,0,0.000140174,0,0,0,0,0,0,0,0
sept-11,0.00800333,0.00800046,0.0098,0.012675,0.0098,0,0,0.00394484,0,0.00200444,0,0,0,0,0,0.0238516,0.00830957,0.00233407,0.0268991,0.000174526,0.00227337,0.0022173,0.0144762,0.0114031,0.00603077,0.0144291,0.00961173,0.0345212,0.0156143,0,0,0,0,0,0
oct-11,0.0075871,0.00774238,0.0092129,0.0122661,0.0092129,0,0,0.0068351,0,0.00369917,0,0,0,0,0,0.0383901,0.0137928,0.00407184,0.0463308,0.000403413,0.0037134,0.00432057,0.0258539,0.0206884,0.00597196,0.0251559,0.0171068,0.0626255,0.0289245,0,0,0,0,0,0
nov-11,0.00767667,0.00800046,0.00921667,0.012675,0.00921667,0,0,0.0100639,0,0.0065079,0,0,0,0,0,0.0643297,0.0263375,0.00777697,0.0793007,0.000720993,0.00518427,0.008071,0.046358,0.0340161,0.00673203,0.0276039,0.0303206,0.0881241,0.0431311,0,0,0,0,0,0
dic-11,0.00718065,0.00774238,0.00849032,0.0122661,0.00849032,0,0,0.00623963,0,0.00766855,0,0,0,0,0,0.0460528,0.0240884,0.0061855,0.0961305,0.000933858,0.00601579,0.00970308,0.0352093,0.0210899,0.00963657,0.0171144,0.0219572,0.0546368,0.0267413,0,0,0,0,0,0
ene-12,0.00684194,0.00774238,0.00799355,0.0122661,0.00799355,0,0,0.00761558,0,0.00701466,0,0,0,0,0,0.0541259,0.0294004,0.00754952,0.0932404,0.000933858,0.00610983,0.0090526,0.0429736,0.0257407,0.0138441,0.0208884,0.0267992,0.0666853,0.0326382,0,0,0,0,0,0
feb-12,0.00697586,0.00827634,0.0078931,0.0131121,0.0078931,0,0,0.0052661,0,0.00399543,0,0,0,0,0,0.0415929,0.0183219,0.00548674,0.0655358,0.000783148,0.00528101,0.00524053,0.0315026,0.0206981,0.0178457,0.0182666,0.020165,0.0583151,0.0285415,0,0,0,0,0,0
mar-12,0.00609677,0.00774238,0.00681935,0.0122661,0.00681935,0,0,0.0021767,0,0.00211965,0,0,0,0,0,0.0322111,0.0117993,0.00332007,0.0456469,0.000557911,0.0042388,0.00316919,0.0198982,0.0117307,0.0219877,0.0166563,0.0121612,0.0359819,0.0165995,0,0,0,0,0,0
abr-12,0.0084,0.00800046,0.0107333,0.012675,0.0107333,0,0,0.000949405,0,0.000884001,0,0,0,0,0,0.0227999,0.00537338,0.00134141,0.0223224,0.000240331,0.00232172,0.00133603,0.00954989,0.00594578,0.0217388,0.00945852,0.0063226,0.0157062,0.00803187,0,0,0,0,0,0
may-12,0.00808387,0.00774238,0.0103871,0.0122661,0.0103871,0,0,0.000485937,0,0.000384066,0,0,0,0,0,0.00714704,0.00108568,0.000322443,0.00787334,9.94273E-05,0.00115051,0.000597826,0.00350227,0.00274161,0.0181873,0.00234113,0.00225684,0.00731572,0.00275974,0,0,0,0,0,0
jun-12,0.00828333,0.00800046,0.01057,0.012675,0.01057,0,0,0,0,0,0,0,0,0,0,0,0,0,0,0,0.00018647,0,0,0,0.0152873,0,0,0,0,0,0,0,0,0,0
jul-12,0.00794839,0.00774238,0.0100258,0.0122661,0.0100258,0,0,0.00150316,0,0.00067834,0,0,0,0,0,0.00733831,0.00257368,0.000716952,0.00881718,5.96951E-05,0.000815646,0.000838102,0.00499179,0.0043112,0.0101795,0.00466868,0.00323208,0.0123812,0.00533682,0,0,0,0,0,0
ago-12,0.00783548,0.00774238,0.00977742,0.0122661,0.00977742,0,0,0,0,0,0,0,0,0,0,0,0,0,0,0,0,0,0,0,0.00122154,0,0,0,0,0,0,0,0,0,0
sept-12,0.00800333,0.00800046,0.0098,0.012675,0.0098,0,0,0.00401791,0,0.00204498,0,0,0,0,0,0.0242305,0.00845074,0.00237635,0.0273947,0.000180248,0.0023084,0.0022693,0.0147784,0.0116387,0.00617102,0.0147343,0.00961173,0.0345212,0.0156143,0,0,0,0,0,0
oct-12,0.0075871,0.00774238,0.0092129,0.0122661,0.0092129,0,0,0.00598652,0,0.00322845,0,0,0,0,0,0.0336234,0.01229,0.00362173,0.0396168,0.000331424,0.00323884,0.003616,0.0223454,0.0172677,0.00420752,0.0170648,0.0139129,0.0516565,0.0234039,0,0,0,0,0,0
nov-12,0.00767667,0.00800046,0.00921667,0.012675,0.00921667,0,0,0.00594696,0,0.0065079,0,0,0,0,0,0.0463453,0.0229586,0.00589538,0.0793007,0.000720993,0.00518427,0.008071,0.0335579,0.0201007,0.00673203,0.0163117,0.0209274,0.0520742,0.025487,0,0,0,0,0,0
dic-12,0.00718065,0.00774238,0.00849032,0.0122661,0.00849032,0,0,0.00596678,0,0.00766855,0,0,0,0,0,0.0436176,0.0230351,0.00591502,0.0919269,0.000933858,0.00601579,0.00970308,0.0336697,0.0201677,0.00963657,0.016366,0.0209971,0.0522477,0.0255719,0,0,0,0,0,0
ene-13,0.00684194,0.00774238,0.00799355,0.0122661,0.00799355,0,0,0.00546704,0,0.00701466,0,0,0,0,0,0.0349499,0.0211058,0.00541962,0.0842278,0.000933858,0.00610983,0.0090526,0.0308497,0.0184786,0.0138441,0.0149953,0.0192385,0.0478718,0.0234302,0,0,0,0,0,0
feb-13,0.007225,0.00857192,0.008175,0.0135804,0.008175,0,0,0.00521351,0,0.00413812,0,0,0,0,0,0.0280482,0.0189762,0.00516829,0.0678764,0.000811117,0.00546962,0.00542769,0.0294191,0.0176217,0.018483,0.0142999,0.0183464,0.0456518,0.0223436,0,0,0,0,0,0
mar-13,0.00609677,0.00774238,0.00681935,0.0122661,0.00681935,0,0,0.0021767,0,0.00211965,0,0,0,0,0,0.0242993,0.0117993,0.00332007,0.0456469,0.000557911,0.0042388,0.00316919,0.0198982,0.0117307,0.0219877,0.0142249,0.0121612,0.0359819,0.0165995,0,0,0,0,0,0
abr-13,0.0084,0.00800046,0.0107333,0.012675,0.0107333,0,0,0.00153398,0,0.00120827,0,0,0,0,0,0.0221428,0.00720861,0.00189108,0.027278,0.000308997,0.00267199,0.00185607,0.0119669,0.00735966,0.0234218,0.0112897,0.0071477,0.0217514,0.00945804,0,0,0,0,0,0
may-13,0.00808387,0.00774238,0.0103871,0.0122661,0.0103871,0,0,0,0,0,0,0,0,0,0,0,0,0,0,0,0,0,0,0,0.0111296,0,0,0,0,0,0,0,0,0,0
jun-13,0.00828333,0.00800046,0.01057,0.012675,0.01057,0,0,0,0,0,0,0,0,0,0,0,0,0,0,0,0.000256524,0,0,0,0.0154276,0,0,0,0,0,0,0,0,0,0
jul-13,0.00794839,0.00774238,0.0100258,0.0122661,0.0100258,0,0,0.00129101,0,0.000560661,0,0,0,0,0,0.00623829,0.00216383,0.000594195,0.00737848,4.30824E-05,0.000713955,0.000687123,0.00411466,0.00339902,0.0097723,0.00348726,0.00243361,0.0101874,0.00395666,0,0,0,0,0,0
ago-13,0.00783548,0.00774238,0.00977742,0.0122661,0.00977742,0,0,0.00145524,0,0.000613426,0,0,0,0,0,0.00966589,0.00325295,0.000922164,0.00942006,2.97645E-05,0.00087844,0.000650736,0.00466873,0.00402498,0.00610769,0.0046865,0.00313446,0.0105044,0.00475229,0,0,0,0,0,0
sept-13,0.00800333,0.00800046,0.0098,0.012675,0.0098,0,0,0.00387177,0,0.00196391,0,0,0,0,0,0.0230938,0.0081684,0.00229178,0.0264036,0.000163082,0.00223834,0.0021653,0.0141741,0.0111674,0.00575027,0.0141239,0.00940545,0.0337656,0.0152577,0,0,0,0,0,0
oct-13,0.0075871,0.00774238,0.0092129,0.0122661,0.0092129,0,0,0.0068351,0,0.00369917,0,0,0,0,0,0.0383901,0.0139295,0.00411276,0.0463308,0.000403413,0.0037134,0.00432057,0.0258539,0.0206884,0.00597196,0.0188602,0.0171068,0.0602101,0.0289245,0,0,0,0,0,0
nov-13,0.00767667,0.00800046,0.00921667,0.012675,0.00921667,0,0,0.00809219,0,0.00642683,0,0,0,0,0,0.0635719,0.025914,0.00765012,0.0783096,0.000709549,0.00511421,0.00796699,0.0456631,0.0273516,0.00645153,0.0221957,0.0284764,0.0708587,0.0346808,0,0,0,0,0,0
dic-13,0.00718065,0.00774238,0.00849032,0.0122661,0.00849032,0,0,0.00585703,0,0.00766855,0,0,0,0,0,0.0426382,0.0226114,0.00580623,0.0902361,0.000933858,0.00601579,0.00970308,0.0330504,0.0197968,0.00963657,0.016065,0.0206109,0.0512867,0.0251016,0,0,0,0,0,0
ene-14,0.00684194,0.00774238,0.00799355,0.0122661,0.00799355,0,0,0.00561533,0,0.00701466,0,0,0,0,0,0.0362734,0.0216783,0.00556662,0.0865124,0.000933858,0.00610983,0.0090526,0.0316865,0.0189798,0.0138441,0.015402,0.0197603,0.0491702,0.0240657,0,0,0,0,0,0
feb-14,0.007225,0.00857192,0.008175,0.0135804,0.008175,0,0,0.00545417,0,0.00413812,0,0,0,0,0,0.0330342,0.0189762,0.00568269,0.0678764,0.000811117,0.00546962,0.00542769,0.0325714,0.0195099,0.018483,0.0158322,0.0203122,0.0505435,0.0247378,0,0,0,0,0,0
mar-14,0.00609677,0.00774238,0.00681935,0.0122661,0.00681935,0,0,0.0021767,0,0.00211965,0,0,0,0,0,0.0264682,0.0117993,0.00332007,0.0456469,0.000557911,0.0042388,0.00316919,0.0198982,0.0117307,0.0219877,0.0148914,0.0121612,0.0359819,0.0165995,0,0,0,0,0,0
abr-14,0.0084,0.00800046,0.0107333,0.012675,0.0107333,0,0,0.00153398,0,0.00120827,0,0,0,0,0,0.0239622,0.00720861,0.00189108,0.027278,0.000308997,0.00267199,0.00185607,0.0119669,0.00735966,0.0234218,0.0112897,0.0071477,0.0217514,0.00945804,0,0,0,0,0,0
may-14,0.00808387,0.00774238,0.0103871,0.0122661,0.0103871,0,0,0.000627367,0,0.00046252,0,0,0,0,0,0.00788039,0.00135891,0.000404281,0.00883248,0.000110502,0.0012183,0.000698478,0.00408702,0.00296965,0.0184588,0.00263649,0.00265608,0.00804699,0.00344982,0,0,0,0,0,0
jun-14,0.00828333,0.00800046,0.01057,0.012675,0.01057,0,0,0,0,0,0,0,0,0,0,0,0,0,0,0,0,0,0,0,0.00645153,0,0,0,0,0,0,0,0,0,0
jul-14,0.00794839,0.00774238,0.0100258,0.0122661,0.0100258,0,0,0.00136173,0,0.000599887,0,0,0,0,0,0.00660497,0.00243706,0.000676033,0.00785804,0.00004862,0.000747852,0.00073745,0.00440704,0.00385511,0.00990802,0.00407797,0.00263323,0.0109187,0.0043017,0,0,0,0,0,0
ago-14,0.00783548,0.00774238,0.00977742,0.0122661,0.00977742,0,0,0.00159667,0,0.000691879,0,0,0,0,0,0.0107659,0.0036628,0.00104492,0.0108588,4.63772E-05,0.000980131,0.000801715,0.00525348,0.00448107,0.00651486,0.00527721,0.00373331,0.0119669,0.00578741,0,0,0,0,0,0
sept-14,0.00800333,0.00800046,0.0098,0.012675,0.0098,0,0,0.00306798,0,0.00151803,0,0,0,0,0,0.0193048,0.00661551,0.00182667,0.0209525,0.00010586,0.00185305,0.00159325,0.0108508,0.00857531,0.00434777,0.0107667,0.00713645,0.0246979,0.0113358,0,0,0,0,0,0
oct-14,0.0075871,0.00774238,0.0092129,0.0122661,0.0092129,0,0,0.00530765,0,0.00369917,0,0,0,0,0,0.0383901,0.0139295,0.00411276,0.0463308,0.000403413,0.0037134,0.00432057,0.0258539,0.0179399,0.00597196,0.0145581,0.0171068,0.0464761,0.0227471,0,0,0,0,0,0
nov-14,0.00767667,0.00800046,0.00921667,0.012675,0.00921667,0,0,0.00459826,0,0.0065079,0,0,0,0,0,0.034308,0.0177519,0.00455838,0.070843,0.000720993,0.00518427,0.008071,0.0259473,0.0155421,0.00673203,0.0126124,0.0161813,0.0402644,0.0197068,0,0,0,0,0,0
dic-14,0.00718065,0.00774238,0.00849032,0.0122661,0.00849032,0,0,0.00388553,0,0.00766855,0,0,0,0,0,0.0250422,0.0150003,0.00385182,0.0598622,0.000933858,0.00542888,0.00717658,0.0219255,0.0131331,0.00963657,0.0106574,0.0136732,0.0340233,0.0166523,0,0,0,0,0,0
ene-15,0.00684194,0.00774238,0.00799355,0.0122661,0.00799355,0,0,0.00378362,0,0.00701466,0,0,0,0,0,0.0199252,0.0146069,0.0037508,0.0582922,0.000933858,0.0052865,0.00698836,0.0213504,0.0127886,0.0138441,0.0103779,0.0133146,0.033131,0.0162155,0,0,0,0,0,0
feb-15,0.007225,0.00857192,0.008175,0.0135804,0.008175,0,0,0.00381621,0,0.00370383,0,0,0,0,0,0.0184323,0.0147327,0.00378311,0.0587943,0.00069463,0.0050568,0.00481479,0.0215343,0.0128988,0.0156279,0.0104673,0.0134293,0.0334164,0.0163552,0,0,0,0,0,0
mar-15,0.00609677,0.00774238,0.00681935,0.0122661,0.00681935,0,0,0.00196455,0,0.00200197,0,0,0,0,0,0.0144808,0.0107064,0.00299271,0.0442082,0.000519148,0.00413711,0.00301821,0.019021,0.0110465,0.0210376,0.0109155,0.0121612,0.0345194,0.0165995,0,0,0,0,0,0
abr-15,0.0084,0.00800046,0.0107333,0.012675,0.0107333,0,0,0.00153398,0,0.00120827,0,0,0,0,0,0.0100512,0.00720861,0.00189108,0.027278,0.000308997,0.00267199,0.00185607,0.0119669,0.00735966,0.0234218,0.0102869,0.0071477,0.0217514,0.00945804,0,0,0,0,0,0
may-15,0.00808387,0.00774238,0.0103871,0.0122661,0.0103871,0,0,0.000910227,0,0.000619426,0,0,0,0,0,0.00934708,0.00190538,0.000567957,0.0107508,0.000132653,0.00135389,0.000899784,0.00525652,0.00388184,0.0190017,0.00381791,0.00325494,0.0109721,0.00448494,0,0,0,0,0,0
jun-15,0.00828333,0.00800046,0.01057,0.012675,0.01057,0,0,0.000737186,0,0.000444416,0,0,0,0,0,0.0067,0.00157221,0.000432139,0.00717034,6.17994E-05,0.00085198,0.000530439,0.00349081,0.00266395,0.0180923,0.00288693,0.00228861,0.00756349,0.00327892,0,0,0,0,0,0
jul-15,0.00794839,0.00774238,0.0100258,0.0122661,0.0100258,0,0,0,0,0,0,0,0,0,0,0,0,0,0,0,0,0,0,0,0.00583623,0,0,0,0,0,0,0,0,0,0
ago-15,0.00783548,0.00774238,0.00977742,0.0122661,0.00977742,0,0,0,0,0,0,0,0,0,0,0,0,0,0,0,0,0,0,0,0,0,0,0,0,0,0,0,0,0,0
sept-15,0.00800333,0.00800046,0.0098,0.012675,0.0098,0,0,0.00299491,0,0.0014775,0,0,0,0,0,0.0189259,0.00675668,0.00186895,0.0204569,0.000100138,0.00181802,0.00154125,0.0105486,0.00833966,0.00420752,0.0104615,0.00693018,0.0239422,0.0109792,0,0,0,0,0,0
oct-15,0.0075871,0.00774238,0.0092129,0.0122661,0.0092129,0,0,0.00428937,0,0.00228701,0,0,0,0,0,0.0233565,0.00832814,0.00243508,0.0266685,0.000176372,0.00232362,0.00225719,0.0153284,0.0113385,0.000407179,0.0130464,0.00912205,0.0333747,0.0151229,0,0,0,0,0,0
nov-15,0.00767667,0.00800046,0.00921667,0.012675,0.00921667,0,0,0.0130555,0,0.0065079,0,0,0,0,0,0.0643297,0.0263375,0.00777697,0.0793007,0.000720993,0.00518427,0.008071,0.046358,0.0374952,0.00673203,0.0384,0.0303206,0.114169,0.052796,0,0,0,0,0,0
dic-15,0.00718065,0.00774238,0.00849032,0.0122661,0.00849032,0,0,0.014,0,0.00766855,0,0,0,0,0,0.078817,0.0322835,0.00939327,0.096777,0.000933858,0.00601579,0.00970308,0.0551382,0.0435552,0.00963657,0.0384,0.0357288,0.12259,0.06,0,0,0,0,0,0
ene-16,0.00684194,0.00774238,0.00799355,0.0122661,0.00799355,0,0,0.0126784,0,0.00674007,0,0,0,0,0,0.0746973,0.0291594,0.00850453,0.0898835,0.000895095,0.00587255,0.00870032,0.0493334,0.0380084,0.012894,0.0384,0.0315046,0.115968,0.0537824,0,0,0,0,0,0
feb-16,0.00697586,0.00827634,0.0078931,0.0131121,0.0078931,0,0,0.00519051,0,0.00395349,0,0,0,0,0,0.0591609,0.0181758,0.00544299,0.0650231,0.000777228,0.00524478,0.00518673,0.0311901,0.0206981,0.0177006,0.0300636,0.020165,0.065308,0.0315506,0,0,0,0,0,0
mar-16,0.00609677,0.00774238,0.00681935,0.0122661,0.00681935,0,0,0.00210598,0,0.00208042,0,0,0,0,0,0.0443276,0.0116627,0.00327915,0.0451674,0.000552374,0.0042049,0.00311886,0.0196058,0.0117307,0.0218519,0.0187925,0.0121612,0.0359819,0.0165995,0,0,0,0,0,0
abr-16,0.0084,0.00800046,0.0107333,0.012675,0.0107333,0,0,1.17326E-05,0,0.000138493,0,0,0,0,0,0.0117844,0.00211896,0.000345722,0.0117334,8.70838E-05,0.00137577,0.000397383,0.0020551,0.00156627,0.0194948,0.00274632,0.00134049,0.0018096,0.00122455,0,0,0,0,0,0
may-16,0.00808387,0.00774238,0.0103871,0.0122661,0.0103871,0,0,0,0,0,0,0,0,0,0,0,0,0,0,0,4.94342E-05,0,0,0,0.0137084,0,0,0,0,0,0,0,0,0,0
jun-16,0.00828333,0.00800046,0.01057,0.012675,0.01057,0,0,0,0,0,0,0,0,0,0,0,0,0,0,0,0,0,0,0,0.00645153,0,0,0,0,0,0,0,0,0,0
jul-16,0.00794839,0.00774238,0.0100258,0.0122661,0.0100258,0,0,0,0,0,0,0,0,0,0,0,0,0,0,0,0,0,0,0,0.00447897,0,0,0,0,0,0,0,0,0,0
ago-16,0.00783548,0.00774238,0.00977742,0.0122661,0.00977742,0,0,0.00018563,0,0.000342702,0,0,0,0,0,0.0101616,0.00305174,0.000651915,0.0119392,5.95595E-05,0.000990954,0.00085295,0.00269893,0.00267539,0.00787213,0.00324703,0.00140515,0.00525547,0.00177632,0,0,0,0,0,0
sept-16,0.00800333,0.00800046,0.0098,0.012675,0.0098,0,0,0.000317855,0,0.000633612,0,0,0,0,0,0.0165264,0.00509526,0.00105721,0.0201372,9.88066E-05,0.00168152,0.00141527,0.00477794,0.00466943,0.00589052,0.00590413,0.00253382,0.00941022,0.00324483,0,0,0,0,0,0
oct-16,0.0075871,0.00774238,0.0092129,0.0122661,0.0092129,0,0,0.000459572,0,0.000970925,0,0,0,0,0,0.0226406,0.00724016,0.00157635,0.0287515,0.000181028,0.00233127,0.00223189,0.00698919,0.00669741,0.00366461,0.00799714,0.00350982,0.0132838,0.00464849,0,0,0,0,0,0
nov-16,0.00767667,0.00800046,0.00921667,0.012675,0.00921667,0,0,0.00102251,0,0.00199311,0,0,0,0,0,0.0436921,0.0158123,0.00345103,0.0585906,0.000401925,0.00376304,0.00510535,0.0148021,0.0148714,0.00589052,0.0185643,0.00766677,0.0300916,0.0105271,0,0,0,0,0,0
dic-16,0.00718065,0.00774238,0.00849032,0.0122661,0.00849032,0,0,0.00117763,0,0.00234966,0,0,0,0,0,0.0539438,0.0196264,0.00421992,0.0716144,0.00052717,0.00436648,0.0061447,0.0176196,0.0178354,0.00882221,0.0230695,0.00941875,0.0365897,0.0128815,0,0,0,0,0,0
ene-17,0.00684194,0.00774238,0.00799355,0.0122661,0.00799355,0,0,0.00133005,0,0.00349689,0,0,0,0,0,0.0469736,0.0147003,0.00382627,0.0678912,0.000906796,0.00575101,0.00619439,0.020788,0.0131259,0.0138441,0.0186514,0.0074786,0.0258367,0.00950372,0,0,0,0,0,0
feb-17,0.007225,0.00857192,0.008175,0.0135804,0.008175,0,0,0.00112126,0,0.00288411,0,0,0,0,0,0.0388658,0.0121884,0.00315253,0.0550529,0.000709199,0.00457872,0.00486199,0.0173002,0.0106457,0.0165295,0.0155218,0.00642508,0.0205024,0.00805764,0,0,0,0,0,0
mar-17,0.00609677,0.00774238,0.00681935,0.0122661,0.00681935,0,0,0.000943909,0,0.00246751,0,0,0,0,0,0.0316391,0.00990918,0.00246458,0.0413382,0.000518454,0.00380252,0.00318693,0.0143325,0.00717064,0.0218519,0.0123526,0.00425585,0.0123113,0.00506197,0,0,0,0,0,0
abr-17,0.0084,0.00800046,0.0107333,0.012675,0.0107333,0,0,0.000592275,0,0.00153285,0,0,0,0,0,0.0178356,0.00557709,0.00131576,0.0221825,0.000273012,0.00231706,0.001522,0.00860571,0.00381071,0.0225803,0.00710635,0.00224993,0.00555596,0.00265428,0,0,0,0,0,0
may-17,0.00808387,0.00774238,0.0103871,0.0122661,0.0103871,0,0,0,0,0,0,0,0,0,0,0,0,0,0,0,0,0,0,0,0.00366461,0,0,0,0,0,0,0,0,0,0
jun-17,0.00828333,0.00800046,0.01057,0.012675,0.01057,0,0,0,0,0,0,0,0,0,0,0,0,0,0,0,0,0,0,0,0.0119213,0,0,0,0,0,0,0,0,0,0
jul-17,0.00794839,0.00774238,0.0100258,0.0122661,0.0100258,0,0,0.000107939,0,0.000288439,0,0,0,0,0,0.00227121,0.000554198,9.12167E-05,0.00249168,4.72673E-05,0.000525057,0.000177147,0.00106001,0.000277289,0.00882221,0.000136422,0,0,0,0,0,0,0,0,0
ago-17,0.00783548,0.00774238,0.00977742,0.0122661,0.00977742,0,0,9.61299E-05,0,0.000219495,0,0,0,0,0,0.00258958,0.000769962,0.000188541,0.00190051,1.75915E-05,0.000430795,0,0.000786893,0,0.00380034,8.49245E-05,5.18945E-05,0,0,0,0,0,0,0,0
sept-17,0.00800333,0.00800046,0.0098,0.012675,0.0098,0,0,0.000458585,0,0.00117872,0,0,0,0,0,0.0119627,0.00349288,0.000843588,0.016439,0.000242902,0.00193825,0.00137811,0.00605332,0.00308845,0.00434777,0.0043165,0.00152526,0.00454268,0.00191978,0,0,0,0,0,0
oct-17,0.0075871,0.00774238,0.0092129,0.0122661,0.0092129,0,0,0.00081466,0,0.00213514,0,0,0,0,0,0.0218349,0.00614471,0.00159901,0.0327846,0.000501281,0.00347505,0.00320836,0.0111654,0.00707771,0.00529333,0.00833944,0.00350697,0.0126172,0.00456997,0,0,0,0,0,0
nov-17,0.00767667,0.00800046,0.00921667,0.012675,0.00921667,0,0,0.00114646,0,0.00300754,0,0,0,0,0,0.0371314,0.0110736,0.00296838,0.0547838,0.000758971,0.00502778,0.0051865,0.0171168,0.0111303,0.00659178,0.0143955,0.00613434,0.0214831,0.00782946,0,0,0,0,0,0
dic-17,0.00718065,0.00774238,0.00849032,0.0122661,0.00849032,0,0,0.00133005,0,0.00343956,0,0,0,0,0,0.0465988,0.0145689,0.00380407,0.0682938,0.000914737,0.00573757,0.00632127,0.0206744,0.0133881,0.00963657,0.0184146,0.00758733,0.0268583,0.00968754,0,0,0,0,0,0
ene-18,0.00684194,0.00774238,0.00799355,0.0122661,0.00799355,0,0,0.00132253,0,0.00347679,0,0,0,0,0,0.0467465,0.0146323,0.00380885,0.0675482,0.000902076,0.00571988,0.00616078,0.0206718,0.0130479,0.0137084,0.0185469,0.00743357,0.0256784,0.00944578,0,0,0,0,0,0
feb-18,0.007225,0.00857192,0.008175,0.0135804,0.008175,0,0,0.00117122,0,0.00301763,0,0,0,0,0,0.0408771,0.012791,0.00330676,0.0573312,0.000751008,0.00478547,0.00508526,0.0180724,0.0109046,0.0177317,0.0158687,0.00642508,0.0210281,0.00805764,0,0,0,0,0,0
mar-18,0.00609677,0.00774238,0.00681935,0.0122661,0.00681935,0,0,0.000943909,0,0.00246751,0,0,0,0,0,0.0316391,0.00990918,0.00246458,0.0413382,0.000518454,0.00380252,0.00318693,0.0143325,0.00717064,0.0218519,0.0123526,0.00425585,0.0123113,0.00506197,0,0,0,0,0,0
abr-18,0.0084,0.00800046,0.0107333,0.012675,0.0107333,0,0,0.00060782,0,0.00157439,0,0,0,0,0,0.0190089,0.00592862,0.00140573,0.0236001,0.0002974,0.00244571,0.00166093,0.00884595,0.00389123,0.0232816,0.00721429,0.00229645,0.00588307,0.00271416,0,0,0,0,0,0
may-18,0.00808387,0.00774238,0.0103871,0.0122661,0.0103871,0,0,0.000265636,0,0.000709842,0,0,0,0,0,0.00471398,0.00100523,0.000245083,0.00625666,0.000115265,0.00106495,0.000547111,0.00298236,0.00145453,0.0180516,0.00136195,0.000611399,0.00143564,0.000672948,0,0,0,0,0,0
jun-18,0.00828333,0.00800046,0.01057,0.012675,0.01057,0,0,0,0,0,0,0,0,0,0,0,0,0,0,0,0,0,0,0,0.0126225,0,0,0,0,0,0,0,0,0,0
jul-18,0.00794839,0.00774238,0.0100258,0.0122661,0.0100258,0,0,0,0,0,0,0,0,0,0,0,0,0,0,0,2.70827E-05,0,0,0,0.00678632,0,0,0,0,0,0,0,0,0,0
ago-18,0.00783548,0.00774238,0.00977742,0.0122661,0.00977742,0,0,0.000269134,0,0.000681802,0,0,0,0,0,0.00803947,0.00226681,0.000571627,0.00978883,0.000130878,0.00114663,0.000689045,0.00346057,0.00167577,0.00705777,0.00238281,0.000907314,0.00204199,0.00103823,0,0,0,0,0,0
sept-18,0.00800333,0.00800046,0.0098,0.012675,0.0098,0,0,0.000489676,0,0.0012618,0,0,0,0,0,0.0129013,0.00377411,0.000915562,0.0178566,0.000262412,0.00206689,0.00151703,0.00653381,0.00341054,0.00490877,0.00474823,0.00171135,0.00519689,0.00215928,0,0,0,0,0,0
oct-18,0.0075871,0.00774238,0.0092129,0.0122661,0.0092129,0,0,0.00081466,0,0.00213514,0,0,0,0,0,0.0216078,0.00607667,0.0015816,0.0327846,0.000496561,0.00347505,0.00320836,0.0111654,0.00707771,0.0051576,0.00833944,0.00350697,0.0126172,0.00456997,0,0,0,0,0,0
nov-18,0.00767667,0.00800046,0.00921667,0.012675,0.00921667,0,0,0.00114646,0,0.00300754,0,0,0,0,0,0.0371314,0.0110736,0.00296838,0.0547838,0.000758971,0.00502778,0.0051865,0.0171168,0.0111303,0.00659178,0.0143955,0.00608782,0.0214831,0.00776959,0,0,0,0,0,0
dic-18,0.00718065,0.00774238,0.00849032,0.0122661,0.00849032,0,0,0.00132253,0,0.00341946,0,0,0,0,0,0.0355157,0.0145009,0.00378666,0.0679508,0.000910017,0.00570644,0.00628765,0.0205581,0.0133881,0.00950084,0.0138344,0.00758733,0.0268583,0.00968754,0,0,0,0,0,0
ene-19,0.00684194,0.00774238,0.00799355,0.0122661,0.00799355,0,0,0.00132253,0,0.00347679,0,0,0,0,0,0.0214389,0.0146323,0.00380885,0.0606708,0.000902076,0.00550222,0.00616078,0.0206718,0.0130479,0.0137084,0.0108014,0.00743357,0.0256784,0.00944578,0,0,0,0,0,0
feb-19,0.007225,0.00857192,0.008175,0.0135804,0.008175,0,0,0.00118788,0,0.00306214,0,0,0,0,0,0.0115714,0.01287,0.00330481,0.0513609,0.000766686,0.0046579,0.00515969,0.0183298,0.0109908,0.0181825,0.00914392,0.00642508,0.0212033,0.00805764,0,0,0,0,0,0
mar-19,0.00609677,0.00774238,0.00681935,0.0122661,0.00681935,0,0,0.000936387,0,0.00244741,0,0,0,0,0,0.00236718,0.00990918,0.00246458,0.0409952,0.000518454,0.00377139,0.00315332,0.0142162,0.00709272,0.0218519,0.00744299,0.00425585,0.012153,0.00506197,0,0,0,0,0,0
abr-19,0.0084,0.00800046,0.0107333,0.012675,0.0107333,0,0,0.000600047,0,0.00155362,0,0,0,0,0,1.85396E-06,0.00585831,0.00138774,0.0232457,0.000287645,0.00241355,0.00162619,0.00872583,0.00381071,0.0201724,0.00619993,0.00224993,0.00571951,0.00265428,0,0,0,0,0,0
may-19,0.00808387,0.00774238,0.0103871,0.0122661,0.0103871,0,0,0.000137764,0,0.000368137,0,0,0,0,0,0,0,0,0,1.14182E-05,0.000473606,0,0.00100616,0.000441533,0.0150656,4.11162E-06,0.000161178,0,9.35172E-05,0,0,0,0,0,0
jun-19,0.00828333,0.00800046,0.01057,0.012675,0.01057,0,0,0,0,0,0,0,0,0,0,0,0,0,0,0,0,0,0,0,0.0120615,0,0,0,0,0,0,0,0,0,0
jul-19,0.00794839,0.00774238,0.0100258,0.0122661,0.0100258,0,0,0.000168115,0,0.000449242,0,0,0,0,0,0.00408783,0.00109851,0.000230521,0.00523545,8.50296E-05,0.000774045,0.00044603,0.00198998,0.000978598,0.00990802,0.00107647,0.000361349,0.00108139,0.000420745,0,0,0,0,0,0
ago-19,0.00783548,0.00774238,0.00977742,0.0122661,0.00977742,0,0,0.000314265,0,0.000802404,0,0,0,0,0,0.00635982,0.00267504,0.000676105,0.0118467,0.0001592,0.00133337,0.000890707,0.00415806,0.00206538,0.00787213,0.00290506,0.00113242,0.00299165,0.00132794,0,0,0,0,0,0
sept-19,0.00800333,0.00800046,0.0098,0.012675,0.0098,0,0,0.000481903,0,0.00124103,0,0,0,0,0,0.0121974,0.00349288,0.000843588,0.0171478,0.00024778,0.00200257,0.00144757,0.00641368,0.00333002,0.00448802,0.0046403,0.00171135,0.00519689,0.00215928,0,0,0,0,0,0
oct-19,0.0075871,0.00774238,0.0092129,0.0122661,0.0092129,0,0,0.000822182,0,0.00215524,0,0,0,0,0,0.0188712,0.00607667,0.0015816,0.0331276,0.000501281,0.00350618,0.00324197,0.0112817,0.00715563,0.00529333,0.00742621,0.003552,0.0127755,0.00462791,0,0,0,0,0,0
nov-19,0.00767667,0.00800046,0.00921667,0.012675,0.00921667,0,0,0.00114646,0,0.00300754,0,0,0,0,0,0.0133324,0.00861818,0.002213,0.0343929,0.000758971,0.00311908,0.00412319,0.0125969,0.0075454,0.00659178,0.00612306,0.00613434,0.0195476,0.00782946,0,0,0,0,0,0
dic-19,0.00718065,0.00774238,0.00849032,0.0122661,0.00849032,0,0,0.00133005,0,0.00343956,0,0,0,0,0,0.0109781,0.00891687,0.0022897,0.0355849,0.000914737,0.00322718,0.00426609,0.0130335,0.00780691,0.00963657,0.00633528,0.00758733,0.020225,0.00968754,0,0,0,0,0,0
ene-20,0.00684194,0.00774238,0.00799355,0.0122661,0.00799355,0,0,0.00133005,0,0.00349689,0,0,0,0,0,0.00936337,0.0100384,0.00257769,0.0400605,0.000906796,0.00363307,0.00480265,0.0146728,0.00878881,0.0138441,0.00713209,0.0074786,0.0227688,0.00950372,0,0,0,0,0,0
feb-20,0.00697586,0.00827634,0.0078931,0.0131121,0.0078931,0,0,0.00115496,0,0.00297803,0,0,0,0,0,0.00438178,0.00955172,0.00245272,0.0381184,0.000745294,0.00345694,0.00456982,0.0139614,0.00836273,0.0177006,0.00678632,0.00620353,0.0206414,0.00777979,0,0,0,0,0,0
mar-20,0.00609677,0.00774238,0.00681935,0.0122661,0.00681935,0,0,0.000943909,0,0.00246751,0,0,0,0,0,3.18662E-06,0.00788206,0.00202398,0.0314552,0.000523174,0.00285266,0.00318693,0.011521,0.00690091,0.0182191,0.00560006,0.00425585,0.0123113,0.00506197,0,0,0,0,0,0
abr-20,0.0084,0.00800046,0.0107333,0.012675,0.0107333,0,0,0.00060782,0,0.00157439,0,0,0,0,0,1.90089E-06,0.00585831,0.00138774,0.0236001,0.0002974,0.00244571,0.00166093,0.00884595,0.00389123,0.0169563,0.00521157,0.00229645,0.00588307,0.00271416,0,0,0,0,0,0
may-20,0.00808387,0.00774238,0.0103871,0.0122661,0.0103871,0,0,0.00028068,0,0.000750043,0,0,0,0,0,4.13451E-06,0.00100523,0.000245083,0.0069426,0.000124705,0.0011272,0.000614331,0.00321485,0.00176623,0.013871,0.00177975,0.000791487,0.00206874,0.00090472,0,0,0,0,0,0
jun-20,0.00828333,0.00800046,0.01057,0.012675,0.01057,0,0,0,0,0,0,0,0,0,0,0,0,0,0,0,0,0,0,0,0.00350626,0,0,0,0,0,0,0,0,0,0
jul-20,0.00794839,0.00774238,0.0100258,0.0122661,0.0100258,0,0,0,0,0,0,0,0,0,0,0,0,0,0,0,2.70827E-05,0,0,0,0.00705777,0,0,0,0,0,0,0,0,0,0
ago-20,0.00783548,0.00774238,0.00977742,0.0122661,0.00977742,0,0,0.00021648,0,0.0005411,0,0,0,0,0,0.00644991,0.00185858,0.000467149,0.00738804,9.78363E-05,0.00092877,0.000453773,0.00264684,0.00113031,0.00610769,0.00165167,0.000637182,0.000934055,0.000690571,0,0,0,0,0,0
sept-20,0.00800333,0.00800046,0.0098,0.012675,0.0098,0,0,0.000551857,0,0.00142796,0,0,0,0,0,0.0145439,0.00419594,0.00102352,0.0206918,0.000296556,0.00232418,0.00179488,0.00749478,0.0040547,0.00589052,0.00561168,0.00208354,0.00666886,0.00263828,0,0,0,0,0,0
oct-20,0.0075871,0.00774238,0.0092129,0.0122661,0.0092129,0,0,0.000844747,0,0.00221554,0,0,0,0,0,0.0225161,0.00628079,0.00163384,0.0341565,0.000515442,0.00359955,0.0033428,0.0116304,0.00746732,0.00570051,0.00886169,0.00373209,0.0134086,0.00485968,0,0,0,0,0,0
nov-20,0.00767667,0.00800046,0.00921667,0.012675,0.00921667,0,0,0.00113869,0,0.00298677,0,0,0,0,0,0.0295211,0.0110736,0.00296838,0.0544294,0.000754093,0.00499562,0.00515177,0.0169966,0.0110498,0.00645153,0.011055,0.00608782,0.0213196,0.00776959,0,0,0,0,0,0
dic-20,0.00718065,0.00774238,0.00849032,0.0122661,0.00849032,0,0,0.00133005,0,0.00343956,0,0,0,0,0,0.0195302,0.0126161,0.0032396,0.0503475,0.000914737,0.00456599,0.00603591,0.0184405,0.0110457,0.00963657,0.00896351,0.00758733,0.0268583,0.00968754,0,0,0,0,0,0
ene-21,0.00684194,0.00774238,0.00799355,0.0122661,0.00799355,0,0,0.00133005,0,0.00349689,0,0,0,0,0,0.013197,0.0116966,0.00300349,0.0466781,0.000906796,0.00423322,0.00559601,0.0170966,0.0102406,0.0138441,0.00831024,0.0074786,0.0258367,0.00950372,0,0,0,0,0,0
feb-21,0.007225,0.00857192,0.008175,0.0135804,0.008175,0,0,0.00118788,0,0.00306214,0,0,0,0,0,0.0154684,0.0129416,0.00334532,0.0580879,0.000766686,0.00485438,0.00515969,0.0183298,0.0109908,0.0181825,0.0103416,0.00642508,0.0213786,0.00805764,0,0,0,0,0,0
mar-21,0.00609677,0.00774238,0.00681935,0.0122661,0.00681935,0,0,0.000928865,0,0.00242731,0,0,0,0,0,0.0198308,0.00956899,0.00237752,0.0406523,0.000499573,0.00374027,0.00311971,0.0141,0.00709272,0.021309,0.0122481,0.00425585,0.012153,0.00506197,0,0,0,0,0,0
